x0,y0,x0,x1,y1,x1,x2,y2,x2,x3,y3,x3,x4,y4,x4,x5,y5,x5,x6,y6,x6,x7,y7,x7,x8,y8,x8,x9,y9,x9,x10,y10,x10,x11,y11,x11,x12,y12,x12,x13,y13,x13,x14,y14,x14,x15,y15,x15,x16,y16,x16,x17,y17,x17,x18,y18,x18,x19,y19,x19,x20,y20,x20,label
0.24222448468208313,0.8859168291091919,3.2457441534461395e-07,0.2785557210445404,0.8422097563743591,-0.0136316092684865,0.306324303150177,0.7795010209083557,-0.019132280722260475,0.32379552721977234,0.7371529340744019,-0.025585530325770378,0.33718544244766235,0.7031829357147217,-0.03237583860754967,0.270461767911911,0.7064886093139648,0.0018765778513625264,0.27980321645736694,0.6599723100662231,-0.013314046896994114,0.2927998900413513,0.6369434595108032,-0.029257263988256454,0.30517691373825073,0.622409999370575,-0.03981928899884224,0.24460609257221222,0.7075507640838623,-0.0024766959249973297,0.24868330359458923,0.6582439541816711,-0.019252048805356026,0.2664075791835785,0.6494391560554504,-0.03554172068834305,0.2862204611301422,0.6531510353088379,-0.045214030891656876,0.21452218294143677,0.7207967042922974,-0.010409707203507423,0.21580848097801208,0.6718101501464844,-0.02794262021780014,0.23243144154548645,0.6598129272460938,-0.03789754584431648,0.25142616033554077,0.6575559377670288,-0.04270656406879425,0.1816677749156952,0.7470744252204895,-0.019783129915595055,0.16897544264793396,0.7040937542915344,-0.034031566232442856,0.1632411926984787,0.6754669547080994,-0.0394318662583828,0.16113467514514923,0.652661144733429,-0.0420578308403492,hello
0.25324466824531555,0.9030697345733643,3.580689451609942e-07,0.2898416519165039,0.8653578758239746,-0.01688263937830925,0.3210662305355072,0.8017680644989014,-0.021667204797267914,0.3428708016872406,0.7591495513916016,-0.026059752330183983,0.357988178730011,0.723526656627655,-0.031292714178562164,0.28228795528411865,0.7275216579437256,-0.004004962742328644,0.2892448604106903,0.6758444905281067,-0.01711183786392212,0.2949889600276947,0.6432777047157288,-0.030074849724769592,0.2991868257522583,0.6178913116455078,-0.03941439464688301,0.253479540348053,0.7277870178222656,-0.006810886785387993,0.2568751275539398,0.6707047820091248,-0.019235925748944283,0.2593005895614624,0.6350786089897156,-0.03316524252295494,0.2617386281490326,0.6097586750984192,-0.04266083240509033,0.22352734208106995,0.7433105111122131,-0.013087616302073002,0.21999666094779968,0.6868758201599121,-0.028293918818235397,0.21950191259384155,0.6533067226409912,-0.03862801566720009,0.22094349563121796,0.6277567744255066,-0.04464859515428543,0.19217203557491302,0.7730448246002197,-0.02101958729326725,0.17843306064605713,0.7306376695632935,-0.03671928122639656,0.16957147419452667,0.6982468366622925,-0.043381817638874054,0.16352307796478271,0.6688920855522156,-0.046641718596220016,hello
0.25428247451782227,0.901324987411499,3.491443862913002e-07,0.2902315855026245,0.8583665490150452,-0.012466635555028915,0.3201078772544861,0.7934982180595398,-0.015396912582218647,0.33942699432373047,0.7525197863578796,-0.019122354686260223,0.3522355854511261,0.7222614884376526,-0.023580653592944145,0.27766117453575134,0.723461389541626,0.00356933637522161,0.28155744075775146,0.6784672141075134,-0.01004101987928152,0.29141080379486084,0.6563660502433777,-0.024708867073059082,0.30195027589797974,0.6418214440345764,-0.03473231568932533,0.24992798268795013,0.7239528894424438,-0.0008664941415190697,0.2511385381221771,0.6729329228401184,-0.012894713319838047,0.2600228190422058,0.6453027129173279,-0.02773696556687355,0.27252092957496643,0.626676082611084,-0.038117412477731705,0.22067682445049286,0.7379862070083618,-0.0091398349031806,0.21485528349876404,0.6834877133369446,-0.024000931531190872,0.21823912858963013,0.6510172486305237,-0.03692428395152092,0.22645145654678345,0.6259552240371704,-0.045227017253637314,0.19029954075813293,0.7663062810897827,-0.018863216042518616,0.17543531954288483,0.7239400744438171,-0.033849477767944336,0.16527214646339417,0.6912721395492554,-0.04237450659275055,0.15988118946552277,0.6608493328094482,-0.0477728471159935,hello
0.25380897521972656,0.9019864201545715,3.187178378993849e-07,0.2900382876396179,0.8605537414550781,-0.012940456159412861,0.3188183605670929,0.797503650188446,-0.015630362555384636,0.33585432171821594,0.7578256726264954,-0.019316738471388817,0.3488066792488098,0.7294215559959412,-0.02307051420211792,0.2738347053527832,0.7227516770362854,0.004509258083999157,0.2789982855319977,0.6775866150856018,-0.009871812537312508,0.29173582792282104,0.6620506644248962,-0.02508021891117096,0.30618736147880554,0.6561239361763,-0.03473012149333954,0.2467968910932541,0.7241610884666443,-0.00015786175208631903,0.24520733952522278,0.6699368357658386,-0.013245825655758381,0.2563823163509369,0.6432468891143799,-0.028492726385593414,0.2722611725330353,0.62716144323349,-0.038706663995981216,0.21817371249198914,0.7393808960914612,-0.00883779302239418,0.21444417536258698,0.6895949244499207,-0.025263691321015358,0.22906139492988586,0.6737002730369568,-0.03663930669426918,0.24755960702896118,0.6665365099906921,-0.04252903535962105,0.18890339136123657,0.7677059769630432,-0.01907605677843094,0.17348194122314453,0.7228326797485352,-0.03374287113547325,0.16599175333976746,0.688829779624939,-0.04045477509498596,0.1630810797214508,0.6597335934638977,-0.04413801059126854,hello
0.25371551513671875,0.9057990908622742,3.221139479592239e-07,0.2899439334869385,0.8610116839408875,-0.013568631373345852,0.31765615940093994,0.797171950340271,-0.016979951411485672,0.3359375596046448,0.7564859390258789,-0.021332809701561928,0.34998583793640137,0.7246813774108887,-0.02572174184024334,0.2752649784088135,0.7235992550849915,0.005470840726047754,0.2791469991207123,0.6803295016288757,-0.008914167061448097,0.29196271300315857,0.6646603345870972,-0.024761296808719635,0.3063510060310364,0.6569048166275024,-0.035198554396629333,0.24828004837036133,0.7246620059013367,0.0015643788501620293,0.24740909039974213,0.6756327748298645,-0.012203932739794254,0.2610276937484741,0.6587859392166138,-0.027937937527894974,0.2785836160182953,0.6525499820709229,-0.03820117935538292,0.21908274292945862,0.7390775680541992,-0.006424452178180218,0.21410630643367767,0.6896671652793884,-0.02248474955558777,0.22450648248195648,0.6690550446510315,-0.034397341310977936,0.2389952689409256,0.6569530367851257,-0.04097871482372284,0.1890084147453308,0.767206072807312,-0.01604478433728218,0.174149751663208,0.7229922413825989,-0.030300231650471687,0.166298508644104,0.6892372965812683,-0.03741108626127243,0.16275644302368164,0.659989058971405,-0.04147505760192871,hello
0.24995042383670807,0.9120426774024963,2.8283852770982776e-07,0.2892540395259857,0.8692242503166199,-0.016469426453113556,0.3202611207962036,0.8065327405929565,-0.021269740536808968,0.34278225898742676,0.7625697255134583,-0.026109246537089348,0.3598838448524475,0.727977454662323,-0.03132973611354828,0.2788419723510742,0.7329889535903931,-0.00039282874786294997,0.2828851640224457,0.6841144561767578,-0.015550564043223858,0.2914961278438568,0.6639370322227478,-0.03040027618408203,0.30056893825531006,0.6525973677635193,-0.04055618867278099,0.24965718388557434,0.732434093952179,-0.003055957378819585,0.24987848103046417,0.6812321543693542,-0.017745988443493843,0.2602134644985199,0.660711944103241,-0.03370949998497963,0.2733076214790344,0.6504978537559509,-0.04478908330202103,0.217754065990448,0.7460828423500061,-0.009788554161787033,0.21511632204055786,0.6949657797813416,-0.028605494648218155,0.22239656746387482,0.6732239127159119,-0.04205866530537605,0.23300662636756897,0.6581692695617676,-0.050085168331861496,0.18577122688293457,0.7731795907020569,-0.017913438379764557,0.1725691556930542,0.7343874573707581,-0.03612392768263817,0.16659295558929443,0.7045796513557434,-0.0454619899392128,0.16414903104305267,0.6769046783447266,-0.05107921361923218,hello
0.24339154362678528,0.9082687497138977,3.1239068221111665e-07,0.2781437337398529,0.8583264946937561,-0.009868491441011429,0.30224698781967163,0.7948229908943176,-0.011922131292521954,0.31778210401535034,0.7537209987640381,-0.015193396247923374,0.32804739475250244,0.719727098941803,-0.019245825707912445,0.2679665684700012,0.738086998462677,0.004479916300624609,0.27835792303085327,0.6916912794113159,-0.008287156000733376,0.286376416683197,0.6618227958679199,-0.02198580838739872,0.29311829805374146,0.6374709606170654,-0.0319502130150795,0.24365375936031342,0.7368770241737366,-0.001155904377810657,0.2513812780380249,0.6873975992202759,-0.014748664572834969,0.26263225078582764,0.662493109703064,-0.030192861333489418,0.2752765119075775,0.6466204524040222,-0.04086912423372269,0.21538297832012177,0.7471917271614075,-0.010128551162779331,0.21683421730995178,0.6963590383529663,-0.026099881157279015,0.22592726349830627,0.6710256338119507,-0.03858395293354988,0.23672300577163696,0.6528893709182739,-0.04636624455451965,0.18420067429542542,0.7699338793754578,-0.02014891803264618,0.16954217851161957,0.7289369702339172,-0.03523414209485054,0.1609644591808319,0.6962665915489197,-0.04335642606019974,0.15609660744667053,0.665971577167511,-0.048621244728565216,hello
0.25035080313682556,0.902536153793335,2.523040336654958e-07,0.28552553057670593,0.8575491905212402,-0.00998084805905819,0.31402164697647095,0.7938921451568604,-0.012406560592353344,0.3298918306827545,0.7563949227333069,-0.016265738755464554,0.33902567625045776,0.7282381653785706,-0.02060576155781746,0.27459293603897095,0.726979672908783,0.0017021138919517398,0.28179314732551575,0.6782203912734985,-0.015367629937827587,0.2897395193576813,0.6690747737884521,-0.030955318361520767,0.29552310705184937,0.6753041744232178,-0.03998139873147011,0.24680238962173462,0.7273697853088379,-0.0036753229796886444,0.250354528427124,0.6753783226013184,-0.01886809803545475,0.2607274651527405,0.6623960733413696,-0.03334427624940872,0.2722684144973755,0.6652347445487976,-0.04180137440562248,0.2167491763830185,0.741416335105896,-0.012782653793692589,0.210860013961792,0.6830114126205444,-0.028287390246987343,0.21286541223526,0.6516104340553284,-0.0406128466129303,0.2191632091999054,0.6311162114143372,-0.04783296585083008,0.18533524870872498,0.7699975967407227,-0.02300831861793995,0.17016880214214325,0.725774347782135,-0.03672346845269203,0.15996284782886505,0.6927854418754578,-0.04439624026417732,0.15437111258506775,0.6635376214981079,-0.04895910993218422,hello
0.24799257516860962,0.9106568098068237,3.2900805990720983e-07,0.28343021869659424,0.865326464176178,-0.011630693450570107,0.3122439384460449,0.8051396608352661,-0.015441132709383965,0.333223432302475,0.7673034071922302,-0.0205173809081316,0.34888964891433716,0.7375637888908386,-0.02622305601835251,0.2732832133769989,0.7302378416061401,0.0034188975114375353,0.2822866439819336,0.6831028461456299,-0.012629248201847076,0.2948543131351471,0.6670043468475342,-0.028436852619051933,0.306368887424469,0.6629915833473206,-0.03846630081534386,0.24642783403396606,0.7296626567840576,-0.0018816585652530193,0.25007352232933044,0.6784980297088623,-0.01743275672197342,0.2635137438774109,0.6623320579528809,-0.03378954902291298,0.2778175175189972,0.6612896919250488,-0.043886665254831314,0.2165547013282776,0.7422234416007996,-0.010976696386933327,0.2116362452507019,0.6845817565917969,-0.027921320870518684,0.2167474925518036,0.6525365710258484,-0.041758060455322266,0.22554881870746613,0.6312744617462158,-0.04991542547941208,0.18556447327136993,0.7698866724967957,-0.021246647462248802,0.16957759857177734,0.7260470390319824,-0.03699115663766861,0.15943974256515503,0.6919097304344177,-0.04580551013350487,0.15351103246212006,0.6612700819969177,-0.050990935415029526,hello
0.2468329519033432,0.9052994847297668,2.912139223099075e-07,0.28183966875076294,0.8613987565040588,-0.012332630343735218,0.30922138690948486,0.8013829588890076,-0.01635119877755642,0.3264774680137634,0.7639337778091431,-0.02100171335041523,0.33731257915496826,0.7333934307098389,-0.026349710300564766,0.27141958475112915,0.7333397269248962,0.0001601990807102993,0.278129905462265,0.6852973699569702,-0.015141742303967476,0.28292715549468994,0.661103367805481,-0.03018994815647602,0.2866741716861725,0.6476229429244995,-0.04022885113954544,0.24489763379096985,0.7339053750038147,-0.004644892644137144,0.2505376935005188,0.6814010739326477,-0.018914032727479935,0.2572277784347534,0.6575868725776672,-0.034462060779333115,0.2650190591812134,0.6460286378860474,-0.044929757714271545,0.21603825688362122,0.7474357485771179,-0.0129809295758605,0.21374469995498657,0.6930882334709167,-0.0286045353859663,0.21699431538581848,0.6614417433738708,-0.04185047373175621,0.2235107272863388,0.6383039355278015,-0.05046520754694939,0.18576550483703613,0.7742100358009338,-0.02253039740025997,0.17178839445114136,0.7352961897850037,-0.037398602813482285,0.16403301060199738,0.7050198912620544,-0.04573940113186836,0.1603158712387085,0.677083432674408,-0.051136650145053864,hello
0.23568914830684662,0.9088514447212219,2.9212543495305e-07,0.26827526092529297,0.8665744066238403,-0.007154064252972603,0.29325783252716064,0.8100257515907288,-0.008702857419848442,0.31055352091789246,0.7705614566802979,-0.01170259341597557,0.3235768675804138,0.7365225553512573,-0.015450970269739628,0.26211926341056824,0.7488666772842407,0.004846613388508558,0.27375444769859314,0.7039785981178284,-0.006794029381126165,0.2829010784626007,0.6753607988357544,-0.018993357196450233,0.29030928015708923,0.6515263915061951,-0.028040997684001923,0.23966814577579498,0.7445809245109558,-0.0017352497670799494,0.25078797340393066,0.6960172057151794,-0.013598749414086342,0.26225438714027405,0.6672401428222656,-0.02676471509039402,0.27418434619903564,0.6453725099563599,-0.036158133298158646,0.21316170692443848,0.7520453929901123,-0.011379380710422993,0.2158675640821457,0.700681746006012,-0.027022259309887886,0.22410979866981506,0.6732794642448425,-0.038858216255903244,0.23360927402973175,0.6534487009048462,-0.045971792191267014,0.18380974233150482,0.7721954584121704,-0.021660426631569862,0.16880646347999573,0.728725016117096,-0.037738487124443054,0.1582130491733551,0.6945979595184326,-0.04608909413218498,0.15112005174160004,0.6643833518028259,-0.05111639201641083,hello
0.24799787998199463,0.8877445459365845,1.8536731261065142e-07,0.28569114208221436,0.839189350605011,-0.012775440700352192,0.3164599537849426,0.7702829241752625,-0.016637127846479416,0.337544709444046,0.7262135148048401,-0.021914277225732803,0.35169050097465515,0.6903920769691467,-0.02737126313149929,0.2745330333709717,0.6970708966255188,0.003076579887419939,0.27747073769569397,0.6443732976913452,-0.014998402446508408,0.2873350977897644,0.6346164345741272,-0.032759889960289,0.2958621084690094,0.6382154226303101,-0.04300333186984062,0.24789951741695404,0.7010629773139954,-0.0017568606417626143,0.2492527812719345,0.6444051265716553,-0.018469305709004402,0.2620187997817993,0.6353821158409119,-0.035420533269643784,0.27635136246681213,0.6432849764823914,-0.04524372145533562,0.21787956357002258,0.7176565527915955,-0.01051011960953474,0.21770718693733215,0.6641527414321899,-0.027534132823348045,0.23188644647598267,0.6545639038085938,-0.03867408260703087,0.2483280748128891,0.6569146513938904,-0.04404287785291672,0.1850464642047882,0.7471823692321777,-0.020786544308066368,0.1724415421485901,0.7021276354789734,-0.034797802567481995,0.16832047700881958,0.6726816296577454,-0.04072575643658638,0.16796356439590454,0.6488487720489502,-0.04347190260887146,hello
0.24538664519786835,0.9071791172027588,3.550101723703847e-07,0.27881544828414917,0.8631914258003235,-0.012723592109978199,0.3011198043823242,0.8025823831558228,-0.017443472519516945,0.3120957016944885,0.7605708241462708,-0.022829661145806313,0.322335422039032,0.7268399000167847,-0.028964653611183167,0.2676698863506317,0.7379831671714783,-0.0011967695318162441,0.2759857475757599,0.689092218875885,-0.016244951635599136,0.2885812222957611,0.6580629348754883,-0.030807478353381157,0.30115312337875366,0.6369251012802124,-0.040628038346767426,0.24273458123207092,0.737492024898529,-0.005621957127004862,0.24932017922401428,0.6864762306213379,-0.02184501476585865,0.26836246252059937,0.6718013882637024,-0.03674145042896271,0.28905823826789856,0.6702173352241516,-0.045886289328336716,0.21414902806282043,0.7493080496788025,-0.013433454558253288,0.21458078920841217,0.6983141303062439,-0.03105797804892063,0.2301647812128067,0.6789164543151855,-0.04202789440751076,0.24841593205928802,0.6694695353507996,-0.04781520366668701,0.18279176950454712,0.7736954092979431,-0.022452980279922485,0.16881322860717773,0.7303934097290039,-0.03815371170639992,0.16415077447891235,0.699167788028717,-0.04548865929245949,0.1631660759449005,0.6736673712730408,-0.049599822610616684,hello
0.24784810841083527,0.9062055349349976,2.627220112572104e-07,0.28402164578437805,0.8612614870071411,-0.012635979801416397,0.31320106983184814,0.7972732782363892,-0.015851644799113274,0.33114495873451233,0.7573320865631104,-0.020068448036909103,0.34250468015670776,0.7286820411682129,-0.024501724168658257,0.27187472581863403,0.7279028296470642,0.001081296126358211,0.27472376823425293,0.6801486015319824,-0.0146716283634305,0.2879623472690582,0.6698839664459229,-0.03001416102051735,0.3010139763355255,0.6728410720825195,-0.03925374150276184,0.24465833604335785,0.7296745777130127,-0.002979452023282647,0.2441902607679367,0.679417073726654,-0.017808416858315468,0.26091426610946655,0.6702409982681274,-0.03272382542490959,0.27993014454841614,0.675203800201416,-0.04193384572863579,0.21487578749656677,0.7442664504051208,-0.01076853834092617,0.21100258827209473,0.6944035291671753,-0.026893258094787598,0.22514377534389496,0.6812810301780701,-0.03807223588228226,0.24263210594654083,0.6781571507453918,-0.04412289708852768,0.18393905460834503,0.7716220021247864,-0.019983632490038872,0.16920223832130432,0.729547381401062,-0.03402179107069969,0.16256418824195862,0.6994836330413818,-0.04078545793890953,0.16035133600234985,0.6747539043426514,-0.044615890830755234,hello
0.2480441778898239,0.9065600633621216,2.8584960887201305e-07,0.28346046805381775,0.8615592122077942,-0.012661278247833252,0.3124738931655884,0.7968404293060303,-0.01556809339672327,0.33011525869369507,0.7565246224403381,-0.019288796931505203,0.34163546562194824,0.7274170517921448,-0.02339153178036213,0.27168405055999756,0.7279391288757324,0.0016421587206423283,0.2750777006149292,0.6815699338912964,-0.01299351453781128,0.28628408908843994,0.6659237742424011,-0.02796187251806259,0.2975500226020813,0.6606625914573669,-0.03747666999697685,0.2446676790714264,0.7294896841049194,-0.002334513468667865,0.24647262692451477,0.6808258295059204,-0.015846306458115578,0.2617860734462738,0.6665153503417969,-0.030248183757066727,0.2796214818954468,0.6641132235527039,-0.03960046544671059,0.21498891711235046,0.7440074682235718,-0.010105381719768047,0.2120620757341385,0.6951283812522888,-0.025589261204004288,0.2245204597711563,0.6767988204956055,-0.03705792501568794,0.24026596546173096,0.6666426062583923,-0.043728236109018326,0.18392562866210938,0.7712854743003845,-0.0192911084741354,0.1689050793647766,0.7288599014282227,-0.03335145115852356,0.16139006614685059,0.6978602409362793,-0.04036327823996544,0.15832030773162842,0.6708345413208008,-0.04458886384963989,hello
0.24821175634860992,0.9054970145225525,3.2846429576238734e-07,0.2831348776817322,0.8631381988525391,-0.016796156764030457,0.31341126561164856,0.7969928979873657,-0.021512119099497795,0.33244651556015015,0.7525309324264526,-0.025892887264490128,0.3463705778121948,0.7175983786582947,-0.030889147892594337,0.2738938629627228,0.728779137134552,-0.004955949727445841,0.2785454988479614,0.6763894557952881,-0.018760038539767265,0.2846739888191223,0.642113208770752,-0.031814735382795334,0.290993869304657,0.6168808937072754,-0.04126041755080223,0.24657340347766876,0.7301639318466187,-0.008238300681114197,0.251315176486969,0.6798214912414551,-0.02555316686630249,0.2653086185455322,0.6670258641242981,-0.04114016890525818,0.28101426362991333,0.6672031879425049,-0.05074617639183998,0.21605078876018524,0.7447285056114197,-0.015153234824538231,0.2125757336616516,0.6935316920280457,-0.03474791347980499,0.22287213802337646,0.6716516017913818,-0.048163916915655136,0.23689456284046173,0.6594394445419312,-0.05577007308602333,0.18329699337482452,0.7716236114501953,-0.023507216945290565,0.16653212904930115,0.7239014506340027,-0.041336990892887115,0.1580275595188141,0.6876976490020752,-0.05108882486820221,0.1534292995929718,0.6564424633979797,-0.05731287598609924,hello
0.24397756159305573,0.9036716222763062,3.5880066207027994e-07,0.2763656675815582,0.8597567677497864,-0.01149329449981451,0.29892370104789734,0.7964011430740356,-0.015026879496872425,0.3103156089782715,0.755146324634552,-0.019268274307250977,0.3191218972206116,0.7220001816749573,-0.024669209495186806,0.2665051519870758,0.7345725893974304,-0.0006969633977860212,0.2745892107486725,0.6863724589347839,-0.013677683658897877,0.28234976530075073,0.6542283296585083,-0.026578037068247795,0.289191871881485,0.6293603777885437,-0.03629607334733009,0.2424420416355133,0.7340174317359924,-0.005886061582714319,0.25156834721565247,0.6827504634857178,-0.020423244684934616,0.2667867839336395,0.6634889841079712,-0.03463378921151161,0.28225353360176086,0.6569816470146179,-0.04385485127568245,0.2149651050567627,0.7471867799758911,-0.014237097464501858,0.2157147228717804,0.6927565932273865,-0.03077669069170952,0.2245297133922577,0.6658089756965637,-0.04258877411484718,0.23480093479156494,0.647606372833252,-0.049566976726055145,0.18485772609710693,0.7739466428756714,-0.02358172833919525,0.1704941689968109,0.7308683395385742,-0.0401923805475235,0.16284605860710144,0.6982851624488831,-0.04877547547221184,0.15780645608901978,0.6697273254394531,-0.053866710513830185,hello
0.24383443593978882,0.9101318120956421,3.6766911648555833e-07,0.2801657021045685,0.8662217855453491,-0.010375584475696087,0.3076689839363098,0.8040580153465271,-0.011348843574523926,0.32366129755973816,0.7653400897979736,-0.01322841364890337,0.3349306583404541,0.7368478775024414,-0.015986867249011993,0.2739783823490143,0.7376549243927002,0.004234381020069122,0.28463873267173767,0.6887617111206055,-0.007093979045748711,0.29492345452308655,0.6580272912979126,-0.019135434180498123,0.3041818141937256,0.6341042518615723,-0.027881376445293427,0.24748459458351135,0.7349650859832764,-0.0009870746871456504,0.2562350332736969,0.6838242411613464,-0.013554763048887253,0.26829880475997925,0.655204176902771,-0.027323013171553612,0.2822290062904358,0.635482907295227,-0.03640356659889221,0.2171345353126526,0.7467638254165649,-0.009710634127259254,0.2173849493265152,0.6951596140861511,-0.02614438347518444,0.22724860906600952,0.6696959137916565,-0.038609668612480164,0.23952430486679077,0.6504583358764648,-0.045593101531267166,0.18353715538978577,0.7726607322692871,-0.0193922221660614,0.16894665360450745,0.727658212184906,-0.035634223371744156,0.1595887392759323,0.6930919885635376,-0.04410072788596153,0.1540849655866623,0.6612957715988159,-0.049068715423345566,hello
0.24190197885036469,0.9103965759277344,3.444344827130408e-07,0.2766108810901642,0.8654859066009521,-0.00987365934997797,0.30121874809265137,0.8003051280975342,-0.010858512483537197,0.3136884570121765,0.7586154341697693,-0.012928351759910583,0.3225846290588379,0.725448727607727,-0.015775375068187714,0.2675645351409912,0.7392756938934326,0.006020129658281803,0.2779809832572937,0.6950802803039551,-0.005728206131607294,0.288501501083374,0.6681392788887024,-0.018580066040158272,0.29823368787765503,0.648665189743042,-0.02778160572052002,0.242569237947464,0.7378193140029907,0.0012012135703116655,0.2516283392906189,0.6894997954368591,-0.01125827431678772,0.2655077576637268,0.6698635816574097,-0.025078415870666504,0.2808067500591278,0.6614364981651306,-0.03409883752465248,0.21427932381629944,0.7489840388298035,-0.00712832435965538,0.21477636694908142,0.6970373392105103,-0.022221814841032028,0.2230626344680786,0.6693270802497864,-0.03417408838868141,0.23358789086341858,0.64985591173172,-0.04123040288686752,0.18298184871673584,0.7729665637016296,-0.01646750420331955,0.16923019289970398,0.7297357320785522,-0.03152602165937424,0.16144144535064697,0.695726215839386,-0.03976239264011383,0.15722009539604187,0.6650143265724182,-0.04468400403857231,hello
0.24225269258022308,0.9043524265289307,3.663387815322494e-07,0.2749626040458679,0.8577746748924255,-0.009980225004255772,0.29726120829582214,0.7933306694030762,-0.011980298906564713,0.3090554475784302,0.7508679628372192,-0.014917793683707714,0.3186436593532562,0.7155031561851501,-0.018975168466567993,0.268159419298172,0.73576819896698,0.0022702158894389868,0.27972298860549927,0.6899313926696777,-0.010531038045883179,0.29015159606933594,0.6589415669441223,-0.023706024512648582,0.29933586716651917,0.6346109509468079,-0.0331842415034771,0.24322237074375153,0.7337668538093567,-0.0024901500437408686,0.25201207399368286,0.6855758428573608,-0.014519247226417065,0.2647077739238739,0.6617939472198486,-0.027379708364605904,0.27878424525260925,0.6479854583740234,-0.03615845367312431,0.21496176719665527,0.7455509901046753,-0.010496214032173157,0.21441468596458435,0.692840039730072,-0.024710839614272118,0.22042137384414673,0.6616763472557068,-0.0351228229701519,0.22884349524974823,0.6382843852043152,-0.04160185530781746,0.18374420702457428,0.7711383700370789,-0.019569071009755135,0.1709599494934082,0.7306954264640808,-0.03421429172158241,0.16341239213943481,0.6990006566047668,-0.04136556014418602,0.15903612971305847,0.6704260110855103,-0.04548561945557594,hello
0.24862340092658997,0.9033719301223755,4.3346034317437443e-07,0.2812820076942444,0.8599647283554077,-0.014819185249507427,0.3056420087814331,0.8008672595024109,-0.020672230049967766,0.3234228193759918,0.760627806186676,-0.027350924909114838,0.3379596173763275,0.7271789908409119,-0.03439970314502716,0.2692168951034546,0.7254456877708435,0.0006661436636932194,0.27738410234451294,0.6777135133743286,-0.01383151300251484,0.28458893299102783,0.6431992053985596,-0.028099697083234787,0.2910037338733673,0.61612468957901,-0.03772134706377983,0.24181827902793884,0.7219862937927246,-0.0036124344915151596,0.24628238379955292,0.6646154522895813,-0.014652291312813759,0.25036075711250305,0.6220493316650391,-0.026249347254633904,0.25693535804748535,0.5870754718780518,-0.034356992691755295,0.21341100335121155,0.7335488796234131,-0.012028714641928673,0.20722469687461853,0.6746287941932678,-0.026802269741892815,0.20692069828510284,0.6370502710342407,-0.036286357790231705,0.2100146859884262,0.6083201766014099,-0.041690606623888016,0.18337589502334595,0.7611486315727234,-0.022383203729987144,0.16607022285461426,0.7146500945091248,-0.038315750658512115,0.15340521931648254,0.67911696434021,-0.04525371268391609,0.14459025859832764,0.6478198170661926,-0.048643559217453,hello
0.25009065866470337,0.8998807072639465,3.0507612791552674e-07,0.28411558270454407,0.8569313287734985,-0.012935902923345566,0.3123938739299774,0.7947649359703064,-0.01784484274685383,0.33155539631843567,0.7547619938850403,-0.023717807605862617,0.3480372726917267,0.725009560585022,-0.03007415309548378,0.2701171934604645,0.7253172993659973,-0.0004477459006011486,0.2747002840042114,0.6797714829444885,-0.015856057405471802,0.2848156690597534,0.6564411520957947,-0.03094593621790409,0.29544562101364136,0.6426293849945068,-0.04093240574002266,0.24374352395534515,0.7276551723480225,-0.005250677932053804,0.2462572157382965,0.6792446970939636,-0.021931743249297142,0.26382502913475037,0.6661350727081299,-0.03673156723380089,0.2835773229598999,0.6656175255775452,-0.04549330845475197,0.21498006582260132,0.7424458861351013,-0.01353724766522646,0.21147537231445312,0.6929113268852234,-0.03196989372372627,0.2274695485830307,0.6791754961013794,-0.0421409048140049,0.24658241868019104,0.6740884780883789,-0.046855464577674866,0.18531644344329834,0.7699248790740967,-0.023238522931933403,0.1683996170759201,0.7262954711914062,-0.039308253675699234,0.16214148700237274,0.6947062611579895,-0.04625392332673073,0.16002988815307617,0.668422520160675,-0.04978613182902336,hello
0.24758051335811615,0.8974528312683105,2.1609189104765392e-07,0.2861301600933075,0.8468335270881653,-0.011245236732065678,0.31519991159439087,0.7794892191886902,-0.014073463156819344,0.33432361483573914,0.7337276935577393,-0.018972832709550858,0.3471595048904419,0.6969791650772095,-0.02422063797712326,0.27210018038749695,0.7053934931755066,0.007990571670234203,0.27538570761680603,0.6533169150352478,-0.009945493191480637,0.2911771237850189,0.647206723690033,-0.028403265401721,0.3065760135650635,0.6592535972595215,-0.03882552310824394,0.24602004885673523,0.7074800133705139,0.0028192298486828804,0.24710814654827118,0.6519383192062378,-0.013995515182614326,0.2624908983707428,0.6452050805091858,-0.031826093792915344,0.27946680784225464,0.6588838696479797,-0.04163986071944237,0.21604058146476746,0.7210294008255005,-0.00648325914517045,0.21429863572120667,0.6642751693725586,-0.022145118564367294,0.22591781616210938,0.6466955542564392,-0.033873070031404495,0.24097153544425964,0.6439637541770935,-0.03971172496676445,0.1827690601348877,0.7487853765487671,-0.017373649403452873,0.16701056063175201,0.7026321887969971,-0.029769904911518097,0.16000187397003174,0.6699067950248718,-0.03557317703962326,0.15768402814865112,0.6450114250183105,-0.03820715472102165,hello
0.24874897301197052,0.9065287709236145,2.6069417913276993e-07,0.2845727205276489,0.8608011603355408,-0.012145266868174076,0.3122016489505768,0.7990875840187073,-0.01694898121058941,0.33072996139526367,0.759280800819397,-0.02299945056438446,0.34609857201576233,0.7307052612304688,-0.02880394458770752,0.2694331407546997,0.7246874570846558,0.002872623736038804,0.27428990602493286,0.6798379421234131,-0.013264359906315804,0.2896960973739624,0.6667224168777466,-0.029815558344125748,0.30486607551574707,0.6636615991592407,-0.040256649255752563,0.24442513287067413,0.7254881858825684,-0.002169818850234151,0.2485751062631607,0.6785553693771362,-0.01915990747511387,0.2699570655822754,0.6714993715286255,-0.03517438471317291,0.2924191951751709,0.6765781044960022,-0.04459309205412865,0.21569180488586426,0.7378609776496887,-0.01098802499473095,0.21391376852989197,0.686859667301178,-0.030018161982297897,0.23312729597091675,0.6726964712142944,-0.04192947968840599,0.25446048378944397,0.6683049201965332,-0.047559235244989395,0.185825914144516,0.7630093693733215,-0.02110094018280506,0.16511929035186768,0.7130005955696106,-0.03718329221010208,0.1523037850856781,0.6734134554862976,-0.04502688720822334,0.14336365461349487,0.6402042508125305,-0.04930473864078522,hello
0.2485201358795166,0.9075449109077454,2.71822131026056e-07,0.28489425778388977,0.8615955114364624,-0.012667832896113396,0.31246820092201233,0.7986971139907837,-0.017175642773509026,0.3308866620063782,0.7574992179870605,-0.022765588015317917,0.3461235463619232,0.7277330160140991,-0.02819330058991909,0.26897740364074707,0.7249221801757812,0.002984974766150117,0.27282285690307617,0.6792910695075989,-0.011981261894106865,0.2856772840023041,0.6600416898727417,-0.02765977755188942,0.29876524209976196,0.6495457887649536,-0.037943143397569656,0.24370692670345306,0.7259311676025391,-0.001692347228527069,0.24672134220600128,0.6793588399887085,-0.018224766477942467,0.2673698663711548,0.6706878542900085,-0.033933259546756744,0.28975048661231995,0.673107385635376,-0.043340034782886505,0.21482521295547485,0.738662838935852,-0.010112879797816277,0.2121547907590866,0.6882597208023071,-0.029445188120007515,0.23215535283088684,0.6758937239646912,-0.0410815067589283,0.25434640049934387,0.6724493503570557,-0.04651907458901405,0.18495801091194153,0.7639830112457275,-0.019838133826851845,0.16442252695560455,0.7140170335769653,-0.03645696863532066,0.15230947732925415,0.6747065186500549,-0.044472601264715195,0.14405305683612823,0.6415923833847046,-0.04888089746236801,hello
0.24797070026397705,0.9071078300476074,2.869853688025614e-07,0.2839619219303131,0.8642787933349609,-0.013399804010987282,0.3112943172454834,0.8045777678489685,-0.019072918221354485,0.3297942280769348,0.7657900452613831,-0.02563970349729061,0.34590649604797363,0.7362884879112244,-0.032141171395778656,0.27011027932167053,0.7264895439147949,0.0015840432606637478,0.2752169966697693,0.680401086807251,-0.01267306786030531,0.28572455048561096,0.6564396619796753,-0.027949491515755653,0.2954871952533722,0.6398359537124634,-0.03863050788640976,0.24479801952838898,0.7266900539398193,-0.0028753781225532293,0.2500382661819458,0.6797982454299927,-0.019830042496323586,0.2711077332496643,0.672698974609375,-0.035576656460762024,0.2924557328224182,0.6768704652786255,-0.04490480571985245,0.2157861590385437,0.7391886711120605,-0.010859017260372639,0.21337352693080902,0.6868790984153748,-0.029626652598381042,0.23014765977859497,0.67036372423172,-0.04126962274312973,0.2489060014486313,0.6627546548843384,-0.04709209129214287,0.18589693307876587,0.764911949634552,-0.0201948881149292,0.1660003960132599,0.7168961763381958,-0.03658554330468178,0.15421664714813232,0.6795816421508789,-0.04459543526172638,0.145660862326622,0.648192286491394,-0.049087367951869965,hello
0.25008463859558105,0.9041734933853149,3.743199954442389e-07,0.2861897945404053,0.8586417436599731,-0.01328403688967228,0.312334269285202,0.7979204654693604,-0.017436688765883446,0.329122394323349,0.759212076663971,-0.022404294461011887,0.3417429029941559,0.728173553943634,-0.028430474922060966,0.2735496461391449,0.7290465831756592,0.001583860837854445,0.27989792823791504,0.680240273475647,-0.011775431223213673,0.28581488132476807,0.6481048464775085,-0.026123549789190292,0.29155606031417847,0.6228167414665222,-0.036461636424064636,0.2458166629076004,0.7287784814834595,-0.0029603184666484594,0.24926088750362396,0.675588846206665,-0.015719667077064514,0.25843554735183716,0.6417439579963684,-0.030863940715789795,0.2705676853656769,0.6169393062591553,-0.04175472632050514,0.2159671187400818,0.7429869174957275,-0.01115991361439228,0.21417422592639923,0.6912383437156677,-0.02671840973198414,0.22358733415603638,0.6655962467193604,-0.03871409595012665,0.23553623259067535,0.6472901701927185,-0.04622376337647438,0.18488967418670654,0.7717850208282471,-0.020831577479839325,0.17243748903274536,0.7317901253700256,-0.03622673079371452,0.1657261997461319,0.7017463445663452,-0.043872054666280746,0.1624540388584137,0.6746962070465088,-0.04858250543475151,hello
0.24921561777591705,0.9031414985656738,3.60363515028439e-07,0.2868596911430359,0.8613148331642151,-0.014294289983808994,0.3171240985393524,0.799870491027832,-0.018768779933452606,0.3380852937698364,0.7608430981636047,-0.02394953928887844,0.35380858182907104,0.7308753728866577,-0.030158869922161102,0.27572101354599,0.7287756204605103,0.0001035088425851427,0.2816522419452667,0.6792374849319458,-0.012892213650047779,0.28846749663352966,0.648745596408844,-0.026790354400873184,0.29550865292549133,0.625204861164093,-0.03698104992508888,0.24791496992111206,0.7292092442512512,-0.0040877340361475945,0.25079554319381714,0.6768317222595215,-0.017275815829634666,0.2631177604198456,0.6502860188484192,-0.03226754441857338,0.2784867286682129,0.6344516277313232,-0.042903538793325424,0.2175186723470688,0.7439401745796204,-0.011881991289556026,0.21628770232200623,0.6934045553207397,-0.027968980371952057,0.22894857823848724,0.675236701965332,-0.0391944982111454,0.2443351000547409,0.6649181246757507,-0.046039532870054245,0.18613651394844055,0.7724186182022095,-0.02120833285152912,0.17321337759494781,0.7332354187965393,-0.03687349334359169,0.16688506305217743,0.7043986320495605,-0.04432899132370949,0.16396209597587585,0.6790531873703003,-0.048955466598272324,hello
0.2503523826599121,0.8986310362815857,3.466444695732207e-07,0.2870404124259949,0.8562062382698059,-0.01369065698236227,0.3178071081638336,0.7932931780815125,-0.017632922157645226,0.33703309297561646,0.7547402381896973,-0.022361863404512405,0.3511177599430084,0.7265975475311279,-0.027863038703799248,0.27872979640960693,0.7220514416694641,0.0008769239066168666,0.2861488163471222,0.6772486567497253,-0.013405581004917622,0.299150288105011,0.6557901501655579,-0.028436848893761635,0.3118554651737213,0.6433151364326477,-0.038564249873161316,0.2505060136318207,0.7228072881698608,-0.0031354157254099846,0.25365158915519714,0.6746125221252441,-0.01791808381676674,0.2703530788421631,0.6620259881019592,-0.033206820487976074,0.2892710268497467,0.6618126034736633,-0.04276498779654503,0.21948952972888947,0.7377358675003052,-0.010797873139381409,0.2178204357624054,0.6888784170150757,-0.02716582454741001,0.23090820014476776,0.6725958585739136,-0.03834136202931404,0.24694740772247314,0.6639857888221741,-0.04447653889656067,0.18739041686058044,0.7666802406311035,-0.019926292821764946,0.17252223193645477,0.7267531752586365,-0.03464310243725777,0.16555312275886536,0.6979629397392273,-0.04155689477920532,0.16264984011650085,0.6724812984466553,-0.04544893652200699,hello
0.25174573063850403,0.9125515222549438,2.1789234949665115e-07,0.29151391983032227,0.8660250902175903,-0.016814183443784714,0.32260072231292725,0.8006619215011597,-0.022257279604673386,0.33933740854263306,0.7555999755859375,-0.028177304193377495,0.3510150611400604,0.7216095328330994,-0.03422737866640091,0.27615129947662354,0.7227423787117004,-0.0013605373678728938,0.2810669541358948,0.6741008162498474,-0.019992796704173088,0.29576006531715393,0.6607970595359802,-0.037700582295656204,0.310153990983963,0.6600474715232849,-0.048974908888339996,0.24838274717330933,0.7265059947967529,-0.0056032100692391396,0.24843540787696838,0.6706051230430603,-0.02661358192563057,0.26703548431396484,0.6647506356239319,-0.045740678906440735,0.2875080108642578,0.6743997931480408,-0.05674634501338005,0.2182961106300354,0.7429487109184265,-0.013972661457955837,0.21376900374889374,0.6876101493835449,-0.036063965409994125,0.23162226378917694,0.6775858998298645,-0.05038727447390556,0.2527819573879242,0.6785950064659119,-0.05735141411423683,0.1872502863407135,0.7724040150642395,-0.024027947336435318,0.17056001722812653,0.7275808453559875,-0.04298921674489975,0.16534674167633057,0.6958311796188354,-0.052930690348148346,0.16485144197940826,0.6699854135513306,-0.058416787534952164,hello
0.25374656915664673,0.9063148498535156,2.3506579793775018e-07,0.2897706627845764,0.8635705709457397,-0.014066358096897602,0.32076722383499146,0.7974320650100708,-0.01819767616689205,0.3402959406375885,0.7541361451148987,-0.023234637454152107,0.35259896516799927,0.7229581475257874,-0.02860528603196144,0.2772212028503418,0.7237821817398071,-0.0013565708650276065,0.28111541271209717,0.6741688251495361,-0.019568651914596558,0.2947596609592438,0.668393611907959,-0.036163002252578735,0.30727535486221313,0.6782985925674438,-0.045658208429813385,0.2492392510175705,0.7258467078208923,-0.00513420207425952,0.2505550682544708,0.6732942461967468,-0.021916400641202927,0.26553642749786377,0.6655818819999695,-0.037327416241168976,0.28170937299728394,0.6752980351448059,-0.04602929577231407,0.2188633382320404,0.7415209412574768,-0.012861744500696659,0.21419788897037506,0.6876274943351746,-0.029466481879353523,0.22449737787246704,0.6706275343894958,-0.04088521748781204,0.2383929044008255,0.6650500297546387,-0.04694180563092232,0.18783995509147644,0.7713655233383179,-0.022224418818950653,0.1721261590719223,0.730976402759552,-0.03691073879599571,0.16371262073516846,0.7018822431564331,-0.04431668296456337,0.15963853895664215,0.6776253581047058,-0.04828380048274994,hello
0.25331297516822815,0.9027742743492126,3.336606368975481e-07,0.2905145585536957,0.858999490737915,-0.01597304828464985,0.32098859548568726,0.7944737672805786,-0.021452203392982483,0.3407461941242218,0.752714991569519,-0.027337482199072838,0.3564300239086151,0.7221882343292236,-0.03388319909572601,0.27666595578193665,0.7223634719848633,-0.0017588366754353046,0.2821677625179291,0.6743392944335938,-0.016536779701709747,0.2915443480014801,0.6466609239578247,-0.03166600316762924,0.3008725047111511,0.6271577477455139,-0.04215160384774208,0.248935729265213,0.7250235080718994,-0.00525683956220746,0.251629114151001,0.6746563911437988,-0.022073421627283096,0.2696080505847931,0.6650901436805725,-0.03809620812535286,0.2898329794406891,0.6684473156929016,-0.047926198691129684,0.21873506903648376,0.7411348223686218,-0.012424834072589874,0.21544930338859558,0.6909796595573425,-0.03068471886217594,0.23013657331466675,0.6774126887321472,-0.04196392744779587,0.24785539507865906,0.6730843782424927,-0.04791111499071121,0.18762755393981934,0.7701511979103088,-0.02122676558792591,0.17197783291339874,0.7261264324188232,-0.03716767579317093,0.16512179374694824,0.6952472925186157,-0.044607874006032944,0.16225343942642212,0.6692452430725098,-0.048897769302129745,hello
0.2514127790927887,0.9011455774307251,3.676769324556517e-07,0.2867567837238312,0.8569162487983704,-0.014701327309012413,0.31502336263656616,0.7924385070800781,-0.019347136840224266,0.332101047039032,0.7519227266311646,-0.024577012285590172,0.3453431725502014,0.7196162343025208,-0.030488910153508186,0.2762291729450226,0.7239435315132141,-0.0010565652046352625,0.28644341230392456,0.6763140559196472,-0.01558703277260065,0.2968231439590454,0.6458250284194946,-0.030512966215610504,0.3068122863769531,0.6222273111343384,-0.04116762802004814,0.24830490350723267,0.7244163751602173,-0.0052023897878825665,0.25263234972953796,0.6744418740272522,-0.021210329607129097,0.2694034278392792,0.6579173803329468,-0.03694259375333786,0.2888232469558716,0.6514936685562134,-0.04716096445918083,0.2180337905883789,0.7397797107696533,-0.01301029697060585,0.21515139937400818,0.6897245645523071,-0.031261421740055084,0.22806380689144135,0.6704596877098083,-0.04307360574603081,0.24389277398586273,0.6586008667945862,-0.04968097805976868,0.1868581473827362,0.7687429189682007,-0.02231137454509735,0.17145220935344696,0.7244802117347717,-0.038893748074769974,0.1638612002134323,0.6921222805976868,-0.0468374565243721,0.16048167645931244,0.6634962558746338,-0.051582060754299164,hello
0.24741286039352417,0.8891592025756836,1.4835895001397148e-07,0.28673332929611206,0.8410978317260742,-0.011772984638810158,0.31654542684555054,0.775034487247467,-0.014859769493341446,0.3365953862667084,0.7306205630302429,-0.0195560771971941,0.3506332337856293,0.6963136196136475,-0.024200569838285446,0.27511265873908997,0.6967774033546448,0.006314354948699474,0.27822425961494446,0.6449206471443176,-0.009620195254683495,0.28916117548942566,0.6405647397041321,-0.026111681014299393,0.2982822358608246,0.6505671739578247,-0.035480890423059464,0.2479296177625656,0.6995163559913635,0.0019007250666618347,0.24853874742984772,0.6459450125694275,-0.01281121838837862,0.26144206523895264,0.6409045457839966,-0.029277872294187546,0.2753414809703827,0.6518144011497498,-0.038924138993024826,0.21744176745414734,0.7151178121566772,-0.006348262540996075,0.2176806479692459,0.6648303866386414,-0.021864915266633034,0.2307078093290329,0.6552690267562866,-0.03347716107964516,0.24465589225292206,0.6566385626792908,-0.03954502195119858,0.184849813580513,0.7441748380661011,-0.01593707501888275,0.1705361306667328,0.7006786465644836,-0.029001403599977493,0.1628161519765854,0.6698316335678101,-0.03521474078297615,0.15812289714813232,0.6447207927703857,-0.038343992084264755,hello
0.25495392084121704,0.9034581184387207,3.4323304021199874e-07,0.2897099256515503,0.8617750406265259,-0.01606818288564682,0.3194706439971924,0.7979605197906494,-0.021656841039657593,0.33919909596443176,0.7581206560134888,-0.027626564726233482,0.35353854298591614,0.7283206582069397,-0.034127943217754364,0.27780964970588684,0.7211659550666809,-0.0009780790423974395,0.2850741744041443,0.6739267110824585,-0.01627928391098976,0.2944260537624359,0.6527960300445557,-0.03215921297669411,0.30234938859939575,0.6385035514831543,-0.042909666895866394,0.24956396222114563,0.7217976450920105,-0.004342553671449423,0.2529599368572235,0.6692436337471008,-0.01812593638896942,0.26349979639053345,0.647351086139679,-0.03330998867750168,0.2756674289703369,0.6371766328811646,-0.043387483805418015,0.2196211814880371,0.7373959422111511,-0.011701134033501148,0.21459992229938507,0.6819027066230774,-0.02689049206674099,0.21756984293460846,0.6503227949142456,-0.039020031690597534,0.22382992506027222,0.6280801892280579,-0.04656858369708061,0.1888222098350525,0.7682536244392395,-0.02086823619902134,0.17318543791770935,0.7243639826774597,-0.035498544573783875,0.16274183988571167,0.6909494996070862,-0.043140869587659836,0.1564072072505951,0.6611874103546143,-0.04767870530486107,hello
0.25277000665664673,0.8998890519142151,3.485241677481099e-07,0.28834375739097595,0.8563862442970276,-0.015292201191186905,0.3176269829273224,0.792595386505127,-0.02068084105849266,0.3357541859149933,0.7526777982711792,-0.02659710682928562,0.34944161772727966,0.721235454082489,-0.03313814848661423,0.27737128734588623,0.7218235731124878,-0.001775752054527402,0.28637659549713135,0.6762014627456665,-0.017176296561956406,0.2975468635559082,0.6488916873931885,-0.03289152681827545,0.30807366967201233,0.6289389133453369,-0.043880145996809006,0.24942170083522797,0.7226641178131104,-0.005961746443063021,0.25359490513801575,0.6728373169898987,-0.023313425481319427,0.2712564170360565,0.6607900857925415,-0.03959592804312706,0.29107943177223206,0.65986567735672,-0.04969475045800209,0.21896353363990784,0.7379655838012695,-0.013882958330214024,0.2158074527978897,0.6872512102127075,-0.03292886167764664,0.22938738763332367,0.6691752672195435,-0.04488743469119072,0.24582809209823608,0.6592686176300049,-0.05123172700405121,0.18751883506774902,0.76688551902771,-0.023353463038802147,0.17070609331130981,0.7210847735404968,-0.040207237005233765,0.1626591980457306,0.687625527381897,-0.048327770084142685,0.15900760889053345,0.6586595773696899,-0.05303462594747543,hello
0.2556063234806061,0.9087687134742737,3.0809479767412995e-07,0.2927308976650238,0.8617710471153259,-0.015883266925811768,0.3245847821235657,0.7929534316062927,-0.02023726888000965,0.3463594317436218,0.7464631795883179,-0.024825915694236755,0.3612006902694702,0.7097135186195374,-0.029843470081686974,0.27958399057388306,0.7243553400039673,-0.0015621157363057137,0.28289347887039185,0.6743573546409607,-0.018694628030061722,0.29388007521629333,0.6563377380371094,-0.03445519879460335,0.3051651120185852,0.6488552689552307,-0.0445769727230072,0.25043782591819763,0.7260881662368774,-0.005127110052853823,0.25032246112823486,0.6693531274795532,-0.01964966394007206,0.25904014706611633,0.6388136148452759,-0.035562798380851746,0.2705371081829071,0.6206144094467163,-0.04681600257754326,0.2202761322259903,0.7425631880760193,-0.01289664302021265,0.21545609831809998,0.6866886615753174,-0.030855394899845123,0.2212066352367401,0.6590559482574463,-0.04386277124285698,0.23120056092739105,0.6407760977745056,-0.05175909772515297,0.1898512840270996,0.7726539373397827,-0.02224511094391346,0.17341476678848267,0.7321531772613525,-0.039882536977529526,0.16614460945129395,0.7008195519447327,-0.04885302856564522,0.16338996589183807,0.6730251908302307,-0.05414905026555061,hello
0.25623491406440735,0.9074372053146362,4.311508803311881e-07,0.29502981901168823,0.8575920462608337,-0.017867151647806168,0.3253624439239502,0.7822480201721191,-0.020045818760991096,0.343201607465744,0.7297688126564026,-0.022555209696292877,0.35459333658218384,0.6867983937263489,-0.0251967404037714,0.28407177329063416,0.699638307094574,0.004810637328773737,0.2897898256778717,0.6378703117370605,-0.00824408046901226,0.29328474402427673,0.593916654586792,-0.02076389081776142,0.2964777946472168,0.5633054971694946,-0.02897273749113083,0.2518519461154938,0.701286256313324,0.0018709286814555526,0.2511594295501709,0.6321150064468384,-0.00880089309066534,0.2533278167247772,0.5866178274154663,-0.02040795423090458,0.2589585781097412,0.553334653377533,-0.02718483842909336,0.22067920863628387,0.7209943532943726,-0.0058065494522452354,0.21142512559890747,0.6561563611030579,-0.02146509476006031,0.2118571400642395,0.6170169711112976,-0.029737070202827454,0.21715715527534485,0.5865291953086853,-0.033105965703725815,0.18763023614883423,0.7580734491348267,-0.01588524505496025,0.17194169759750366,0.713842511177063,-0.03358093649148941,0.16248449683189392,0.6813051700592041,-0.03961499407887459,0.15689706802368164,0.6516604423522949,-0.04091327264904976,hello
0.25822365283966064,0.9057450294494629,4.0502771980754915e-07,0.2996353209018707,0.8553473949432373,-0.017143862321972847,0.33577337861061096,0.7769871950149536,-0.018891900777816772,0.3580590486526489,0.7209135293960571,-0.021155979484319687,0.36966758966445923,0.6737061142921448,-0.022870877757668495,0.2854951024055481,0.6991358995437622,0.007515665143728256,0.2930530905723572,0.6480428576469421,-0.007420154754072428,0.30320364236831665,0.6259155869483948,-0.0205692108720541,0.3114093840122223,0.6163426637649536,-0.027257295325398445,0.25208601355552673,0.698580265045166,0.004733327776193619,0.2513047158718109,0.6307926774024963,-0.0038635849487036467,0.254501610994339,0.5885423421859741,-0.01279363688081503,0.2601637542247772,0.5597425699234009,-0.01718137226998806,0.2196168303489685,0.7163767218589783,-0.003551335306838155,0.21043437719345093,0.6492677330970764,-0.0176521148532629,0.20950832962989807,0.6055163741111755,-0.02390359900891781,0.21360498666763306,0.5732316970825195,-0.025420695543289185,0.1870041936635971,0.7515091896057129,-0.014301764778792858,0.16918295621871948,0.70393306016922,-0.03031664714217186,0.15668931603431702,0.6666309237480164,-0.03481951728463173,0.14937493205070496,0.6330593824386597,-0.03457023948431015,hello
0.25745663046836853,0.90556800365448,4.0572066950517183e-07,0.2993481159210205,0.8556503653526306,-0.017219172790646553,0.33534562587738037,0.7773655652999878,-0.018893292173743248,0.35790199041366577,0.7211411595344543,-0.021022653207182884,0.36977458000183105,0.6737013459205627,-0.022800374776124954,0.28556329011917114,0.6980348825454712,0.008074447512626648,0.29108914732933044,0.6457912921905518,-0.005788557697087526,0.29902714490890503,0.6172089576721191,-0.018253521993756294,0.30520394444465637,0.6014049649238586,-0.02490549348294735,0.2521364986896515,0.6979054808616638,0.005268544424325228,0.25060078501701355,0.6304649710655212,-0.0031411806121468544,0.2531101703643799,0.5877071619033813,-0.012017210945487022,0.258330762386322,0.5575324296951294,-0.01649910770356655,0.2197236269712448,0.7159923911094666,-0.002999257994815707,0.21036064624786377,0.6490997076034546,-0.01733488030731678,0.20948252081871033,0.6058074235916138,-0.023847676813602448,0.21360662579536438,0.5733051896095276,-0.025620849803090096,0.18689727783203125,0.7511382699012756,-0.013722027651965618,0.16891132295131683,0.7030650973320007,-0.030433718115091324,0.1563231199979782,0.6655235886573792,-0.035593416541814804,0.14889384806156158,0.6313852667808533,-0.03587593138217926,hello
0.25792959332466125,0.9046778678894043,4.205550965252769e-07,0.29981377720832825,0.8551323413848877,-0.017718516290187836,0.336698979139328,0.776687502861023,-0.019276225939393044,0.35888993740081787,0.7201563715934753,-0.02110714465379715,0.36901187896728516,0.6710523366928101,-0.022867368534207344,0.2860628664493561,0.6972191333770752,0.0070245107635855675,0.29225748777389526,0.6415402293205261,-0.006045494694262743,0.29904788732528687,0.6059246063232422,-0.018051473423838615,0.30429455637931824,0.5836992263793945,-0.02492542937397957,0.25239208340644836,0.6978680491447449,0.004271968267858028,0.2514547109603882,0.629083514213562,-0.0046940636821091175,0.2536536455154419,0.5848463773727417,-0.01456040982156992,0.25885438919067383,0.5532549023628235,-0.01998266950249672,0.2201201170682907,0.7163121700286865,-0.0036990295629948378,0.21083317697048187,0.6495278477668762,-0.018210094422101974,0.21025191247463226,0.6063863039016724,-0.025572722777724266,0.21489299833774567,0.5736842751502991,-0.028286557644605637,0.18726509809494019,0.7517327070236206,-0.014129746705293655,0.16884464025497437,0.7038915157318115,-0.030977951362729073,0.1564226597547531,0.666979193687439,-0.036698732525110245,0.14925003051757812,0.6336687207221985,-0.037700701504945755,hello
0.24843108654022217,0.9135913252830505,3.2891441037463665e-07,0.28397664427757263,0.8674876689910889,-0.009513271041214466,0.3062928318977356,0.8108985424041748,-0.013150045648217201,0.3209131956100464,0.7736620306968689,-0.01876235194504261,0.33280831575393677,0.7431128621101379,-0.02511877752840519,0.2691601812839508,0.7356426119804382,0.00687536783516407,0.2720721662044525,0.6871818900108337,-0.007414428982883692,0.28221839666366577,0.662752091884613,-0.02276274934411049,0.2934129238128662,0.6474775671958923,-0.03329324349761009,0.24401408433914185,0.7346145510673523,0.000644708750769496,0.24652829766273499,0.6842978596687317,-0.014662124216556549,0.2635135054588318,0.6698201298713684,-0.030719604343175888,0.2825407385826111,0.668787956237793,-0.04071127623319626,0.21594861149787903,0.7471979856491089,-0.009205379523336887,0.2116151601076126,0.6932335495948792,-0.026646729558706284,0.2230607271194458,0.6717777848243713,-0.039443425834178925,0.2380795180797577,0.6601040363311768,-0.046548109501600266,0.18669405579566956,0.7744479179382324,-0.02014930173754692,0.16986557841300964,0.7316558361053467,-0.03668807074427605,0.160283625125885,0.6993498206138611,-0.04553165286779404,0.1546187400817871,0.672170102596283,-0.050591256469488144,hello
0.2502328157424927,0.9162032604217529,3.7398820040834835e-07,0.28864148259162903,0.8770812749862671,-0.020178034901618958,0.31666645407676697,0.8199951648712158,-0.027242351323366165,0.33115848898887634,0.7805618047714233,-0.03432385250926018,0.34066084027290344,0.750042736530304,-0.04166790097951889,0.27863743901252747,0.7226237058639526,-0.00035914164618588984,0.2830391526222229,0.6729709506034851,-0.01544670294970274,0.28961092233657837,0.6450973749160767,-0.0310987401753664,0.29625388979911804,0.6252389550209045,-0.041786350309848785,0.24856311082839966,0.7227645516395569,-0.002511792117729783,0.24769356846809387,0.6625070571899414,-0.01450400147587061,0.25350672006607056,0.6275568604469299,-0.02877229079604149,0.26331907510757446,0.6026960015296936,-0.038759950548410416,0.217890202999115,0.7389490604400635,-0.009343494661152363,0.20991137623786926,0.680834949016571,-0.025294726714491844,0.21325162053108215,0.6477189064025879,-0.03738872706890106,0.22116295993328094,0.6232097148895264,-0.04459119588136673,0.18602144718170166,0.7712993621826172,-0.018545739352703094,0.17175278067588806,0.7304023504257202,-0.03533678501844406,0.16307075321674347,0.6998868584632874,-0.043567705899477005,0.15773721039295197,0.6723219156265259,-0.04794425889849663,hello
0.2541085183620453,0.9106347560882568,3.6485499776972574e-07,0.2961806654930115,0.859389066696167,-0.012237261049449444,0.32954907417297363,0.7884370684623718,-0.013374676927924156,0.35179081559181213,0.7398492097854614,-0.015924429520964622,0.3667484521865845,0.7017358541488647,-0.019313976168632507,0.28083619475364685,0.7101814150810242,0.009433281607925892,0.2866007387638092,0.6553511619567871,-0.0021941564045846462,0.2963716685771942,0.6285404562950134,-0.015342351980507374,0.30588582158088684,0.6103058457374573,-0.02431757189333439,0.2511079013347626,0.7116133570671082,0.004309447482228279,0.2518290877342224,0.6500599980354309,-0.0060250177048146725,0.26287898421287537,0.6232877969741821,-0.019771758466959,0.27645498514175415,0.6105175018310547,-0.028440076857805252,0.22056251764297485,0.7293888926506042,-0.004989858716726303,0.21207016706466675,0.6659516096115112,-0.019142786040902138,0.2152080237865448,0.6297405958175659,-0.03024129383265972,0.22316385805606842,0.603323221206665,-0.03649841994047165,0.18889231979846954,0.7640070915222168,-0.0159541554749012,0.17079342901706696,0.7167884707450867,-0.03142916038632393,0.15985360741615295,0.6826989054679871,-0.03872957080602646,0.15360116958618164,0.6524230241775513,-0.04209185764193535,hello
0.2578650712966919,0.8905985951423645,1.544966039546125e-07,0.30018848180770874,0.8386895656585693,-0.013714630156755447,0.33598294854164124,0.7628981471061707,-0.015865786001086235,0.35999199748039246,0.7086056470870972,-0.019732829183340073,0.37615078687667847,0.6649685502052307,-0.023165883496403694,0.2853933572769165,0.6901830434799194,0.009863038547337055,0.2908121347427368,0.6393776535987854,-0.00595495430752635,0.304593026638031,0.6401755213737488,-0.022760987281799316,0.3165750801563263,0.6530717611312866,-0.032544445246458054,0.25668805837631226,0.6945146918296814,0.006007589399814606,0.2559468448162079,0.6382412910461426,-0.00887778028845787,0.2697432339191437,0.6337739825248718,-0.025939375162124634,0.28596609830856323,0.6450347900390625,-0.03594400733709335,0.2256862223148346,0.710786759853363,-0.002338507678359747,0.223140150308609,0.6552832126617432,-0.01751541905105114,0.2370602786540985,0.6466984748840332,-0.028092237189412117,0.2546267807483673,0.6491361260414124,-0.03341292217373848,0.19363346695899963,0.73985356092453,-0.01266881451010704,0.17965558171272278,0.6951665878295898,-0.024857711046934128,0.1720934361219406,0.6644807457923889,-0.030281217768788338,0.16876861453056335,0.6394439339637756,-0.03293316811323166,hello
0.2538926601409912,0.9113982915878296,3.6118993307354685e-07,0.29591864347457886,0.8601007461547852,-0.013100220821797848,0.32948243618011475,0.7876981496810913,-0.01454078033566475,0.35239893198013306,0.7372547388076782,-0.017094982787966728,0.36696574091911316,0.6954636573791504,-0.02046576328575611,0.28019121289253235,0.7104774713516235,0.008407969027757645,0.28601038455963135,0.655731201171875,-0.003047830192372203,0.2946283221244812,0.6282005310058594,-0.016075672581791878,0.3029360771179199,0.608403205871582,-0.0251691285520792,0.25043898820877075,0.7123953700065613,0.003833271097391844,0.25087231397628784,0.6518063545227051,-0.006239705253392458,0.26161378622055054,0.6258126497268677,-0.01987631432712078,0.2749437987804413,0.6129048466682434,-0.02878298982977867,0.21974080801010132,0.7306097745895386,-0.004921584855765104,0.21129295229911804,0.668626070022583,-0.019042642787098885,0.21438542008399963,0.633014976978302,-0.03012722171843052,0.22205832600593567,0.6063524484634399,-0.03664828836917877,0.18838772177696228,0.7654939889907837,-0.01535453088581562,0.17171135544776917,0.7199605107307434,-0.030754560604691505,0.16169369220733643,0.6874645352363586,-0.03787185624241829,0.15570782124996185,0.6583629250526428,-0.04131429269909859,hello
0.25280046463012695,0.9150004386901855,3.116343521014642e-07,0.29640763998031616,0.8625562191009521,-0.014258106239140034,0.33099186420440674,0.7832086086273193,-0.01433109026402235,0.3518623113632202,0.7269772291183472,-0.015331180766224861,0.3649035692214966,0.6785117387771606,-0.016340648755431175,0.28087612986564636,0.7154772877693176,0.012738057412207127,0.28448453545570374,0.6658915281295776,0.0016847617225721478,0.29615747928619385,0.6452653408050537,-0.011674204841256142,0.3081825375556946,0.6328965425491333,-0.020787278190255165,0.25157681107521057,0.7192077040672302,0.010102016851305962,0.25002527236938477,0.6701278686523438,-5.516060264199041e-05,0.2650700807571411,0.6552244424819946,-0.01403280720114708,0.2844364047050476,0.6522390842437744,-0.023632030934095383,0.21936872601509094,0.735832929611206,0.0026540281251072884,0.21391376852989197,0.6839872002601624,-0.011873758397996426,0.224345862865448,0.6661043167114258,-0.02206404134631157,0.24028439819812775,0.6561238765716553,-0.028048070147633553,0.1867516040802002,0.7657232284545898,-0.006705577485263348,0.17165356874465942,0.7248600125312805,-0.021374087780714035,0.16390055418014526,0.6966431140899658,-0.02816390059888363,0.16075259447097778,0.6714947819709778,-0.03198038041591644,hello
0.24346160888671875,0.9027334451675415,2.9486642461051815e-07,0.27490901947021484,0.8589996099472046,-0.008323711343109608,0.2959482967853546,0.7973352074623108,-0.00989915058016777,0.3090640604496002,0.7531230449676514,-0.01301906444132328,0.3178306818008423,0.7163631319999695,-0.016834791749715805,0.2649727463722229,0.7382716536521912,0.006325304973870516,0.2709139287471771,0.6916487216949463,-0.00473153218626976,0.272381991147995,0.6617094874382019,-0.017029786482453346,0.2718144655227661,0.636518657207489,-0.02591564878821373,0.23930242657661438,0.7354559898376465,0.0008175330585800111,0.2392350137233734,0.6840456128120422,-0.008102075196802616,0.2391575276851654,0.6454537510871887,-0.020567165687680244,0.24015629291534424,0.6129274368286133,-0.030198892578482628,0.21189819276332855,0.7462071180343628,-0.007792018353939056,0.20935550332069397,0.697179913520813,-0.019781937822699547,0.21331068873405457,0.6741240620613098,-0.028868991881608963,0.21880319714546204,0.6565106511116028,-0.03492215648293495,0.182939350605011,0.770089328289032,-0.01755662076175213,0.17098172008991241,0.7348111867904663,-0.030588269233703613,0.16277576982975006,0.7071487903594971,-0.03628728166222572,0.15709714591503143,0.6829116344451904,-0.03959793597459793,hello
0.24288253486156464,0.9043922424316406,3.2936341654021817e-07,0.27409759163856506,0.8647063970565796,-0.012056929990649223,0.2971625030040741,0.8063052892684937,-0.016044603660702705,0.3115907907485962,0.7659805417060852,-0.02095276303589344,0.32293790578842163,0.7317734956741333,-0.026402531191706657,0.2658405303955078,0.7378427982330322,0.003604418132454157,0.2743801176548004,0.695473313331604,-0.008691457100212574,0.2787376940250397,0.666437566280365,-0.021717967465519905,0.28098249435424805,0.6442937850952148,-0.030852926895022392,0.2399042546749115,0.7335430383682251,-0.0008268523379229009,0.24608483910560608,0.6866893768310547,-0.0110896872356534,0.24889972805976868,0.6523481607437134,-0.0236771572381258,0.25284427404403687,0.6265733242034912,-0.03276655077934265,0.211621955037117,0.7427884936332703,-0.008983350358903408,0.21063745021820068,0.6934205889701843,-0.021654950454831123,0.21223974227905273,0.6631317734718323,-0.031081994995474815,0.21618999540805817,0.6415001153945923,-0.03703155368566513,0.18104340136051178,0.7668448686599731,-0.018728485330939293,0.1666167825460434,0.7239127159118652,-0.03252702206373215,0.1557070016860962,0.6892150044441223,-0.039176054298877716,0.14900130033493042,0.6593416333198547,-0.04288950935006142,hello
0.24103103578090668,0.9010206460952759,3.3164982937705645e-07,0.2752317488193512,0.8614785075187683,-0.014272195287048817,0.30254101753234863,0.8024839758872986,-0.019141601398587227,0.3191837668418884,0.7627809047698975,-0.024323079735040665,0.3322865962982178,0.7320739030838013,-0.029895441606640816,0.2692365348339081,0.7326182723045349,-0.0007927822880446911,0.27803486585617065,0.6876689195632935,-0.012893025763332844,0.28458842635154724,0.659710705280304,-0.02548293210566044,0.2895328402519226,0.637940526008606,-0.03444074094295502,0.24255423247814178,0.7306643128395081,-0.0040801032446324825,0.24977093935012817,0.6816730499267578,-0.016672490164637566,0.2579571306705475,0.6602474451065063,-0.029726576060056686,0.267208456993103,0.6505262851715088,-0.038163114339113235,0.212918221950531,0.7420461773872375,-0.010783147066831589,0.2143518179655075,0.6908626556396484,-0.02532450295984745,0.2216230183839798,0.6721402406692505,-0.03459463268518448,0.23094749450683594,0.6633935570716858,-0.03958151862025261,0.1812366098165512,0.7668264508247375,-0.018971746787428856,0.1673973798751831,0.7233603596687317,-0.03253987058997154,0.15800338983535767,0.6909865736961365,-0.03852253779768944,0.15201883018016815,0.6643697023391724,-0.041707199066877365,hello
0.23844577372074127,0.8963683843612671,3.6269608472139225e-07,0.26735931634902954,0.8478099703788757,-0.005949107464402914,0.28017446398735046,0.7870306372642517,-0.006823517847806215,0.28541067242622375,0.7426960468292236,-0.009779119864106178,0.2873099744319916,0.7039718627929688,-0.01329125091433525,0.25427255034446716,0.7367375493049622,0.006917339749634266,0.26080018281936646,0.6844028830528259,-0.0034828095231205225,0.2624870240688324,0.6453932523727417,-0.013493872247636318,0.2613927125930786,0.6134592294692993,-0.020553339272737503,0.23224784433841705,0.7342861294746399,0.0005638818256556988,0.2372376173734665,0.6784899234771729,-0.006777794100344181,0.23819418251514435,0.6354982256889343,-0.014837900176644325,0.2402433604001999,0.5994291305541992,-0.020695706829428673,0.20801594853401184,0.7443820834159851,-0.008904237300157547,0.20736072957515717,0.688317596912384,-0.01907515898346901,0.20814698934555054,0.6558281779289246,-0.025067858397960663,0.2104770392179489,0.6312136650085449,-0.028622545301914215,0.18147659301757812,0.7678893208503723,-0.01953442022204399,0.17126387357711792,0.7307049632072449,-0.031668223440647125,0.16313737630844116,0.7012203335762024,-0.03620143234729767,0.15735448896884918,0.6759698987007141,-0.03809617459774017,hello
0.24097447097301483,0.9006765484809875,3.662464962417289e-07,0.27527010440826416,0.8604927062988281,-0.014724856242537498,0.3010760545730591,0.8035402894020081,-0.021475395187735558,0.31755343079566956,0.7665178179740906,-0.02859567292034626,0.33272936940193176,0.7371152639389038,-0.036513082683086395,0.26682525873184204,0.7347028255462646,-0.0052438536658883095,0.27572134137153625,0.6879792213439941,-0.020487645640969276,0.28518813848495483,0.6579313278198242,-0.03499578684568405,0.2944885492324829,0.6359278559684753,-0.045257799327373505,0.24134410917758942,0.7339844703674316,-0.00929781049489975,0.2483568638563156,0.6839619874954224,-0.0247366763651371,0.2646806836128235,0.6657859683036804,-0.038820721209049225,0.283412367105484,0.6601288318634033,-0.04829555004835129,0.21251723170280457,0.746695876121521,-0.016764210537075996,0.2133600413799286,0.6953157782554626,-0.03379778563976288,0.22621393203735352,0.6779720187187195,-0.04358084499835968,0.2419832944869995,0.670279324054718,-0.049152906984090805,0.18166930973529816,0.7725571393966675,-0.025687767192721367,0.16865889728069305,0.7298988699913025,-0.04135611653327942,0.16249901056289673,0.6996312737464905,-0.04828089848160744,0.15976732969284058,0.6751102209091187,-0.05237152799963951,hello
0.2479446828365326,0.9089441895484924,3.939836688005016e-07,0.27920928597450256,0.8607211112976074,-0.009182021953165531,0.3004262149333954,0.7980613112449646,-0.01169748418033123,0.3145213723182678,0.7574772834777832,-0.015874918550252914,0.32644224166870117,0.7229692339897156,-0.02105063572525978,0.2664416432380676,0.7349687218666077,0.007461723871529102,0.27414876222610474,0.6864498853683472,-0.0050863660871982574,0.28231850266456604,0.652631402015686,-0.019382072612643242,0.29035159945487976,0.6263427138328552,-0.02994602732360363,0.24222064018249512,0.7335439920425415,0.0015630486886948347,0.25081080198287964,0.6830388307571411,-0.011181124486029148,0.26292911171913147,0.6592472195625305,-0.026211965829133987,0.2770565152168274,0.647480845451355,-0.03647204488515854,0.2145833969116211,0.7443116307258606,-0.00788489542901516,0.21176861226558685,0.6873116493225098,-0.02201344631612301,0.21501293778419495,0.6521105766296387,-0.03422987833619118,0.22224240005016327,0.6270923614501953,-0.04219436272978783,0.1835702657699585,0.7693420052528381,-0.0185672827064991,0.16874276101589203,0.7242193818092346,-0.032308951020240784,0.15944524109363556,0.6901391744613647,-0.04017985239624977,0.15483364462852478,0.660314679145813,-0.04531094431877136,hello
0.24278807640075684,0.9021278023719788,3.3366808338541887e-07,0.27545204758644104,0.8583030104637146,-0.011145145632326603,0.2998794615268707,0.7988587021827698,-0.015850264579057693,0.31732597947120667,0.760291337966919,-0.021549351513385773,0.33325690031051636,0.7311145067214966,-0.02827114425599575,0.2673133313655853,0.7388148903846741,-0.0007083787932060659,0.27550777792930603,0.6949000954627991,-0.015574905090034008,0.28802648186683655,0.6692502498626709,-0.030315738171339035,0.3002726137638092,0.6526434421539307,-0.04030120000243187,0.24265146255493164,0.7374570369720459,-0.006160062737762928,0.24961698055267334,0.6898167133331299,-0.02128714881837368,0.26697614789009094,0.672385573387146,-0.03613639995455742,0.28680419921875,0.6681800484657288,-0.046024128794670105,0.2140769362449646,0.7487028241157532,-0.01493543479591608,0.21513643860816956,0.7001537680625916,-0.03184211999177933,0.2299039512872696,0.6825065016746521,-0.04257548972964287,0.24778781831264496,0.6753047108650208,-0.048697084188461304,0.18273580074310303,0.7728086709976196,-0.024799084290862083,0.1673475205898285,0.7280292510986328,-0.03993538022041321,0.1602209508419037,0.6940097808837891,-0.04722863808274269,0.15782222151756287,0.6659899353981018,-0.05174598842859268,hello
0.24613142013549805,0.8993642926216125,3.357580737883836e-07,0.278257817029953,0.8582162857055664,-0.009822421707212925,0.3045404255390167,0.7994883060455322,-0.012716049328446388,0.3224892318248749,0.7639241814613342,-0.01678198017179966,0.33514612913131714,0.7349615097045898,-0.02176874503493309,0.2722237706184387,0.7341185808181763,0.0014054299099370837,0.27846235036849976,0.6862874627113342,-0.010212232358753681,0.28135934472084045,0.6554684042930603,-0.021202508360147476,0.2822219729423523,0.6309228539466858,-0.028793204575777054,0.24466672539710999,0.7321233153343201,-0.004586536902934313,0.2498275190591812,0.6783750057220459,-0.015059101395308971,0.2506817877292633,0.6367655992507935,-0.02612871117889881,0.252111554145813,0.6048953533172607,-0.033725060522556305,0.2153349071741104,0.7446154356002808,-0.013825858943164349,0.2125602662563324,0.6905379295349121,-0.027590759098529816,0.214442640542984,0.6610062718391418,-0.03619978204369545,0.2188827246427536,0.6401777267456055,-0.040781136602163315,0.18424811959266663,0.7711923718452454,-0.024262558668851852,0.1685696542263031,0.7277262210845947,-0.038823097944259644,0.15914294123649597,0.6945475935935974,-0.04480769857764244,0.1543620377779007,0.6650647521018982,-0.0475609228014946,hello
0.2636050283908844,0.8924936652183533,1.970985721300167e-07,0.304684579372406,0.8400411605834961,-0.01630069687962532,0.338955819606781,0.7634038329124451,-0.01938079111278057,0.36380940675735474,0.7068403959274292,-0.02366640418767929,0.3813400864601135,0.6587468981742859,-0.027773836627602577,0.2880336046218872,0.698275089263916,0.009105874225497246,0.290439248085022,0.6480332612991333,-0.007853847928345203,0.30650267004966736,0.6466512084007263,-0.025761844590306282,0.32299456000328064,0.6593189239501953,-0.03653762862086296,0.261296808719635,0.7031192779541016,0.006462158635258675,0.2590140402317047,0.6526063084602356,-0.010864620096981525,0.27564311027526855,0.6484059691429138,-0.030397187918424606,0.29604455828666687,0.6613227725028992,-0.04238799586892128,0.23132017254829407,0.7177804112434387,-0.0010772154200822115,0.22835448384284973,0.6685949563980103,-0.018740922212600708,0.24474336206912994,0.6603642106056213,-0.031533826142549515,0.2658882141113281,0.6657283306121826,-0.038277216255664825,0.1995190978050232,0.7438198924064636,-0.010704516433179379,0.18615904450416565,0.7019201517105103,-0.02445976808667183,0.18120548129081726,0.6721187829971313,-0.03147973492741585,0.18159404397010803,0.6491952538490295,-0.035561155527830124,hello
0.24513214826583862,0.9030526876449585,3.5758756666837144e-07,0.27732425928115845,0.8629096150398254,-0.011652270331978798,0.30272185802459717,0.804260790348053,-0.015030357986688614,0.31930041313171387,0.7674751877784729,-0.01935414783656597,0.33278271555900574,0.7377492785453796,-0.02461174689233303,0.26742327213287354,0.7370456457138062,0.002934664022177458,0.27452805638313293,0.6888263821601868,-0.008540264330804348,0.2806529700756073,0.6568311452865601,-0.020676622167229652,0.28603774309158325,0.6316332221031189,-0.02961757220327854,0.24141725897789001,0.7359903454780579,-0.0025425555650144815,0.24835807085037231,0.6829351186752319,-0.015574135817587376,0.25722378492355347,0.6514199376106262,-0.030472854152321815,0.26801133155822754,0.6309469938278198,-0.04062598571181297,0.21272368729114532,0.7480334043502808,-0.011399948038160801,0.21417906880378723,0.6972465515136719,-0.027758821845054626,0.22385844588279724,0.6754776239395142,-0.04016656056046486,0.23601184785366058,0.6620235443115234,-0.047206979244947433,0.18210679292678833,0.7728432416915894,-0.021369416266679764,0.16849815845489502,0.7288966774940491,-0.03703756630420685,0.16027608513832092,0.6950712203979492,-0.04513535276055336,0.15623046457767487,0.6652922630310059,-0.05001526325941086,hello
0.24831992387771606,0.9008101224899292,2.895613988584955e-07,0.28152498602867126,0.8609237670898438,-0.012247172184288502,0.3073882460594177,0.8000823855400085,-0.015861114487051964,0.3230538070201874,0.7604547142982483,-0.02004118263721466,0.33206769824028015,0.7282243371009827,-0.02515139803290367,0.2741779386997223,0.7352434396743774,-0.0016927270917221904,0.2781967222690582,0.684181272983551,-0.014529986307024956,0.27778545022010803,0.6508771777153015,-0.026847006753087044,0.2754385471343994,0.6262167692184448,-0.035425275564193726,0.2464541345834732,0.7343279123306274,-0.006049846764653921,0.25176742672920227,0.6830079555511475,-0.019866913557052612,0.2521685063838959,0.6498396992683411,-0.0340316966176033,0.2524759769439697,0.6295748949050903,-0.04333283752202988,0.2173985242843628,0.7477895617485046,-0.013459439389407635,0.21499308943748474,0.6972395181655884,-0.02914021536707878,0.21632178127765656,0.6724914312362671,-0.04004552587866783,0.22008857131004333,0.6579706072807312,-0.04603085666894913,0.1866164207458496,0.7741680145263672,-0.021996401250362396,0.17208316922187805,0.7308247089385986,-0.03658750653266907,0.16301579773426056,0.6977188587188721,-0.043417319655418396,0.1585402488708496,0.6701042652130127,-0.04709891602396965,hello
0.24390316009521484,0.9071168303489685,3.2284111739500077e-07,0.2757781147956848,0.8662582039833069,-0.00802502129226923,0.29785290360450745,0.807217001914978,-0.009537889622151852,0.3113318085670471,0.7666915655136108,-0.012738656252622604,0.31946736574172974,0.7322766184806824,-0.0164346843957901,0.26451337337493896,0.742414116859436,0.008176571689546108,0.27242326736450195,0.6990311145782471,-0.0046593970619142056,0.2832234501838684,0.6726313233375549,-0.018711932003498077,0.2930848300457001,0.6550133228302002,-0.02815915457904339,0.2398752123117447,0.7377655506134033,0.002829119563102722,0.24733832478523254,0.6893091797828674,-0.007857603952288628,0.25644516944885254,0.6574000716209412,-0.020838774740695953,0.2680169641971588,0.6358344554901123,-0.02977067604660988,0.21229620277881622,0.7456187605857849,-0.006120102014392614,0.2100885659456253,0.6912873387336731,-0.018645215779542923,0.2119690179824829,0.6571167707443237,-0.029521729797124863,0.21795350313186646,0.6324031352996826,-0.03643986955285072,0.18377608060836792,0.7688170075416565,-0.01624060422182083,0.1688947230577469,0.7263561487197876,-0.029245790094137192,0.1563921868801117,0.6933668255805969,-0.03647766634821892,0.1487657129764557,0.6651580333709717,-0.040813617408275604,hello
0.24045805633068085,0.9009258151054382,3.3364020168846764e-07,0.2723020017147064,0.8622373938560486,-0.00971441064029932,0.29468703269958496,0.8031297922134399,-0.012806355021893978,0.30707526206970215,0.7641787528991699,-0.01660514995455742,0.31566321849823,0.7328394651412964,-0.021293338388204575,0.26006630063056946,0.7472913265228271,-0.0019348703790456057,0.26912379264831543,0.7007025480270386,-0.015465476550161839,0.27901118993759155,0.6685464978218079,-0.028137942776083946,0.28838005661964417,0.6457890272140503,-0.03672235831618309,0.2365575134754181,0.7446091771125793,-0.007326257880777121,0.24480099976062775,0.6942203640937805,-0.019601603969931602,0.25600293278694153,0.659203827381134,-0.03222493827342987,0.26971349120140076,0.6334737539291382,-0.04138878732919693,0.2097315788269043,0.7540237903594971,-0.015725456178188324,0.2122161090373993,0.7047224640846252,-0.030283652245998383,0.22435754537582397,0.6795328855514526,-0.04037023335695267,0.2389492243528366,0.6625757217407227,-0.04666367545723915,0.1811845451593399,0.7755581736564636,-0.02511538192629814,0.16722442209720612,0.7330514788627625,-0.03924239054322243,0.15996114909648895,0.700105607509613,-0.046018071472644806,0.15675777196884155,0.6724832057952881,-0.05025501921772957,hello
0.24158957600593567,0.9040861129760742,2.7819817205454456e-07,0.2739963233470917,0.8634350299835205,-0.01351168006658554,0.2967612147331238,0.8033164143562317,-0.018415264785289764,0.3070671260356903,0.7604948282241821,-0.023420218378305435,0.3139949440956116,0.7260012626647949,-0.029168350622057915,0.26873841881752014,0.7378764152526855,-0.005704810377210379,0.2749091684818268,0.6900119185447693,-0.020508745685219765,0.2848442792892456,0.6643122434616089,-0.03421870991587639,0.2946697771549225,0.6475619673728943,-0.043414898216724396,0.24348267912864685,0.736964762210846,-0.00976275559514761,0.24884894490242004,0.6853379011154175,-0.025440441444516182,0.2628573775291443,0.6670846343040466,-0.03972993046045303,0.27808451652526855,0.6622247099876404,-0.048802103847265244,0.214243084192276,0.7484568357467651,-0.016976425424218178,0.21391816437244415,0.6963662505149841,-0.03459413722157478,0.2251720279455185,0.6771256923675537,-0.04618574306368828,0.23858144879341125,0.6675044298171997,-0.05267799273133278,0.1822221875190735,0.7722471356391907,-0.02530471421778202,0.16683954000473022,0.7279382348060608,-0.04173484817147255,0.15827727317810059,0.6941522359848022,-0.05004235357046127,0.15354597568511963,0.6654019355773926,-0.05496616289019585,hello
0.24306337535381317,0.8993476629257202,2.9640798970831383e-07,0.27532216906547546,0.8589672446250916,-0.014611201360821724,0.30067434906959534,0.7979501485824585,-0.01950930431485176,0.31417328119277954,0.7548825740814209,-0.02421644888818264,0.324197381734848,0.7202496528625488,-0.030095014721155167,0.268119215965271,0.7329787611961365,-0.007902252487838268,0.27618733048439026,0.6836338043212891,-0.022868573665618896,0.2838728427886963,0.6547976136207581,-0.03664357215166092,0.29095029830932617,0.6335626244544983,-0.04616191238164902,0.24118869006633759,0.7325907945632935,-0.011128568090498447,0.2476028949022293,0.679724931716919,-0.02490091696381569,0.25612953305244446,0.6515759825706482,-0.03859458863735199,0.2661815881729126,0.6342248916625977,-0.04826338216662407,0.21230961382389069,0.7454581260681152,-0.017466923221945763,0.2108292132616043,0.690574049949646,-0.03327186033129692,0.21398358047008514,0.6575924158096313,-0.045168787240982056,0.2199937105178833,0.6338281035423279,-0.05288970470428467,0.18186381459236145,0.7719831466674805,-0.025060921907424927,0.1681559979915619,0.7306386828422546,-0.04118857532739639,0.1593746840953827,0.699150025844574,-0.04952770844101906,0.15443205833435059,0.6716144680976868,-0.05456418916583061,hello
0.244452103972435,0.8962113857269287,3.255393608014856e-07,0.27767670154571533,0.8585485816001892,-0.016906585544347763,0.3074634075164795,0.7964021563529968,-0.02227197401225567,0.32498160004615784,0.7548327445983887,-0.026994282379746437,0.33851370215415955,0.7224072813987732,-0.03276560455560684,0.2753843069076538,0.7277321219444275,-0.009830896742641926,0.28216883540153503,0.6775006651878357,-0.02515217661857605,0.28744378685951233,0.6436193585395813,-0.03944283351302147,0.29130300879478455,0.6175922155380249,-0.049431975930929184,0.24667297303676605,0.7265545725822449,-0.013040275312960148,0.2520941495895386,0.6689484715461731,-0.026197541505098343,0.2571427524089813,0.6283003687858582,-0.039636656641960144,0.2631189823150635,0.5986493825912476,-0.04960453510284424,0.21621105074882507,0.7400509715080261,-0.019695911556482315,0.2139211744070053,0.6835461854934692,-0.03536643087863922,0.21863652765750885,0.6496509909629822,-0.0460326261818409,0.22595080733299255,0.6244243383407593,-0.05304407328367233,0.18366608023643494,0.7675721049308777,-0.02802959270775318,0.16795796155929565,0.7235202193260193,-0.04483860731124878,0.158188596367836,0.6905530095100403,-0.05241183191537857,0.15243114531040192,0.661136269569397,-0.056836746633052826,hello
0.24231109023094177,0.891886830329895,3.193587474470405e-07,0.27157044410705566,0.8502835631370544,-0.010397693142294884,0.2918560802936554,0.7923559546470642,-0.015034658834338188,0.30215686559677124,0.7530322074890137,-0.020105205476284027,0.3088528513908386,0.7216371297836304,-0.026418494060635567,0.26593655347824097,0.7351532578468323,-0.006343454122543335,0.27661263942718506,0.6894463300704956,-0.02106924168765545,0.2862274646759033,0.6625588536262512,-0.03463350236415863,0.29344549775123596,0.6432991027832031,-0.04392651841044426,0.24052877724170685,0.7328991293907166,-0.011214518919587135,0.2495400458574295,0.6831099987030029,-0.023598717525601387,0.2581672668457031,0.6517031192779541,-0.036341965198516846,0.26753976941108704,0.6301257014274597,-0.04569084569811821,0.21260032057762146,0.7439512014389038,-0.018754327669739723,0.2118990123271942,0.69088214635849,-0.032550327479839325,0.2144176959991455,0.6546883583068848,-0.043263573199510574,0.2193632870912552,0.6276463270187378,-0.050534602254629135,0.18299031257629395,0.7685684561729431,-0.027190500870347023,0.16546215116977692,0.7281855940818787,-0.04176522418856621,0.15473169088363647,0.6958338618278503,-0.04936417192220688,0.14850333333015442,0.6669677495956421,-0.05394715815782547,hello
0.24428585171699524,0.9039337635040283,3.842163778244867e-07,0.27395159006118774,0.8592333793640137,-0.006758467294275761,0.29317063093185425,0.797461211681366,-0.008378325961530209,0.30437177419662476,0.7553922533988953,-0.012132006697356701,0.31178510189056396,0.7190651297569275,-0.016787907108664513,0.2616052031517029,0.7379579544067383,0.007439905311912298,0.27169835567474365,0.6935691833496094,-0.0041142175905406475,0.2803542912006378,0.6599349975585938,-0.01614505797624588,0.2875952124595642,0.6343992948532104,-0.024758130311965942,0.23774895071983337,0.7342134714126587,0.0005416473723016679,0.24633780121803284,0.68377286195755,-0.010082733817398548,0.25368747115135193,0.646594762802124,-0.02216484770178795,0.26267099380493164,0.62007075548172,-0.030176430940628052,0.21122199296951294,0.7441080212593079,-0.009557993151247501,0.205114483833313,0.6863623857498169,-0.022360745817422867,0.20202425122261047,0.647002100944519,-0.032804086804389954,0.20318274199962616,0.6186554431915283,-0.03920924291014671,0.18361634016036987,0.7705356478691101,-0.020707836374640465,0.16658858954906464,0.7274514436721802,-0.034496910870075226,0.15280286967754364,0.6939436793327332,-0.04184456169605255,0.14352193474769592,0.6656149625778198,-0.045969050377607346,hello
0.23857690393924713,0.8986889123916626,2.772536902284628e-07,0.26971426606178284,0.8583793640136719,-0.0072549572214484215,0.2913516163825989,0.8017016649246216,-0.010048747062683105,0.3055064380168915,0.7624818086624146,-0.014265618287026882,0.31513458490371704,0.7319331765174866,-0.019191361963748932,0.2593924105167389,0.7467224597930908,0.0009428439079783857,0.26653119921684265,0.6999147534370422,-0.011393660679459572,0.2720813453197479,0.6700310707092285,-0.023564374074339867,0.2757210433483124,0.6478856801986694,-0.03203754872083664,0.23643571138381958,0.7432311177253723,-0.005205148831009865,0.24122071266174316,0.6927278637886047,-0.016910305246710777,0.2467866688966751,0.6563923954963684,-0.02900204062461853,0.2528626322746277,0.6309045553207397,-0.037629514932632446,0.2110757976770401,0.7524797320365906,-0.01398448832333088,0.21089524030685425,0.7022171020507812,-0.027438534423708916,0.22261282801628113,0.6821324229240417,-0.03508992865681648,0.2358674705028534,0.6721448302268982,-0.03939727321267128,0.18477153778076172,0.7744428515434265,-0.023720094934105873,0.16988855600357056,0.7342162132263184,-0.037397600710392,0.16209876537322998,0.7027623057365417,-0.04313008859753609,0.158156156539917,0.6771725416183472,-0.046199191361665726,hello
0.264987587928772,0.8793678283691406,3.025231478659407e-07,0.30596569180488586,0.830459713935852,-0.01681436039507389,0.34122246503829956,0.7605656385421753,-0.0212531927973032,0.36683139204978943,0.7107263207435608,-0.02643580362200737,0.3843112289905548,0.6693531274795532,-0.030937761068344116,0.2917781472206116,0.6765740513801575,0.002536257728934288,0.30017855763435364,0.6230590343475342,-0.016144024208188057,0.31509947776794434,0.6209800839424133,-0.03277445212006569,0.3296908438205719,0.6280158758163452,-0.04235829785466194,0.2609007954597473,0.6770764589309692,-0.0014149605995044112,0.2606128752231598,0.6052456498146057,-0.013808016665279865,0.2661934792995453,0.5654509663581848,-0.027725258842110634,0.2750936448574066,0.5408795475959778,-0.037155475467443466,0.23077113926410675,0.6946542859077454,-0.010593174025416374,0.22606928646564484,0.6240848898887634,-0.02717043273150921,0.22989200055599213,0.5803380608558655,-0.03936178237199783,0.23957058787345886,0.549506425857544,-0.04647377133369446,0.2015567123889923,0.7290788292884827,-0.021859154105186462,0.18464215099811554,0.6822574138641357,-0.04007428139448166,0.17134319245815277,0.6419880986213684,-0.04877709969878197,0.16333302855491638,0.6059259176254272,-0.05295803025364876,hello
0.23728299140930176,0.9000568389892578,2.855663012724108e-07,0.26653969287872314,0.8569098711013794,-0.004712321329861879,0.28314316272735596,0.7984635233879089,-0.006415557581931353,0.294087678194046,0.7571895122528076,-0.010128210298717022,0.3026251792907715,0.7239043116569519,-0.014684640802443027,0.25371745228767395,0.7490054965019226,0.005722622852772474,0.26061102747917175,0.7049152255058289,-0.006779002957046032,0.2699580490589142,0.6754158735275269,-0.019650399684906006,0.27808478474617004,0.654160737991333,-0.02844678983092308,0.23249086737632751,0.7452040910720825,-0.0013242019340395927,0.23866252601146698,0.697415828704834,-0.0127214090898633,0.24799394607543945,0.6613980531692505,-0.02492370270192623,0.25946637988090515,0.6344500780105591,-0.03343261778354645,0.2082768827676773,0.7528430819511414,-0.011165986768901348,0.2088596373796463,0.7033305168151855,-0.02411189302802086,0.2199769765138626,0.6762287616729736,-0.03215290606021881,0.2343320995569229,0.657435417175293,-0.036807067692279816,0.1829136610031128,0.7741642594337463,-0.021818865090608597,0.1682896465063095,0.734401285648346,-0.035025645047426224,0.15940457582473755,0.7019820213317871,-0.04066452011466026,0.15478195250034332,0.6743741631507874,-0.04366234317421913,hello
0.24332205951213837,0.9024626016616821,3.328546540615207e-07,0.2758975625038147,0.860327959060669,-0.007068546023219824,0.2981656789779663,0.799008309841156,-0.009473464451730251,0.30866357684135437,0.7564356923103333,-0.01365210022777319,0.3173498511314392,0.7219720482826233,-0.018764039501547813,0.26851847767829895,0.7404001951217651,0.004062057007104158,0.2814251184463501,0.6980994939804077,-0.009130317717790604,0.297841876745224,0.6678066253662109,-0.022651199251413345,0.3125970959663391,0.6487668752670288,-0.03193541243672371,0.24402348697185516,0.7365189790725708,-0.002614398719742894,0.25507259368896484,0.691280722618103,-0.01806064136326313,0.27256473898887634,0.6735889315605164,-0.03261706233024597,0.2904895842075348,0.6714604496955872,-0.0409514494240284,0.21521764993667603,0.7456664443016052,-0.012154056690633297,0.21492919325828552,0.6922827959060669,-0.028689058497548103,0.22413688898086548,0.6660522818565369,-0.03971755504608154,0.23624657094478607,0.6512537598609924,-0.04535479098558426,0.18490689992904663,0.7703028321266174,-0.022407906129956245,0.16526907682418823,0.724017858505249,-0.03861750289797783,0.1524536907672882,0.6872265934944153,-0.04703843221068382,0.1442335695028305,0.6569074392318726,-0.051522187888622284,hello
0.24723342061042786,0.9011557698249817,3.527098328959255e-07,0.2791767120361328,0.8580615520477295,-0.015698371455073357,0.30482837557792664,0.7900815010070801,-0.019751112908124924,0.31899288296699524,0.7439139485359192,-0.023570749908685684,0.32917892932891846,0.7060052156448364,-0.027785083279013634,0.26854369044303894,0.7290486693382263,-0.004838088992983103,0.2747010588645935,0.6811196208000183,-0.01948639005422592,0.28300416469573975,0.65232914686203,-0.03257178142666817,0.289715439081192,0.6312414407730103,-0.04097955301403999,0.24120701849460602,0.7273442149162292,-0.007759120315313339,0.2437024712562561,0.6687586903572083,-0.019373169168829918,0.2487284392118454,0.627804696559906,-0.03086591511964798,0.2550656199455261,0.5987770557403564,-0.038680266588926315,0.21284180879592896,0.7399665713310242,-0.014509295113384724,0.2074698954820633,0.6800609827041626,-0.02893025428056717,0.20905226469039917,0.6447069644927979,-0.038117170333862305,0.2138068675994873,0.6209224462509155,-0.0433015413582325,0.18272604048252106,0.7668576836585999,-0.0230361670255661,0.16544243693351746,0.7219972014427185,-0.03830425441265106,0.1540590524673462,0.6869854927062988,-0.04506527632474899,0.1469210982322693,0.6571779251098633,-0.04843071848154068,hello
0.24734903872013092,0.9027387499809265,3.3220641171283205e-07,0.2803473472595215,0.8665814399719238,-0.016342658549547195,0.30943527817726135,0.8049463629722595,-0.021453814581036568,0.32529544830322266,0.7646751999855042,-0.02643471397459507,0.3338821828365326,0.7331843972206116,-0.03161592036485672,0.2737153470516205,0.7280900478363037,-0.004385711625218391,0.279047429561615,0.6815907955169678,-0.019867951050400734,0.28339195251464844,0.6551621556282043,-0.03362223878502846,0.2864629924297333,0.6372090578079224,-0.0419868603348732,0.2448766976594925,0.7259502410888672,-0.007438340224325657,0.24697063863277435,0.6680693030357361,-0.018514230847358704,0.24913373589515686,0.6260709166526794,-0.028960056602954865,0.25295916199684143,0.5933212041854858,-0.035740990191698074,0.21513532102108002,0.7388405799865723,-0.0145636685192585,0.21062485873699188,0.6810721755027771,-0.02912597917020321,0.21267026662826538,0.6467874646186829,-0.037225060164928436,0.21715933084487915,0.6222200393676758,-0.04108020290732384,0.18393424153327942,0.7659611105918884,-0.023613711819052696,0.16746178269386292,0.7216591238975525,-0.03935983031988144,0.1566023826599121,0.6869805455207825,-0.04544409364461899,0.14973677694797516,0.656133234500885,-0.047626521438360214,hello
0.24920055270195007,0.8990740776062012,3.7830054111509526e-07,0.2822054326534271,0.860383927822113,-0.01644357293844223,0.31106579303741455,0.7975528836250305,-0.022299816831946373,0.32834750413894653,0.7577952146530151,-0.02784242480993271,0.3390427231788635,0.7259652614593506,-0.03406437486410141,0.2731165885925293,0.724922239780426,-0.008382278494536877,0.2804345190525055,0.6768287420272827,-0.026103928685188293,0.2912541925907135,0.6524977684020996,-0.04134826734662056,0.3009522259235382,0.6378530263900757,-0.05069255828857422,0.24537771940231323,0.7236170768737793,-0.012162773869931698,0.24897323548793793,0.6622713804244995,-0.02576148882508278,0.2559643089771271,0.6209405064582825,-0.038494773209095,0.264585018157959,0.592345118522644,-0.04706837981939316,0.21564562618732452,0.7375761866569519,-0.019813498482108116,0.21083180606365204,0.6762668490409851,-0.03596913069486618,0.21454164385795593,0.6381974220275879,-0.04599937051534653,0.22177743911743164,0.610872745513916,-0.05162284895777702,0.18435567617416382,0.7668792009353638,-0.029203955084085464,0.16789737343788147,0.7213780879974365,-0.04588263854384422,0.1577725112438202,0.6857344508171082,-0.05287958309054375,0.15202543139457703,0.6540624499320984,-0.056208863854408264,hello
0.25129255652427673,0.895578920841217,3.887659829615586e-07,0.28371086716651917,0.8565760254859924,-0.015649396926164627,0.3122883439064026,0.7940117120742798,-0.020787401124835014,0.32969582080841064,0.7548064589500427,-0.025777332484722137,0.3389051854610443,0.7227404713630676,-0.03144058585166931,0.2743353843688965,0.7191426753997803,-0.007197024300694466,0.2840263843536377,0.672454833984375,-0.024218453094363213,0.2954808473587036,0.6465465426445007,-0.03939276561141014,0.3053504526615143,0.6300663352012634,-0.04883769154548645,0.24528232216835022,0.7174402475357056,-0.011278140358626842,0.2491207867860794,0.6542369723320007,-0.02373289316892624,0.25389739871025085,0.6114019155502319,-0.036109890788793564,0.26094332337379456,0.5792744159698486,-0.04468546807765961,0.21523413062095642,0.7318326830863953,-0.019170286133885384,0.20982450246810913,0.6694605350494385,-0.03449385613203049,0.2105226218700409,0.6285072565078735,-0.045138128101825714,0.21527940034866333,0.5976120233535767,-0.05151332542300224,0.18405641615390778,0.7623745203018188,-0.028758201748132706,0.16611725091934204,0.7167683243751526,-0.04519089683890343,0.15389268100261688,0.6820448637008667,-0.05258646979928017,0.14652042090892792,0.6509285569190979,-0.05630803480744362,hello
0.2502269744873047,0.9023591876029968,3.9024905618134653e-07,0.2836383283138275,0.8648178577423096,-0.0180867500603199,0.31347450613975525,0.8001668453216553,-0.023666394874453545,0.33122146129608154,0.7593154907226562,-0.028777575120329857,0.34132444858551025,0.7268581390380859,-0.03446273133158684,0.2755269408226013,0.7215709090232849,-0.00658774096518755,0.28202179074287415,0.6730093359947205,-0.022779477760195732,0.2886931896209717,0.6417949795722961,-0.03749767318367958,0.29399165511131287,0.6197226643562317,-0.04681980237364769,0.24620813131332397,0.7202759385108948,-0.009433804079890251,0.24874411523342133,0.6599059700965881,-0.021159755066037178,0.2515816390514374,0.6157619953155518,-0.032705772668123245,0.2564372420310974,0.5818958878517151,-0.04058601334691048,0.21568584442138672,0.7348910570144653,-0.016490934416651726,0.21074926853179932,0.6747751832008362,-0.031144335865974426,0.21206608414649963,0.6353387832641602,-0.040320854634046555,0.21648454666137695,0.6056764721870422,-0.04552340880036354,0.18323087692260742,0.7651767134666443,-0.025674963369965553,0.16672134399414062,0.7206652164459229,-0.04192598536610603,0.1558574140071869,0.6849868297576904,-0.04874225705862045,0.1493137776851654,0.6526262164115906,-0.051778510212898254,hello
0.24364124238491058,0.9009701013565063,3.4263823067703925e-07,0.2760081887245178,0.8650462627410889,-0.016931749880313873,0.3063788115978241,0.8068076372146606,-0.02307805046439171,0.3265320956707001,0.7701396346092224,-0.029007693752646446,0.3409215807914734,0.7406213283538818,-0.03589487075805664,0.2709953188896179,0.7281525135040283,-0.006179577670991421,0.27635717391967773,0.6752023100852966,-0.019428642466664314,0.2789004445075989,0.6397631168365479,-0.03233474865555763,0.2801249027252197,0.6115990281105042,-0.04171629622578621,0.24339069426059723,0.7280725836753845,-0.009431124664843082,0.2484552264213562,0.6705185174942017,-0.02046201005578041,0.25243857502937317,0.6339253187179565,-0.03269021213054657,0.25763702392578125,0.6078031063079834,-0.04153062775731087,0.21425113081932068,0.7417702674865723,-0.016207357868552208,0.21056073904037476,0.684337854385376,-0.029170403257012367,0.2123255431652069,0.6483795642852783,-0.038455478847026825,0.21654662489891052,0.6208034157752991,-0.04469652101397514,0.18278375267982483,0.7696416974067688,-0.024916207417845726,0.16907842457294464,0.7277070879936218,-0.039110660552978516,0.16029119491577148,0.6964066028594971,-0.045095767825841904,0.15485244989395142,0.6680569648742676,-0.048387326300144196,hello
0.25037986040115356,0.9136686325073242,3.2445336728414986e-07,0.28780314326286316,0.8675694465637207,-0.0181206576526165,0.3202801048755646,0.7977657914161682,-0.02282501384615898,0.34231531620025635,0.7512820363044739,-0.027447016909718513,0.3574312925338745,0.7155276536941528,-0.032310426235198975,0.2711575925350189,0.7220809459686279,-0.005059162154793739,0.27250826358795166,0.6635633707046509,-0.02232145518064499,0.27916163206100464,0.632811427116394,-0.03799748793244362,0.28700149059295654,0.6107543110847473,-0.04809078201651573,0.24068598449230194,0.7251231670379639,-0.009306294843554497,0.23234441876411438,0.6556902527809143,-0.02584538608789444,0.23722971975803375,0.6067380905151367,-0.043046288192272186,0.2469337433576584,0.5690489411354065,-0.05504980683326721,0.209965318441391,0.7448963522911072,-0.01765642873942852,0.2060967981815338,0.6893825531005859,-0.03925774618983269,0.2216959148645401,0.6788020730018616,-0.05196290835738182,0.24042539298534393,0.6749030947685242,-0.05812346935272217,0.1799250692129135,0.7785587906837463,-0.027773385867476463,0.16463613510131836,0.7376455664634705,-0.047294024378061295,0.1598173975944519,0.7083138227462769,-0.05526130646467209,0.15795189142227173,0.683162271976471,-0.059438712894916534,hello
0.24982337653636932,0.9107223749160767,2.6567025201984507e-07,0.284453809261322,0.8616771101951599,-0.012270504608750343,0.30834999680519104,0.7953250408172607,-0.016732288524508476,0.3206080198287964,0.7505201101303101,-0.021878480911254883,0.3286110758781433,0.7182074189186096,-0.02785906381905079,0.26795119047164917,0.734480082988739,-0.0053337737917900085,0.26882240176200867,0.6796923875808716,-0.022981546819210052,0.2806014120578766,0.6646485924720764,-0.03828653693199158,0.2923411726951599,0.6626877784729004,-0.04766898229718208,0.24139973521232605,0.7381997108459473,-0.010289696045219898,0.24053576588630676,0.6811940670013428,-0.02561989426612854,0.2532162070274353,0.6608700752258301,-0.04003830626606941,0.26741987466812134,0.6559147238731384,-0.04976235702633858,0.21192030608654022,0.7545053958892822,-0.018621960654854774,0.20832309126853943,0.6992445588111877,-0.03557999059557915,0.2188006192445755,0.6768813729286194,-0.046816661953926086,0.23195913434028625,0.6644567847251892,-0.05363034829497337,0.18073418736457825,0.7837859392166138,-0.0280342698097229,0.16481012105941772,0.7437950372695923,-0.04405752941966057,0.1590377688407898,0.7149384021759033,-0.05132068321108818,0.15657636523246765,0.6905969977378845,-0.05556917190551758,hello
0.26359823346138,0.8859429955482483,1.8030989679118647e-07,0.30769696831703186,0.8338024020195007,-0.017024265602231026,0.34433919191360474,0.7605767846107483,-0.02153184823691845,0.36998337507247925,0.7057561874389648,-0.027124980464577675,0.38863813877105713,0.6588379740715027,-0.032002486288547516,0.29077327251434326,0.6794584393501282,0.006757427006959915,0.295773983001709,0.626713752746582,-0.010667609050869942,0.3123781383037567,0.6350601315498352,-0.02857181616127491,0.32725194096565247,0.6527677178382874,-0.03907526284456253,0.2620227038860321,0.68406742811203,0.0032993066124618053,0.2600690424442291,0.6227102279663086,-0.011292668990790844,0.2740149199962616,0.6118460893630981,-0.029514504596590996,0.2903610169887543,0.6163182854652405,-0.04157178848981857,0.23160746693611145,0.7013568878173828,-0.005111560225486755,0.22809401154518127,0.641398549079895,-0.020958688110113144,0.24124036729335785,0.6246088743209839,-0.033157993108034134,0.2590591013431549,0.6190673112869263,-0.040319085121154785,0.20090916752815247,0.7324281334877014,-0.01577240601181984,0.18276765942573547,0.6805698275566101,-0.029276255518198013,0.17146530747413635,0.6387634873390198,-0.03595634177327156,0.1651713103055954,0.6034301519393921,-0.040010303258895874,hello
0.2479906529188156,0.9027418494224548,3.3314478287138627e-07,0.2798304259777069,0.856683075428009,-0.01570563018321991,0.3016972541809082,0.7925307750701904,-0.021787919104099274,0.31082025170326233,0.750382125377655,-0.02754657343029976,0.3180258870124817,0.7178311944007874,-0.03470594063401222,0.2640930414199829,0.7268837690353394,-0.013189967721700668,0.26368698477745056,0.6641793251037598,-0.030774937942624092,0.26077279448509216,0.6199802756309509,-0.04545129835605621,0.2571205198764801,0.5853676795959473,-0.055778950452804565,0.23639672994613647,0.7291279435157776,-0.018067143857479095,0.23147627711296082,0.6592674851417542,-0.034306760877370834,0.22650915384292603,0.6050654649734497,-0.0495591014623642,0.22278349101543427,0.5626616477966309,-0.06051100790500641,0.20866288244724274,0.7473351359367371,-0.02577245980501175,0.19998084008693695,0.6789935231208801,-0.04387959837913513,0.1973417103290558,0.636040210723877,-0.056786514818668365,0.19770801067352295,0.6019111275672913,-0.06501249223947525,0.17956477403640747,0.7805625796318054,-0.03479388728737831,0.16478046774864197,0.7403531074523926,-0.05318630486726761,0.1561095267534256,0.7092471122741699,-0.06174779310822487,0.1504533439874649,0.6823651790618896,-0.06659606099128723,hello
0.2478579729795456,0.9105113744735718,2.7506516175890283e-07,0.28090497851371765,0.8661742210388184,-0.016341064125299454,0.3057672083377838,0.804452121257782,-0.023475758731365204,0.3191094398498535,0.7627497911453247,-0.03040436841547489,0.331314355134964,0.732712984085083,-0.03838752582669258,0.2680886685848236,0.732761561870575,-0.009181960485875607,0.26853081583976746,0.6788248419761658,-0.026136841624975204,0.2726694345474243,0.6493486166000366,-0.04133320599794388,0.2764766812324524,0.6278257369995117,-0.05175688490271568,0.2408541589975357,0.7359572649002075,-0.01329056080430746,0.24011525511741638,0.6778894662857056,-0.029791487380862236,0.24579966068267822,0.6467329859733582,-0.045386653393507004,0.25253212451934814,0.6269985437393188,-0.05614899471402168,0.21165376901626587,0.7526997923851013,-0.020770056173205376,0.20730513334274292,0.6973828077316284,-0.03964671120047569,0.21423357725143433,0.6729728579521179,-0.05164361745119095,0.22339259088039398,0.6565020084381104,-0.05865117907524109,0.18037444353103638,0.7828875780105591,-0.02959681861102581,0.16329830884933472,0.7402658462524414,-0.047367993742227554,0.15594717860221863,0.710747480392456,-0.055188871920108795,0.15212970972061157,0.6856428384780884,-0.0596284493803978,hello
0.25169533491134644,0.920409083366394,8.536671458614364e-08,0.28999024629592896,0.8754839897155762,-0.015119732357561588,0.32416170835494995,0.8107990622520447,-0.020957693457603455,0.3473154604434967,0.7634782195091248,-0.02770276926457882,0.36260542273521423,0.7275165319442749,-0.03422863408923149,0.2738427221775055,0.7199314832687378,-0.0008390432922169566,0.27574124932289124,0.6678773760795593,-0.016932561993598938,0.28908073902130127,0.6698106527328491,-0.033893197774887085,0.29917585849761963,0.6826512217521667,-0.044259022921323776,0.2442626953125,0.724075973033905,-0.005461116321384907,0.24075281620025635,0.6637872457504272,-0.021503128111362457,0.25551536679267883,0.6625399589538574,-0.03921402618288994,0.2685919404029846,0.6773008704185486,-0.05007312819361687,0.21335940062999725,0.7409679293632507,-0.013743758201599121,0.20956718921661377,0.6830517053604126,-0.02986907586455345,0.22199979424476624,0.670926034450531,-0.04309498146176338,0.2341936230659485,0.6713135242462158,-0.0508565716445446,0.1814742386341095,0.7707881331443787,-0.023621438071131706,0.15561777353286743,0.7187164425849915,-0.03736637532711029,0.1395825445652008,0.6823897361755371,-0.04527724161744118,0.1279100775718689,0.6529839038848877,-0.05016805976629257,hello
0.2550431787967682,0.9316533803939819,3.9226114267876255e-07,0.29452797770500183,0.8824671506881714,-0.014798576012253761,0.3274156451225281,0.8175659775733948,-0.02024599350988865,0.3511045277118683,0.7717893123626709,-0.026833640411496162,0.36496853828430176,0.7350322008132935,-0.03438737243413925,0.28012463450431824,0.7364089488983154,-0.0011045571882277727,0.2873997092247009,0.6753868460655212,-0.014910456724464893,0.2931879758834839,0.6355794072151184,-0.028933685272932053,0.2972952425479889,0.6055372953414917,-0.0383172407746315,0.24687457084655762,0.7379385828971863,-0.006035424768924713,0.24327342212200165,0.6662359833717346,-0.017083823680877686,0.24021561443805695,0.6186605095863342,-0.030345778912305832,0.2380048930644989,0.5839139223098755,-0.03901553153991699,0.21660348773002625,0.7548233866691589,-0.014502671547234058,0.20503519475460052,0.6891689300537109,-0.02718927152454853,0.1972721815109253,0.6451833844184875,-0.0367036797106266,0.192061185836792,0.6110875606536865,-0.04244154319167137,0.1874770224094391,0.7885243892669678,-0.024983473122119904,0.16665850579738617,0.7411400675773621,-0.038712866604328156,0.15067631006240845,0.7079982757568359,-0.044023267924785614,0.13864703476428986,0.677727222442627,-0.04599309340119362,hello
0.2518669068813324,0.9369216561317444,2.86549180827933e-07,0.2909749150276184,0.8862377405166626,-0.01220170222222805,0.32408782839775085,0.8197954297065735,-0.014878717251121998,0.34821775555610657,0.7736783027648926,-0.01885175332427025,0.3638521134853363,0.7390441298484802,-0.023331772536039352,0.27565717697143555,0.7484444379806519,0.00677476217970252,0.2779327929019928,0.6964455842971802,-0.004472955130040646,0.2824905514717102,0.6712586283683777,-0.01763836108148098,0.2856711745262146,0.6533870100975037,-0.026202943176031113,0.2440808117389679,0.7494551539421082,0.0027595467399805784,0.2418840378522873,0.6870943307876587,-0.005002059042453766,0.24005134403705597,0.6479619145393372,-0.01780892163515091,0.23888029158115387,0.6222703456878662,-0.026472432538866997,0.21404631435871124,0.7642057538032532,-0.004842887166887522,0.20728182792663574,0.7042834162712097,-0.01388952974230051,0.2030327469110489,0.6668001413345337,-0.022514034062623978,0.20174333453178406,0.6387284994125366,-0.0282677561044693,0.18501710891723633,0.7945995330810547,-0.01424493733793497,0.1706898808479309,0.7558247447013855,-0.023245317861437798,0.1590552031993866,0.7314258217811584,-0.02581622265279293,0.15081514418125153,0.7100335955619812,-0.026435261592268944,hello
0.25465357303619385,0.9343231320381165,3.2966804042189324e-07,0.29364070296287537,0.885036289691925,-0.015078116208314896,0.3266194760799408,0.8206028938293457,-0.02018115110695362,0.3499465882778168,0.7730759382247925,-0.025953704491257668,0.36425602436065674,0.735478937625885,-0.03254517540335655,0.2795719504356384,0.7417896389961243,-0.00157123152166605,0.28399112820625305,0.6832900047302246,-0.014230101369321346,0.286781907081604,0.6477541923522949,-0.02744879201054573,0.2883131802082062,0.6209237575531006,-0.036470912396907806,0.24656561017036438,0.7433294057846069,-0.005253505427390337,0.24117940664291382,0.6756722927093506,-0.015479134395718575,0.23637239634990692,0.630610466003418,-0.029088595882058144,0.2321087121963501,0.5973238348960876,-0.038357529789209366,0.216499462723732,0.7606593370437622,-0.012207063846290112,0.2038688063621521,0.6989955306053162,-0.02429962158203125,0.19517654180526733,0.6595001220703125,-0.035465534776449203,0.18891331553459167,0.6287298202514648,-0.04287748038768768,0.18856243789196014,0.7938686013221741,-0.02091996744275093,0.1711510419845581,0.75421142578125,-0.03383727744221687,0.15682440996170044,0.7281194925308228,-0.039750345051288605,0.14535540342330933,0.7047079801559448,-0.04258093237876892,hello
0.25526806712150574,0.9368165135383606,2.910527712174371e-07,0.2940100133419037,0.8884429931640625,-0.014501589350402355,0.3258785903453827,0.8244348764419556,-0.01966816745698452,0.3490842580795288,0.7779301404953003,-0.025661522522568703,0.3649653196334839,0.7413928508758545,-0.0324828214943409,0.2787158191204071,0.747485339641571,-0.0015478208661079407,0.2835906147956848,0.6938484907150269,-0.01488553173840046,0.2883990406990051,0.6620174646377563,-0.028502237051725388,0.29186421632766724,0.637738823890686,-0.03788650780916214,0.24672256410121918,0.748795747756958,-0.005729831755161285,0.2424713671207428,0.6849080324172974,-0.016497373580932617,0.23952323198318481,0.6436581015586853,-0.03009765036404133,0.23761804401874542,0.6127984523773193,-0.039571333676576614,0.21719138324260712,0.7657647728919983,-0.013257714919745922,0.20619657635688782,0.7057393789291382,-0.026501409709453583,0.1989143192768097,0.6668691635131836,-0.0385478213429451,0.19446957111358643,0.635696291923523,-0.04668094590306282,0.1900293529033661,0.7988845705986023,-0.022372646257281303,0.1725383698940277,0.761193573474884,-0.03672317788004875,0.15832284092903137,0.7353572249412537,-0.043732330203056335,0.1470780074596405,0.7113984823226929,-0.04749877378344536,hello
0.24257291853427887,0.9637196063995361,2.1592980203877232e-07,0.2781132757663727,0.9231181740760803,-0.014740874990820885,0.3065337836742401,0.8638966083526611,-0.0219450443983078,0.3264918625354767,0.8239957094192505,-0.03026352822780609,0.34135156869888306,0.7929251790046692,-0.03830873221158981,0.2644134759902954,0.7843220829963684,-0.0026913185138255358,0.27009499073028564,0.7331618666648865,-0.020656665787100792,0.2866618037223816,0.7249119281768799,-0.03786197304725647,0.30217885971069336,0.7292897701263428,-0.048343878239393234,0.2395225167274475,0.78409743309021,-0.00646279426291585,0.24547797441482544,0.7310075759887695,-0.02325066737830639,0.26343202590942383,0.7215441465377808,-0.03888431563973427,0.281495064496994,0.7276067733764648,-0.047862567007541656,0.21136757731437683,0.7958638668060303,-0.014001400209963322,0.20856815576553345,0.7391629815101624,-0.029256561771035194,0.214750275015831,0.7111753821372986,-0.04051882028579712,0.22321543097496033,0.6955419182777405,-0.046874310821294785,0.1817324459552765,0.8226312398910522,-0.02327578514814377,0.16319113969802856,0.7763818502426147,-0.03656034544110298,0.14903655648231506,0.7414142489433289,-0.043350111693143845,0.1387111246585846,0.7125788927078247,-0.046987779438495636,hello
0.2363128811120987,0.9598941206932068,2.8378417482599616e-07,0.2664045989513397,0.9143340587615967,-0.006498268805444241,0.283754825592041,0.8541692495346069,-0.008982238359749317,0.2922481894493103,0.8129494190216064,-0.01384644489735365,0.2964438498020172,0.7798032164573669,-0.018602104857563972,0.25372958183288574,0.7890930771827698,0.00795752089470625,0.2655385732650757,0.7411307096481323,-0.006268056109547615,0.2797546684741974,0.7183608412742615,-0.021095717325806618,0.2926035523414612,0.7054492235183716,-0.03038104809820652,0.23171329498291016,0.7870531678199768,0.0014396249316632748,0.24025487899780273,0.7333361506462097,-0.011072570458054543,0.2519647479057312,0.7084679007530212,-0.023524582386016846,0.2640867233276367,0.6950429081916809,-0.030576663091778755,0.2064777910709381,0.7961301207542419,-0.008516010828316212,0.20224106311798096,0.7358466982841492,-0.020959872752428055,0.20186205208301544,0.6977867484092712,-0.030191488564014435,0.20459306240081787,0.6694211959838867,-0.0350831113755703,0.17950698733329773,0.8201180100440979,-0.01972079649567604,0.16187453269958496,0.7732929587364197,-0.031343523412942886,0.14681263267993927,0.7367281317710876,-0.03660661354660988,0.13532206416130066,0.7050729990005493,-0.038995545357465744,hello
0.2657593786716461,0.8837676048278809,2.554589570991084e-07,0.3080424666404724,0.8320481777191162,-0.018186205998063087,0.3442710041999817,0.7606579065322876,-0.023466572165489197,0.37082457542419434,0.7084125280380249,-0.02958361990749836,0.38792818784713745,0.6612029075622559,-0.034359462559223175,0.29106369614601135,0.6785898208618164,0.002727330196648836,0.29657143354415894,0.6235820651054382,-0.018534675240516663,0.31148362159729004,0.6350160241127014,-0.03691580519080162,0.3249645233154297,0.6558370590209961,-0.046421028673648834,0.26080673933029175,0.6784433126449585,-0.0007651624036952853,0.25678551197052,0.6060008406639099,-0.013240532018244267,0.2609843611717224,0.5657657384872437,-0.028231319040060043,0.26860299706459045,0.541395902633667,-0.03866083174943924,0.23086398839950562,0.6942825317382812,-0.009972898289561272,0.2234243005514145,0.62164705991745,-0.025525560602545738,0.22560852766036987,0.5778201222419739,-0.03711448237299919,0.2346959412097931,0.5491057634353638,-0.043823160231113434,0.20110592246055603,0.7263783812522888,-0.021663174033164978,0.18237747251987457,0.6734222173690796,-0.03740449622273445,0.16883349418640137,0.6295483112335205,-0.04449879005551338,0.16151732206344604,0.5925701856613159,-0.047740377485752106,hello
0.2283913642168045,0.9555419683456421,3.0072493473198847e-07,0.2582928538322449,0.911371648311615,-0.005356121342629194,0.27388444542884827,0.8546345233917236,-0.007540745660662651,0.28190580010414124,0.8141391277313232,-0.012010449543595314,0.2847883105278015,0.7807115912437439,-0.016995208337903023,0.25032609701156616,0.7963742613792419,0.007349962834268808,0.2641317546367645,0.7505740523338318,-0.00533937057480216,0.276123046875,0.7189836502075195,-0.018884645774960518,0.2868086099624634,0.6955331563949585,-0.028126055374741554,0.23130394518375397,0.7921575903892517,0.0005076605593785644,0.24283134937286377,0.7398301362991333,-0.011129127815365791,0.2529412806034088,0.7072373628616333,-0.023118024691939354,0.2638593316078186,0.684924840927124,-0.030506597831845284,0.20741242170333862,0.7993293404579163,-0.009322184138000011,0.20739948749542236,0.7415862083435059,-0.02131989412009716,0.20819365978240967,0.7011029720306396,-0.03052528016269207,0.2114998698234558,0.668773889541626,-0.035964950919151306,0.1807493269443512,0.8214066624641418,-0.020131072029471397,0.16598618030548096,0.7807323932647705,-0.031981080770492554,0.15327012538909912,0.7480954527854919,-0.03734946623444557,0.143644779920578,0.7189154624938965,-0.04004485905170441,hello
0.22901524603366852,0.9518238306045532,2.898873674439528e-07,0.25855106115341187,0.9067645072937012,-0.005380567163228989,0.27318039536476135,0.8490598797798157,-0.00781644694507122,0.28039541840553284,0.8076964616775513,-0.012473365291953087,0.28287968039512634,0.7737231850624084,-0.017711838707327843,0.2515479624271393,0.7940584421157837,0.005558776203542948,0.2649246156215668,0.747715175151825,-0.00868477113544941,0.2765165865421295,0.7186931371688843,-0.022732045501470566,0.28709349036216736,0.699651837348938,-0.031852710992097855,0.2315445840358734,0.7896329760551453,-0.0011122709838673472,0.24101383984088898,0.7365673780441284,-0.01329156756401062,0.24959947168827057,0.7039380073547363,-0.025052471086382866,0.25944462418556213,0.6828107237815857,-0.03216727077960968,0.20728349685668945,0.7977274656295776,-0.010782022029161453,0.20594649016857147,0.7396302819252014,-0.022944625467061996,0.204453244805336,0.699108898639679,-0.03189535811543465,0.2057337611913681,0.6673473119735718,-0.03722945228219032,0.18093694746494293,0.8209635615348816,-0.021356957033276558,0.1680116057395935,0.7832325100898743,-0.03317105397582054,0.15663090348243713,0.7523423433303833,-0.038319624960422516,0.14831247925758362,0.7247048616409302,-0.04082246124744415,hello
0.24509957432746887,0.9735183715820312,2.551765874159173e-07,0.2783529460430145,0.9365991950035095,-0.01839905045926571,0.30529364943504333,0.8865869045257568,-0.029222454875707626,0.3237919807434082,0.85512375831604,-0.040690064430236816,0.3395267128944397,0.8297844529151917,-0.05191883444786072,0.26597872376441956,0.7823213934898376,-0.005492858588695526,0.27171590924263,0.7313030958175659,-0.024515323340892792,0.28865882754325867,0.72482830286026,-0.04327933490276337,0.3036600649356842,0.7301322817802429,-0.05526001751422882,0.23847079277038574,0.7834136486053467,-0.009524554945528507,0.24067583680152893,0.7271135449409485,-0.02787158451974392,0.2590293884277344,0.7212232947349548,-0.04545046389102936,0.27699771523475647,0.7301992177963257,-0.05594588443636894,0.20865897834300995,0.7988068461418152,-0.01771528460085392,0.2032364159822464,0.7375013828277588,-0.03587469086050987,0.2121448814868927,0.7108299136161804,-0.04950765147805214,0.2228177785873413,0.6951128244400024,-0.057162411510944366,0.17802764475345612,0.8300162553787231,-0.02779586985707283,0.15843750536441803,0.7777913808822632,-0.04388722777366638,0.1447814702987671,0.7395392656326294,-0.052296966314315796,0.13516367971897125,0.706719696521759,-0.05701897293329239,hello
0.21670182049274445,0.9570825695991516,1.364614661270025e-07,0.24673300981521606,0.9066065549850464,-0.0008875589701347053,0.2594505548477173,0.8460648059844971,-0.002788770478218794,0.26736077666282654,0.8011864423751831,-0.008346309885382652,0.27477049827575684,0.7666510939598083,-0.014047441072762012,0.23893427848815918,0.8034589290618896,0.007872163318097591,0.25110694766044617,0.757082998752594,-0.007407057099044323,0.2688155770301819,0.7375537753105164,-0.022223278880119324,0.2858465909957886,0.7276526689529419,-0.03136792778968811,0.22273993492126465,0.8015320897102356,-0.001745586283504963,0.2373799979686737,0.7560226321220398,-0.018330348655581474,0.2564132511615753,0.7383056879043579,-0.032386235892772675,0.2755243182182312,0.7307034134864807,-0.040108926594257355,0.2002817690372467,0.8083801865577698,-0.01399580854922533,0.20576873421669006,0.7584469318389893,-0.029980594292283058,0.22218216955661774,0.7317367792129517,-0.0388699471950531,0.2401110976934433,0.713559627532959,-0.04277165234088898,0.1733648180961609,0.825164794921875,-0.026780609041452408,0.15840445458889008,0.7797008156776428,-0.03868790715932846,0.14714345335960388,0.7445358633995056,-0.0431692935526371,0.1402573436498642,0.7146387100219727,-0.04541024938225746,hello
0.2190583497285843,0.9579271078109741,3.116930997748568e-07,0.2557802200317383,0.9099022746086121,-0.009533415548503399,0.27543097734451294,0.8467648029327393,-0.015019728802144527,0.2837674021720886,0.7988803386688232,-0.022084277123212814,0.28542056679725647,0.7603458166122437,-0.029654424637556076,0.2538149654865265,0.7887645363807678,-0.003722691209986806,0.26598185300827026,0.7353976368904114,-0.02286994829773903,0.27468281984329224,0.6985337138175964,-0.04041079431772232,0.28182700276374817,0.6708648204803467,-0.05165981501340866,0.23046335577964783,0.7841540575027466,-0.010609838180243969,0.23585794866085052,0.7197144031524658,-0.026544397696852684,0.23754234611988068,0.6706373691558838,-0.041393376886844635,0.24021504819393158,0.6320441961288452,-0.05141405016183853,0.20229771733283997,0.7935742139816284,-0.02055024728178978,0.20217056572437286,0.7324972152709961,-0.03604419529438019,0.2028486281633377,0.6905965209007263,-0.04609319940209389,0.20522598922252655,0.6586673855781555,-0.05211922153830528,0.17120231688022614,0.8173531889915466,-0.031822673976421356,0.15689468383789062,0.7735710740089417,-0.04566796123981476,0.1440601646900177,0.7392317056655884,-0.05127618834376335,0.13420891761779785,0.7102376818656921,-0.0542110912501812,hello
0.2224416434764862,0.951640784740448,3.1100577757570136e-07,0.2579244375228882,0.9085671305656433,-0.012695697136223316,0.27979201078414917,0.8496577143669128,-0.02123398706316948,0.2919653654098511,0.8056128025054932,-0.030561503022909164,0.2989377975463867,0.7699330449104309,-0.040332842618227005,0.24963122606277466,0.7838088870048523,-0.011653919704258442,0.26159945130348206,0.7308620810508728,-0.03343662992119789,0.27476194500923157,0.7011982798576355,-0.05208969488739967,0.2869526743888855,0.680794894695282,-0.06385549157857895,0.22749833762645721,0.7811185717582703,-0.017846228554844856,0.2354816496372223,0.7189563512802124,-0.03748903051018715,0.24463489651679993,0.6796267628669739,-0.05351250618696213,0.2535809874534607,0.6519315242767334,-0.06387932598590851,0.20139114558696747,0.7934390902519226,-0.027127506211400032,0.20063260197639465,0.7314289212226868,-0.045535460114479065,0.20621737837791443,0.6969137787818909,-0.056899748742580414,0.21307314932346344,0.6725368499755859,-0.0635482594370842,0.17362108826637268,0.8212680220603943,-0.03776340186595917,0.1555890440940857,0.7785230278968811,-0.05429864302277565,0.14279881119728088,0.7433925271034241,-0.06224755942821503,0.13354386389255524,0.7139524221420288,-0.06687114387750626,hello
0.22171151638031006,0.9512499570846558,3.290905681296863e-07,0.25883808732032776,0.9103818535804749,-0.010972541756927967,0.2801513075828552,0.8498091101646423,-0.01634463109076023,0.2904903292655945,0.8044486045837402,-0.022845441475510597,0.293743759393692,0.7692916393280029,-0.02948903478682041,0.25134116411209106,0.7870597839355469,-0.006384337320923805,0.2616519331932068,0.7321141958236694,-0.023634495213627815,0.2685738801956177,0.6944965124130249,-0.038824379444122314,0.2738928198814392,0.6652323007583618,-0.04802754893898964,0.2283632457256317,0.7822499871253967,-0.012416064739227295,0.22900179028511047,0.7179195284843445,-0.027883799746632576,0.22926360368728638,0.6637127995491028,-0.04166397824883461,0.23139919340610504,0.6193867325782776,-0.050911784172058105,0.20179586112499237,0.793505847454071,-0.02126668393611908,0.20286740362644196,0.7372645735740662,-0.038195449858903885,0.21325303614139557,0.7088018655776978,-0.047820597887039185,0.2241521179676056,0.6899594664573669,-0.05252134054899216,0.17311328649520874,0.8193217515945435,-0.03137641027569771,0.1562206894159317,0.7775068283081055,-0.04614497721195221,0.14276202023029327,0.7434718608856201,-0.05168871209025383,0.1315138339996338,0.7154437303543091,-0.05431019514799118,hello
0.2034209817647934,0.9504327774047852,2.5027676997524395e-07,0.22874534130096436,0.9018962383270264,0.002837955020368099,0.2405119389295578,0.8441136479377747,0.0009483398171141744,0.2518203556537628,0.8012591600418091,-0.004475574009120464,0.2623387575149536,0.7666094899177551,-0.010810146108269691,0.22592651844024658,0.8157656192779541,0.006342023611068726,0.24670211970806122,0.7733476758003235,-0.006412554066628218,0.26188355684280396,0.7431827783584595,-0.01815682090818882,0.27398866415023804,0.7206612825393677,-0.02658681757748127,0.21175485849380493,0.8087990880012512,-0.004173762630671263,0.22933655977249146,0.761743426322937,-0.017054976895451546,0.240987628698349,0.730912446975708,-0.02703092060983181,0.25195226073265076,0.7090426087379456,-0.033530622720718384,0.19038823246955872,0.8116825222969055,-0.016710534691810608,0.18550574779510498,0.7521277666091919,-0.030657393857836723,0.17660214006900787,0.7078014016151428,-0.04036916419863701,0.17004266381263733,0.671491801738739,-0.04659111797809601,0.16670480370521545,0.8264616131782532,-0.028928520157933235,0.15199145674705505,0.7819868922233582,-0.041439659893512726,0.13772867619991302,0.7505687475204468,-0.04724397510290146,0.12536199390888214,0.7226752042770386,-0.05122201889753342,hello
0.2095668911933899,0.960243821144104,1.8651827815574507e-07,0.24501843750476837,0.907303512096405,-0.005591685883700848,0.2585228383541107,0.8479244709014893,-0.010784423910081387,0.2641664743423462,0.8048958778381348,-0.01901424117386341,0.2690194249153137,0.7707065939903259,-0.027495136484503746,0.23868994414806366,0.7968574166297913,0.0022714054211974144,0.25308701395988464,0.7527348399162292,-0.017925765365362167,0.27281251549720764,0.7339482307434082,-0.03733227401971817,0.2909950613975525,0.7280105948448181,-0.04901570826768875,0.21975716948509216,0.7940399050712585,-0.0065214792266488075,0.23350591957569122,0.7435078024864197,-0.025865279138088226,0.25572627782821655,0.724230170249939,-0.04226650297641754,0.27784937620162964,0.719634473323822,-0.05122300237417221,0.19485202431678772,0.8028079867362976,-0.01846984215080738,0.1975475400686264,0.7453604340553284,-0.03464790806174278,0.210025817155838,0.7139242887496948,-0.044803064316511154,0.22449710965156555,0.6934230923652649,-0.049834221601486206,0.16654573380947113,0.8247103691101074,-0.03154279291629791,0.15019744634628296,0.7796450257301331,-0.042684026062488556,0.1378307342529297,0.7441864609718323,-0.04704679548740387,0.1298869550228119,0.7148815393447876,-0.04928785562515259,hello
0.20252661406993866,0.9593359231948853,2.334589055408287e-07,0.2294464111328125,0.9059162139892578,-0.0003918999864254147,0.24088215827941895,0.8474339246749878,-0.003862558864057064,0.24818095564842224,0.8046557903289795,-0.010543026961386204,0.2553249001502991,0.7726840972900391,-0.017676375806331635,0.2289043366909027,0.8124976754188538,0.0027994797565042973,0.24729099869728088,0.7623386383056641,-0.014283972792327404,0.2642143964767456,0.7322463393211365,-0.030033128336071968,0.279121071100235,0.7129146456718445,-0.039476003497838974,0.21476870775222778,0.8077075481414795,-0.007059253752231598,0.2309449315071106,0.747006893157959,-0.022122349590063095,0.24399326741695404,0.7085798382759094,-0.03514916077256203,0.25643548369407654,0.6822889447212219,-0.04333675280213356,0.19278432428836823,0.8128774166107178,-0.019165415316820145,0.1971464455127716,0.750648021697998,-0.03390812128782272,0.20798304677009583,0.7177551984786987,-0.042789358645677567,0.21897630393505096,0.6962440013885498,-0.04718157649040222,0.1651308387517929,0.8276786804199219,-0.03158007189631462,0.14876483380794525,0.7824326753616333,-0.04200964793562889,0.13924311101436615,0.7498390674591064,-0.0457853227853775,0.13311350345611572,0.724220335483551,-0.04786001145839691,hello
0.2655073404312134,0.8877940773963928,2.66048033381594e-07,0.3052474856376648,0.8398077487945557,-0.015353445895016193,0.338947057723999,0.7667357921600342,-0.01893278956413269,0.36240142583847046,0.7167823910713196,-0.023908905684947968,0.376360684633255,0.67777419090271,-0.028605066239833832,0.28594309091567993,0.6878227591514587,0.0011424773838371038,0.2886028587818146,0.6356785893440247,-0.01932859979569912,0.30483758449554443,0.6352912783622742,-0.03719083592295647,0.31982001662254333,0.647818922996521,-0.046906039118766785,0.25591880083084106,0.68704754114151,-0.003910862375050783,0.24935005605220795,0.6165315508842468,-0.016343459486961365,0.2513454258441925,0.5704635977745056,-0.030108002945780754,0.2564210295677185,0.5376780033111572,-0.039690837264060974,0.22678354382514954,0.7026311755180359,-0.014180107042193413,0.218972310423851,0.6315096616744995,-0.03100494109094143,0.22087344527244568,0.5863334536552429,-0.042478278279304504,0.22720639407634735,0.5551937818527222,-0.04885447397828102,0.19759918749332428,0.7341803312301636,-0.026582179591059685,0.17834985256195068,0.6812824606895447,-0.04465750232338905,0.1635747104883194,0.6397466659545898,-0.05236216261982918,0.15390589833259583,0.6041930317878723,-0.05581524223089218,hello
0.2056611180305481,0.9592891335487366,1.251347612196696e-07,0.24050676822662354,0.906309187412262,-0.005576809402555227,0.25480180978775024,0.84800124168396,-0.010849667713046074,0.2615763545036316,0.8032184839248657,-0.01919933781027794,0.2680455446243286,0.7695615291595459,-0.02788832038640976,0.23613035678863525,0.7985090017318726,-0.000999937066808343,0.25148916244506836,0.7509024143218994,-0.02216271683573723,0.2720901668071747,0.7355166673660278,-0.04089405760169029,0.29225069284439087,0.7341790199279785,-0.05143476650118828,0.21779368817806244,0.7968075275421143,-0.009959201328456402,0.23290389776229858,0.745739221572876,-0.031865444034338,0.2577495276927948,0.7298754453659058,-0.05034952983260155,0.2830241918563843,0.7284316420555115,-0.06055806204676628,0.19380170106887817,0.8067061305046082,-0.02160421386361122,0.20320068299770355,0.756403386592865,-0.04224306717514992,0.2280038595199585,0.7440295815467834,-0.055341362953186035,0.25328364968299866,0.7416735887527466,-0.06127660721540451,0.16608786582946777,0.8281713128089905,-0.03386925905942917,0.15164470672607422,0.7870884537696838,-0.047587424516677856,0.14158102869987488,0.7554042935371399,-0.05426045507192612,0.1368027776479721,0.7297036051750183,-0.05816520005464554,hello
0.2054271399974823,0.9530435800552368,2.543596622217592e-07,0.23477691411972046,0.9025821089744568,-0.0036054751835763454,0.24690307676792145,0.8438373804092407,-0.007092779036611319,0.2528090476989746,0.8019024133682251,-0.013127485290169716,0.2601069509983063,0.7688025236129761,-0.019915828481316566,0.23515678942203522,0.8035668730735779,0.0021059520076960325,0.25164031982421875,0.7574331164360046,-0.01397597137838602,0.26497682929039,0.7261538505554199,-0.029022006317973137,0.27686357498168945,0.7039867639541626,-0.03885322064161301,0.2167159467935562,0.7984296679496765,-0.0057665444910526276,0.2290445864200592,0.7429883480072021,-0.018964344635605812,0.23880507051944733,0.7077317833900452,-0.030777769163250923,0.24899575114250183,0.6832350492477417,-0.038531869649887085,0.19325916469097137,0.8049551248550415,-0.016267387196421623,0.19208315014839172,0.7455821633338928,-0.029136542230844498,0.19198432564735413,0.7066081762313843,-0.03789972513914108,0.19429969787597656,0.675214409828186,-0.04342586174607277,0.16672517359256744,0.8246894478797913,-0.02745160087943077,0.151682049036026,0.7852805852890015,-0.03865046799182892,0.1403294801712036,0.755958080291748,-0.04338212311267853,0.13188928365707397,0.731100857257843,-0.04616321623325348,hello
0.22400249540805817,0.9629415273666382,2.1715834463975625e-07,0.25836360454559326,0.917007565498352,-0.011489762924611568,0.2762756943702698,0.8565135598182678,-0.017798250541090965,0.2814081609249115,0.8093491792678833,-0.02528565376996994,0.2817891240119934,0.7725145220756531,-0.03300200030207634,0.2491382658481598,0.7948648929595947,-0.005974182393401861,0.2601602077484131,0.7448725700378418,-0.025256935507059097,0.27848291397094727,0.7205230593681335,-0.04264603927731514,0.29614758491516113,0.7080802321434021,-0.05288953706622124,0.22831560671329498,0.7933878302574158,-0.011410586535930634,0.23757559061050415,0.7393442392349243,-0.031206097453832626,0.258951872587204,0.7210026383399963,-0.04745993763208389,0.2801072299480438,0.7169007062911987,-0.05629881098866463,0.2013152837753296,0.8038241863250732,-0.019794194027781487,0.20499685406684875,0.7491780519485474,-0.0384022518992424,0.223781555891037,0.7293785810470581,-0.04907291755080223,0.24310971796512604,0.7209932208061218,-0.05368954315781593,0.17032490670681,0.8267164826393127,-0.02934475615620613,0.15138612687587738,0.779861330986023,-0.04312185198068619,0.1403622031211853,0.7422964572906494,-0.0489792674779892,0.13366270065307617,0.7132534980773926,-0.05179348587989807,hello
0.22294682264328003,0.9597939252853394,1.639120910112979e-07,0.2568742632865906,0.912519633769989,-0.009336940012872219,0.2734261155128479,0.8524524569511414,-0.013569841161370277,0.2796386182308197,0.8062469959259033,-0.019807027652859688,0.28202372789382935,0.7707456350326538,-0.025860697031021118,0.24693474173545837,0.799245297908783,-0.0025940691120922565,0.2561867833137512,0.7493904232978821,-0.021851181983947754,0.2679552435874939,0.7318125367164612,-0.03828500583767891,0.2779865264892578,0.7243005037307739,-0.04700582101941109,0.22472380101680756,0.7943488955497742,-0.009418892674148083,0.22555920481681824,0.7354496121406555,-0.02595427818596363,0.2313401997089386,0.6933990716934204,-0.04044415056705475,0.23921065032482147,0.6639735698699951,-0.049552999436855316,0.1983945220708847,0.8034087419509888,-0.019749721512198448,0.1980966031551361,0.7517737746238708,-0.03825914487242699,0.21348591148853302,0.7340764403343201,-0.04849264770746231,0.2298998236656189,0.7282269597053528,-0.05251523107290268,0.16916483640670776,0.8236537575721741,-0.03124171681702137,0.14957673847675323,0.7744038701057434,-0.04507138207554817,0.135212242603302,0.7354267835617065,-0.05034472420811653,0.1252257227897644,0.7043790221214294,-0.052891235798597336,hello
0.21774455904960632,0.961513876914978,2.3095967094377556e-07,0.2518550157546997,0.9158149361610413,-0.011975712142884731,0.26920875906944275,0.8585734367370605,-0.018538348376750946,0.2760494351387024,0.8129847049713135,-0.026540210470557213,0.27946406602859497,0.7782436609268188,-0.03458687290549278,0.24538467824459076,0.799336850643158,-0.003418974345549941,0.25719135999679565,0.7502737641334534,-0.022413549944758415,0.2733699083328247,0.7245590686798096,-0.03979874029755592,0.2891465425491333,0.7085161805152893,-0.050484199076890945,0.2237960696220398,0.7967039942741394,-0.008290974423289299,0.2341403067111969,0.7445495128631592,-0.02692657709121704,0.2529984712600708,0.7218571901321411,-0.042233649641275406,0.2727956175804138,0.7103232145309448,-0.05090907961130142,0.19750232994556427,0.8058367371559143,-0.01649155467748642,0.2032376378774643,0.7555921077728271,-0.034264568239450455,0.21909399330615997,0.732040286064148,-0.04414849728345871,0.23558244109153748,0.7162531018257141,-0.04859130084514618,0.16808323562145233,0.8271612524986267,-0.02607038803398609,0.15692153573036194,0.7868947982788086,-0.03927040845155716,0.1476871371269226,0.7559627294540405,-0.04414539411664009,0.1415734887123108,0.7293359041213989,-0.046329937875270844,hello
0.21563103795051575,0.9560898542404175,2.237980964991948e-07,0.24591374397277832,0.9077198505401611,-0.009560947306454182,0.25931188464164734,0.8490985631942749,-0.01554977148771286,0.26427406072616577,0.8031942844390869,-0.022724848240613937,0.26791703701019287,0.7693168520927429,-0.029939668253064156,0.24162015318870544,0.798822820186615,-0.006832864601165056,0.255295068025589,0.7476697564125061,-0.025041403248906136,0.2685113549232483,0.7156276106834412,-0.040307722985744476,0.28050047159194946,0.6930950880050659,-0.04949961602687836,0.22310632467269897,0.7959232926368713,-0.012685319408774376,0.2345602810382843,0.7406192421913147,-0.030931605026125908,0.24885737895965576,0.7085279822349548,-0.044742848724126816,0.26345935463905334,0.6865270137786865,-0.05274476483464241,0.1984848827123642,0.8041184544563293,-0.021264657378196716,0.20341214537620544,0.7520885467529297,-0.039531923830509186,0.21809348464012146,0.7257172465324402,-0.04907262697815895,0.2329312562942505,0.7077938914299011,-0.0531485378742218,0.16963599622249603,0.8230371475219727,-0.030810579657554626,0.1533227264881134,0.7793118953704834,-0.04459211230278015,0.14155539870262146,0.7446826100349426,-0.05002318322658539,0.13319388031959534,0.7145516872406006,-0.05266682058572769,hello
0.22122357785701752,0.9586334824562073,3.1305981451623666e-07,0.25759607553482056,0.9195429086685181,-0.011044134385883808,0.2799507975578308,0.8622645139694214,-0.01799454353749752,0.2929258346557617,0.8209540843963623,-0.02659481205046177,0.29808446764945984,0.7877860069274902,-0.03556782752275467,0.24920326471328735,0.796054482460022,-0.0024557970464229584,0.2668587863445282,0.7484777569770813,-0.019933898001909256,0.28536713123321533,0.7199919819831848,-0.036621663719415665,0.3018033802509308,0.7008514404296875,-0.047767676413059235,0.2268906682729721,0.7926217913627625,-0.008532531559467316,0.24098601937294006,0.7415395379066467,-0.026453934609889984,0.2605367600917816,0.721243679523468,-0.04109920933842659,0.27914679050445557,0.7148373126983643,-0.04927543178200722,0.20035046339035034,0.8024369478225708,-0.01795804686844349,0.19824202358722687,0.7427825927734375,-0.03384946659207344,0.2021978795528412,0.7065243721008301,-0.04361271858215332,0.20870447158813477,0.6809216141700745,-0.04884406551718712,0.17257992923259735,0.8271798491477966,-0.02889065258204937,0.15432016551494598,0.782662570476532,-0.042564645409584045,0.1401844024658203,0.7471035122871399,-0.04884767159819603,0.12996596097946167,0.7169944047927856,-0.05220864340662956,hello
0.1766618937253952,0.9486156105995178,2.8435738386178855e-07,0.21811741590499878,0.9010373950004578,-0.01964864321053028,0.2515362799167633,0.8300121426582336,-0.03019273467361927,0.27686119079589844,0.7756316065788269,-0.04060213267803192,0.2915372848510742,0.7281093597412109,-0.05228457972407341,0.1995498090982437,0.760113000869751,-0.015405626967549324,0.20880718529224396,0.6881774067878723,-0.034046389162540436,0.21755187213420868,0.637317419052124,-0.05067512392997742,0.2246394157409668,0.6014480590820312,-0.06277060508728027,0.1669463962316513,0.7647464871406555,-0.018764294683933258,0.16815420985221863,0.7229946851730347,-0.045060452073812485,0.18287953734397888,0.7266172170639038,-0.06442885100841522,0.19800226390361786,0.7403021454811096,-0.07544822245836258,0.1338384598493576,0.7855237722396851,-0.02499050833284855,0.13644853234291077,0.7409369945526123,-0.05080662667751312,0.1550523042678833,0.7411202788352966,-0.06162714213132858,0.17413847148418427,0.7532640099525452,-0.06631689518690109,0.102484330534935,0.81784987449646,-0.03269771486520767,0.08243893086910248,0.776940107345581,-0.05513478443026543,0.07962097227573395,0.7526960372924805,-0.06464259326457977,0.08279270678758621,0.735355019569397,-0.06957145780324936,hello
0.26297110319137573,0.8728631734848022,3.937877863791073e-07,0.30430856347084045,0.830190122127533,-0.01616811752319336,0.3382343649864197,0.7606843113899231,-0.020175129175186157,0.3627632260322571,0.7167131304740906,-0.02487717941403389,0.37728941440582275,0.6844337582588196,-0.03026062250137329,0.2905104458332062,0.6693459749221802,-0.002079334808513522,0.29492074251174927,0.6054388284683228,-0.018355829641222954,0.3014865517616272,0.5688794255256653,-0.033635083585977554,0.3077452480792999,0.5456162691116333,-0.04355933889746666,0.2574409544467926,0.6696402430534363,-0.007484876550734043,0.25055140256881714,0.5919475555419922,-0.02071700245141983,0.24959789216518402,0.5373026728630066,-0.03635650500655174,0.25247952342033386,0.4957062602043152,-0.04703180491924286,0.22748330235481262,0.6889171600341797,-0.0170171856880188,0.21749475598335266,0.6136994957923889,-0.03446730226278305,0.21541571617126465,0.5618547201156616,-0.050081517547369,0.2177637666463852,0.5199014544487,-0.05989246442914009,0.19937624037265778,0.7264248132705688,-0.028283335268497467,0.1783251017332077,0.6770399212837219,-0.04861995950341225,0.16246116161346436,0.6385575532913208,-0.05984262004494667,0.1520421802997589,0.6021591424942017,-0.06597587466239929,hello
0.21601948142051697,0.9640668034553528,1.7580771327629918e-07,0.2512098550796509,0.9161810278892517,-0.008857973851263523,0.26831191778182983,0.8554449081420898,-0.014456822536885738,0.27454158663749695,0.8083495497703552,-0.02184104360640049,0.27656590938568115,0.7722192406654358,-0.029466772451996803,0.24165506660938263,0.7996125221252441,-0.005477997940033674,0.2546893358230591,0.7496727705001831,-0.02488139644265175,0.27549999952316284,0.7277061939239502,-0.04154996573925018,0.2955717444419861,0.7177368402481079,-0.05133626610040665,0.22155384719371796,0.7988529205322266,-0.012616604566574097,0.23319995403289795,0.745525598526001,-0.034766510128974915,0.2585502862930298,0.7316164970397949,-0.051798414438962936,0.2829487919807434,0.7316177487373352,-0.060621872544288635,0.19568884372711182,0.8096461296081543,-0.02235696092247963,0.2000955045223236,0.7549248337745667,-0.043576765805482864,0.22454994916915894,0.7410706281661987,-0.054923877120018005,0.24887338280677795,0.7379912734031677,-0.05931786075234413,0.16706642508506775,0.8320600986480713,-0.0329352505505085,0.14631225168704987,0.7837280631065369,-0.04822413995862007,0.13285991549491882,0.7436438798904419,-0.05520329996943474,0.12439105659723282,0.7116174101829529,-0.05892523005604744,hello
0.20380328595638275,0.9614254236221313,1.5671736264266656e-07,0.23068904876708984,0.910746693611145,0.004609124269336462,0.24201519787311554,0.8524852395057678,0.0036579167935997248,0.25217652320861816,0.8096308708190918,-0.0014138997066766024,0.2618613839149475,0.7763441205024719,-0.007129306439310312,0.2245512753725052,0.825104296207428,0.009756781160831451,0.2439475655555725,0.7810061573982239,-0.003343895310536027,0.26208850741386414,0.7553929090499878,-0.016071002930402756,0.27664557099342346,0.738530695438385,-0.024621794000267982,0.2121056169271469,0.8178085684776306,-0.0012478646822273731,0.22974848747253418,0.7652922868728638,-0.013121439144015312,0.24512320756912231,0.7381354570388794,-0.02290305122733116,0.2586112916469574,0.7200536727905273,-0.029413335025310516,0.1915903389453888,0.818432629108429,-0.0142536461353302,0.19357366859912872,0.7554910182952881,-0.026157520711421967,0.1981087028980255,0.7170088291168213,-0.03297047317028046,0.20265290141105652,0.6865563988685608,-0.03722057491540909,0.16656869649887085,0.8287152647972107,-0.02716120518743992,0.1503143310546875,0.7844492793083191,-0.037282999604940414,0.13940297067165375,0.7514331936836243,-0.04111374169588089,0.1307646781206131,0.7224826812744141,-0.04369591921567917,hello
0.20596662163734436,0.961349368095398,1.6351160070371407e-07,0.2343764752149582,0.9083492755889893,0.0013435612199828029,0.24554556608200073,0.8492052555084229,6.945261702639982e-05,0.25524938106536865,0.8051216006278992,-0.005115308333188295,0.2652132511138916,0.7715262770652771,-0.010404616594314575,0.22646354138851166,0.8176156282424927,0.00943649560213089,0.24570117890834808,0.7706490755081177,-0.0047923182137310505,0.26624640822410583,0.7499344944953918,-0.01872912235558033,0.2846950888633728,0.7392687797546387,-0.027386002242565155,0.21287481486797333,0.812556266784668,-0.00020204720203764737,0.23177742958068848,0.761563777923584,-0.015115302987396717,0.25407326221466064,0.7418091893196106,-0.02782910130918026,0.274214506149292,0.7333123087882996,-0.03496308624744415,0.19201061129570007,0.8165168762207031,-0.012060885317623615,0.1980554759502411,0.7590677738189697,-0.026245450600981712,0.21568405628204346,0.73582524061203,-0.0337279848754406,0.232286274433136,0.7208095192909241,-0.036987386643886566,0.16617870330810547,0.8298476338386536,-0.02418641187250614,0.15293805301189423,0.7906455397605896,-0.0341791957616806,0.1443854719400406,0.760684609413147,-0.03739994019269943,0.1381867676973343,0.7348581552505493,-0.039024826139211655,hello
0.2088712602853775,0.9592664241790771,2.358167421334656e-07,0.23824632167816162,0.9072730541229248,0.0014537196839228272,0.25012487173080444,0.8465824127197266,0.001397838699631393,0.2593212425708771,0.804547131061554,-0.0029800625052303076,0.26630616188049316,0.7697564363479614,-0.007944718934595585,0.22938735783100128,0.8104581832885742,0.015334408730268478,0.2461148202419281,0.7651973366737366,0.002323625609278679,0.2643541693687439,0.7439934015274048,-0.011858908459544182,0.2810571789741516,0.7310110330581665,-0.021253231912851334,0.213449627161026,0.8057680130004883,0.005385702010244131,0.22829300165176392,0.7558713555335999,-0.006932922173291445,0.24358750879764557,0.7313217520713806,-0.019840167835354805,0.2589375972747803,0.7179615497589111,-0.02745874971151352,0.19171752035617828,0.8102734088897705,-0.007490209303796291,0.1885956972837448,0.7527865767478943,-0.01826627366244793,0.1865026354789734,0.7120290398597717,-0.02803998999297619,0.18731273710727692,0.6798323392868042,-0.03414611518383026,0.16779868304729462,0.8272430896759033,-0.02090686932206154,0.1536230593919754,0.7865266799926758,-0.0293259434401989,0.14125099778175354,0.7555499076843262,-0.03346501290798187,0.13220840692520142,0.7279685735702515,-0.036145541816949844,hello
0.22283485531806946,0.9563480019569397,2.052266694363425e-07,0.26062506437301636,0.9128216505050659,-0.012823732569813728,0.28376898169517517,0.8548833131790161,-0.01989801786839962,0.29576098918914795,0.812263548374176,-0.02834520861506462,0.30191218852996826,0.7801415920257568,-0.03705213963985443,0.25180163979530334,0.791534423828125,-0.007118184585124254,0.26242709159851074,0.7412176132202148,-0.027156686410307884,0.2787826955318451,0.7231773734092712,-0.04454664885997772,0.29381945729255676,0.7157809734344482,-0.054673273116350174,0.22875149548053741,0.7907255291938782,-0.012260927818715572,0.2342805713415146,0.7352771759033203,-0.03301803767681122,0.2529725730419159,0.7183889150619507,-0.049546316266059875,0.27243292331695557,0.7158681750297546,-0.05831974372267723,0.2013619840145111,0.80266934633255,-0.020468221977353096,0.2005305141210556,0.7489532828330994,-0.03956957161426544,0.21607600152492523,0.733817458152771,-0.05023817718029022,0.23320798575878143,0.7285116910934448,-0.05467628687620163,0.17233416438102722,0.8276219964027405,-0.030038950964808464,0.15551932156085968,0.783689022064209,-0.0443391352891922,0.14459854364395142,0.749568521976471,-0.05035562440752983,0.13774433732032776,0.7221566438674927,-0.053208328783512115,hello
0.21983535587787628,0.9524462223052979,2.5380350621162506e-07,0.252841055393219,0.912347674369812,-0.006707247346639633,0.2706115245819092,0.8555779457092285,-0.010719479992985725,0.27850979566574097,0.8138395547866821,-0.016917655244469643,0.28152555227279663,0.7801933288574219,-0.023704087361693382,0.2455577850341797,0.8026724457740784,0.0008520749979652464,0.25987493991851807,0.756966769695282,-0.015287026762962341,0.2736022174358368,0.7300254702568054,-0.030157558619976044,0.2855844795703888,0.7112201452255249,-0.04000824689865112,0.22427769005298615,0.7963418960571289,-0.006229664199054241,0.23468409478664398,0.7439898252487183,-0.020103709772229195,0.24584493041038513,0.7125985026359558,-0.032181356102228165,0.2576058804988861,0.6921082735061646,-0.03976856544613838,0.198819100856781,0.8025671243667603,-0.016432415693998337,0.19344103336334229,0.742641270160675,-0.03080473467707634,0.1909025013446808,0.7016309499740601,-0.04025326296687126,0.1913929432630539,0.6695405840873718,-0.045806922018527985,0.17214979231357574,0.8225247263908386,-0.027605406939983368,0.1531401425600052,0.7783324122428894,-0.0411851741373539,0.13895836472511292,0.743172287940979,-0.04745024815201759,0.12875628471374512,0.7130064964294434,-0.05090303719043732,hello
0.22169162333011627,0.9496825933456421,1.0634128955189226e-07,0.2603440284729004,0.9092659950256348,-0.011525123380124569,0.2856791615486145,0.8554129004478455,-0.01967204175889492,0.29886406660079956,0.8150244355201721,-0.02942690998315811,0.3047757148742676,0.7840222716331482,-0.03921885043382645,0.2539205551147461,0.7827065587043762,-0.008749935775995255,0.2675977349281311,0.73063725233078,-0.02968398481607437,0.2843087315559387,0.7212684750556946,-0.04743664339184761,0.29823940992355347,0.724707305431366,-0.057601433247327805,0.23106801509857178,0.7817026972770691,-0.014842583797872066,0.2401045858860016,0.7250497937202454,-0.03690119460225105,0.2600717842578888,0.7167545557022095,-0.054115403443574905,0.27832335233688354,0.7247820496559143,-0.06307975947856903,0.2037765085697174,0.7939023375511169,-0.023623289540410042,0.20419985055923462,0.7365419268608093,-0.04261257126927376,0.22101706266403198,0.7275124192237854,-0.053595561534166336,0.23746564984321594,0.7300209999084473,-0.05854857340455055,0.1753917932510376,0.8191952109336853,-0.03359641134738922,0.15572023391723633,0.77836012840271,-0.04846521466970444,0.14459457993507385,0.7465175986289978,-0.05579184740781784,0.13765724003314972,0.7206560969352722,-0.059642694890499115,hello
0.22631125152111053,0.9490813612937927,1.3703055401492747e-07,0.2623431980609894,0.9091387391090393,-0.013063248246908188,0.28682613372802734,0.8553928732872009,-0.02223373018205166,0.3023300766944885,0.8165586590766907,-0.03260792791843414,0.31189602613449097,0.7862058877944946,-0.04314345121383667,0.2538359463214874,0.7806484699249268,-0.010321523994207382,0.2624188959598541,0.7300552129745483,-0.03201444074511528,0.27853938937187195,0.7203319668769836,-0.050542183220386505,0.2929381728172302,0.7219922542572021,-0.0614362433552742,0.23110352456569672,0.7795494198799133,-0.01565289869904518,0.23637457191944122,0.7232166528701782,-0.03533068671822548,0.25299355387687683,0.709122359752655,-0.050786424428224564,0.26901349425315857,0.7094299793243408,-0.059587262570858,0.20417334139347076,0.792203962802887,-0.02404257468879223,0.2019038051366806,0.7342019081115723,-0.04127628356218338,0.21363139152526855,0.7147228717803955,-0.0508362352848053,0.22627903521060944,0.7048239707946777,-0.05576501041650772,0.17577077448368073,0.8192288875579834,-0.03383699059486389,0.15705347061157227,0.7789056301116943,-0.04839800298213959,0.14715197682380676,0.7482144236564636,-0.054427165538072586,0.14093232154846191,0.7232832908630371,-0.05734611675143242,hello
0.2223915457725525,0.9499230980873108,1.3254664565920393e-07,0.2632341682910919,0.9075134992599487,-0.011799570173025131,0.2888214588165283,0.8498749136924744,-0.01923925057053566,0.30077463388442993,0.8063929677009583,-0.028294762596488,0.3059723973274231,0.7744482755661011,-0.03784725069999695,0.2584320306777954,0.7792870402336121,-0.008824135176837444,0.27086371183395386,0.7284964919090271,-0.028773771598935127,0.28688758611679077,0.712962806224823,-0.046007946133613586,0.30130356550216675,0.7090476155281067,-0.05631944537162781,0.23347724974155426,0.7794249653816223,-0.014596006833016872,0.23961472511291504,0.7239861488342285,-0.03634769469499588,0.2581307590007782,0.7140398025512695,-0.053196221590042114,0.2760350704193115,0.7203254103660583,-0.06194949522614479,0.20477545261383057,0.7931860089302063,-0.022943802177906036,0.20304492115974426,0.7373826503753662,-0.042265232652425766,0.2193218171596527,0.7290582060813904,-0.05281220003962517,0.23639015853405,0.7326366305351257,-0.05733966454863548,0.1753719449043274,0.8202998638153076,-0.03249502554535866,0.15722152590751648,0.7791503667831421,-0.047709569334983826,0.1478622406721115,0.7496945858001709,-0.05448398366570473,0.1426624059677124,0.7278416156768799,-0.05779210105538368,hello
0.26327529549598694,0.8786253333091736,3.967857935549546e-07,0.30553483963012695,0.832781195640564,-0.01779305562376976,0.34045273065567017,0.7567063570022583,-0.022248007357120514,0.36596056818962097,0.7035201787948608,-0.02728274092078209,0.38085079193115234,0.6616939902305603,-0.03164958208799362,0.2889540195465088,0.6751030683517456,-0.003708361880853772,0.29758358001708984,0.6194616556167603,-0.02295415662229061,0.31322598457336426,0.6151160001754761,-0.0379193052649498,0.3278449773788452,0.6224083304405212,-0.045545727014541626,0.2570727467536926,0.6726683378219604,-0.008201166987419128,0.2523605525493622,0.5905197262763977,-0.01987619884312153,0.25726115703582764,0.5368063449859619,-0.03202401474118233,0.2657276391983032,0.49682125449180603,-0.03956185653805733,0.2269490659236908,0.690331220626831,-0.017505498602986336,0.21611139178276062,0.6120634078979492,-0.03408005088567734,0.21426549553871155,0.5597039461135864,-0.04631359130144119,0.2167896181344986,0.5197677612304688,-0.05295414850115776,0.1988108903169632,0.7271112203598022,-0.028871964663267136,0.17800363898277283,0.6778669357299805,-0.0479743666946888,0.16254864633083344,0.6383512020111084,-0.05636954680085182,0.15268990397453308,0.6014653444290161,-0.05956091731786728,hello
0.21984630823135376,0.9505860805511475,1.16506825520446e-07,0.25759756565093994,0.9056476950645447,-0.01168140023946762,0.27973848581314087,0.8493914604187012,-0.01931145042181015,0.29131948947906494,0.8055714964866638,-0.028593022376298904,0.29821163415908813,0.772181510925293,-0.038156669586896896,0.25298261642456055,0.7857626676559448,-0.007991882972419262,0.2635897397994995,0.736574113368988,-0.028552386909723282,0.27894365787506104,0.7219597101211548,-0.04636383056640625,0.2938557267189026,0.7183389663696289,-0.05699307471513748,0.2308456003665924,0.784648597240448,-0.013994635082781315,0.2378172129392624,0.7305362820625305,-0.03531142324209213,0.2556723654270172,0.715742290019989,-0.05222323536872864,0.27436843514442444,0.7152514457702637,-0.061561014503240585,0.204060897231102,0.7958045601844788,-0.022886153310537338,0.20271705090999603,0.7404688000679016,-0.042062994092702866,0.21678125858306885,0.7245211601257324,-0.05315043404698372,0.23310178518295288,0.7192488312721252,-0.058446407318115234,0.1754007637500763,0.819473385810852,-0.03302019461989403,0.1570345014333725,0.7748340368270874,-0.04749516397714615,0.14486920833587646,0.7400797605514526,-0.05412394925951958,0.13768520951271057,0.7124290466308594,-0.05783114954829216,hello
0.23607975244522095,0.9519287347793579,1.376091347538022e-07,0.2791396677494049,0.9080616235733032,-0.01441749557852745,0.31137242913246155,0.8422608971595764,-0.021002914756536484,0.3331698179244995,0.793621301651001,-0.029179736971855164,0.34894123673439026,0.7571763396263123,-0.03731566667556763,0.269206166267395,0.7567746043205261,-0.0012380623957142234,0.275518536567688,0.6994655132293701,-0.020510273054242134,0.2918466329574585,0.6902706027030945,-0.03871146962046623,0.3075904846191406,0.6947773098945618,-0.04935675114393234,0.24124515056610107,0.7615341544151306,-0.005947784520685673,0.24199610948562622,0.6980910301208496,-0.02685774303972721,0.26007047295570374,0.6923084259033203,-0.04592380300164223,0.27890774607658386,0.7033479809761047,-0.0559660978615284,0.21123501658439636,0.7792351245880127,-0.014005149714648724,0.20945802330970764,0.7244024872779846,-0.033271703869104385,0.2284955084323883,0.7226396799087524,-0.04510071128606796,0.24889877438545227,0.7319470047950745,-0.05014578998088837,0.18087823688983917,0.8106170892715454,-0.023644115775823593,0.16566377878189087,0.7677784562110901,-0.038479991257190704,0.16102388501167297,0.7423165440559387,-0.044609230011701584,0.1602180004119873,0.723898708820343,-0.04708694666624069,hello
0.23917227983474731,0.9482197761535645,2.6834678124032507e-07,0.2764638662338257,0.9059790372848511,-0.014110025018453598,0.30578237771987915,0.8455936908721924,-0.01914142817258835,0.32098624110221863,0.8066015839576721,-0.02519831620156765,0.331394761800766,0.7747649550437927,-0.0317852608859539,0.266489714384079,0.763985812664032,0.0011310088448226452,0.27445533871650696,0.7155886888504028,-0.016544029116630554,0.2882536053657532,0.6972120404243469,-0.034116387367248535,0.30147266387939453,0.6907073855400085,-0.0448884479701519,0.2398676872253418,0.7646422982215881,-0.003819749690592289,0.24500000476837158,0.7086043953895569,-0.019825557246804237,0.2594296932220459,0.6896681189537048,-0.03633817657828331,0.27555614709854126,0.685477614402771,-0.04640495032072067,0.20970167219638824,0.7785259485244751,-0.012790530920028687,0.2105511575937271,0.7241764068603516,-0.029948309063911438,0.22400271892547607,0.7061548829078674,-0.041466306895017624,0.23953406512737274,0.6976028680801392,-0.04737219586968422,0.17691108584403992,0.8064830303192139,-0.02338923141360283,0.16128619015216827,0.7601972222328186,-0.03848033770918846,0.15628167986869812,0.7306811809539795,-0.04486599937081337,0.15518981218338013,0.7070474028587341,-0.04788925498723984,hello
0.24035492539405823,0.9483961462974548,1.1336759797586637e-07,0.2800523340702057,0.9048386812210083,-0.014639024622738361,0.3114885091781616,0.8418349027633667,-0.020096231251955032,0.3294029235839844,0.7981252074241638,-0.026870954781770706,0.3437805771827698,0.7655144333839417,-0.032882388681173325,0.2709617018699646,0.7510538697242737,0.0014755689771845937,0.2796172499656677,0.6986690759658813,-0.018142087385058403,0.2952341139316559,0.7064839005470276,-0.03724486008286476,0.3070875108242035,0.725555419921875,-0.04786178097128868,0.24179138243198395,0.7536117434501648,-0.0031182593666017056,0.2429875284433365,0.6940801739692688,-0.02223193645477295,0.2594335675239563,0.6960585713386536,-0.04073415324091911,0.27601078152656555,0.714582085609436,-0.05092107504606247,0.21040411293506622,0.7696385383605957,-0.01185243483632803,0.20706330239772797,0.7131901383399963,-0.030236881226301193,0.22397902607917786,0.7083345055580139,-0.042856741696596146,0.24225671589374542,0.7177808284759521,-0.048671893775463104,0.17695602774620056,0.7991366982460022,-0.022305944934487343,0.15817013382911682,0.7456935048103333,-0.03612486273050308,0.1510542929172516,0.7118192315101624,-0.042901188135147095,0.14885234832763672,0.687227725982666,-0.04624006152153015,hello
0.2404899001121521,0.9533026218414307,1.7671386842721404e-07,0.27975359559059143,0.9057250618934631,-0.014351037330925465,0.31041204929351807,0.841681182384491,-0.019238417968153954,0.3288502097129822,0.7977672815322876,-0.025601036846637726,0.34313642978668213,0.7611650824546814,-0.031733062118291855,0.26568910479545593,0.7630330920219421,0.0031372616067528725,0.27011650800704956,0.710050106048584,-0.016821006312966347,0.2872864305973053,0.7070327997207642,-0.036254044622182846,0.3034011721611023,0.723355770111084,-0.04707903042435646,0.23841190338134766,0.7660207748413086,-0.0010675644734874368,0.23934000730514526,0.7083455324172974,-0.02023870125412941,0.25750967860221863,0.7032922506332397,-0.03898254781961441,0.276644229888916,0.7198754549026489,-0.049475692212581635,0.2086840718984604,0.7798836827278137,-0.00949999038130045,0.20813757181167603,0.7250774502754211,-0.02789059467613697,0.22608792781829834,0.7170299887657166,-0.04033314809203148,0.2455933541059494,0.7258190512657166,-0.046254582703113556,0.17704907059669495,0.80675208568573,-0.019707482308149338,0.16277188062667847,0.7602065801620483,-0.034243859350681305,0.16023463010787964,0.7332714200019836,-0.041002266108989716,0.16187292337417603,0.7162576913833618,-0.04415229707956314,hello
0.241053968667984,0.9450026154518127,1.8468004725491483e-07,0.2792513072490692,0.899874746799469,-0.012172156013548374,0.30880972743034363,0.8313286304473877,-0.01491489540785551,0.32314828038215637,0.7849238514900208,-0.01893206313252449,0.33279189467430115,0.7502003908157349,-0.02285962924361229,0.26711297035217285,0.7581662535667419,0.004396533127874136,0.2707599699497223,0.7082633972167969,-0.012778354808688164,0.28882497549057007,0.7064972519874573,-0.029456492513418198,0.3041667342185974,0.7209033966064453,-0.038907818496227264,0.23990856111049652,0.7612346410751343,-0.0002564995957072824,0.2418915331363678,0.7052505016326904,-0.018504595384001732,0.2618366777896881,0.7016161680221558,-0.03694116696715355,0.2806681990623474,0.7169898748397827,-0.047326769679784775,0.2096635103225708,0.7751040458679199,-0.008726764470338821,0.20813998579978943,0.7186319828033447,-0.027592577040195465,0.2273882031440735,0.7118183374404907,-0.04127562791109085,0.2463422268629074,0.7206175327301025,-0.04778487607836723,0.17672021687030792,0.801411509513855,-0.018467485904693604,0.1621847152709961,0.7511623501777649,-0.03421926498413086,0.15905986726284027,0.7203449010848999,-0.042866602540016174,0.15950879454612732,0.6976556181907654,-0.04747070372104645,hello
0.22676345705986023,0.9386403560638428,2.2645585318059602e-07,0.26018375158309937,0.8886454701423645,-0.006197208538651466,0.2796582877635956,0.8284643888473511,-0.00946049951016903,0.28918689489364624,0.7869285345077515,-0.015473480336368084,0.2960633635520935,0.7524480223655701,-0.021719198673963547,0.24990907311439514,0.7680325508117676,0.00666571082547307,0.2600216865539551,0.722422182559967,-0.010751230642199516,0.2799697816371918,0.7113557457923889,-0.02825195901095867,0.2982945442199707,0.7137695550918579,-0.0387229323387146,0.22956795990467072,0.768179178237915,-0.0012479881988838315,0.23910872638225555,0.7181862592697144,-0.0192516278475523,0.26257437467575073,0.7084173560142517,-0.036428745836019516,0.28626748919487,0.7145839929580688,-0.046025458723306656,0.20413196086883545,0.7785468101501465,-0.012425853870809078,0.21031764149665833,0.7281169891357422,-0.029125697910785675,0.23210489749908447,0.7158842086791992,-0.04030846804380417,0.2547006607055664,0.7157588005065918,-0.04573100060224533,0.1755811870098114,0.8021847009658813,-0.024599913507699966,0.16174060106277466,0.7599210143089294,-0.03787577524781227,0.15417705476284027,0.7285681962966919,-0.044337011873722076,0.15062540769577026,0.7043020129203796,-0.04772606119513512,hello
0.2281256914138794,0.9447242021560669,2.532340488414775e-07,0.2636929750442505,0.8924845457077026,-0.007219577673822641,0.28449028730392456,0.8309500813484192,-0.010192963294684887,0.29697340726852417,0.7883214950561523,-0.015861330553889275,0.3065485656261444,0.75244140625,-0.021822147071361542,0.2505747973918915,0.7720478177070618,0.00858915876597166,0.260987251996994,0.7288683652877808,-0.008700966835021973,0.28029292821884155,0.7149702906608582,-0.026412751525640488,0.29889917373657227,0.7125885486602783,-0.03706898167729378,0.22985994815826416,0.7719231247901917,0.001326084486208856,0.24018730223178864,0.7229552865028381,-0.01637459732592106,0.26182565093040466,0.7109895348548889,-0.0340861901640892,0.2852214574813843,0.7139265537261963,-0.044282522052526474,0.20367249846458435,0.7815805077552795,-0.009469443932175636,0.21038517355918884,0.7334778308868408,-0.026881402358412743,0.23159220814704895,0.7212533950805664,-0.03890935331583023,0.25473451614379883,0.721205472946167,-0.0446806475520134,0.1740829348564148,0.8040527701377869,-0.021290967240929604,0.1615539789199829,0.7609665989875793,-0.03444954380393028,0.15490415692329407,0.7294610142707825,-0.04081667214632034,0.15275205671787262,0.7059018015861511,-0.04419846460223198,hello
0.22953538596630096,0.94522625207901,2.3030582951832912e-07,0.26439669728279114,0.8965113759040833,-0.010186044499278069,0.2879519462585449,0.8344177603721619,-0.013260732404887676,0.30102062225341797,0.7908422350883484,-0.01795235648751259,0.3095497786998749,0.7556911706924438,-0.022377755492925644,0.25349339842796326,0.7743961811065674,0.004571335855871439,0.26150012016296387,0.7277833223342896,-0.011956585571169853,0.27663084864616394,0.7135561108589172,-0.027929505333304405,0.29063880443573,0.7123013138771057,-0.037137698382139206,0.23036925494670868,0.7734038233757019,-0.0008379436912946403,0.23739168047904968,0.7247157096862793,-0.01715994067490101,0.2554549276828766,0.7122957706451416,-0.03251035138964653,0.27529746294021606,0.7132335901260376,-0.04132194444537163,0.203057199716568,0.7828901410102844,-0.010085241869091988,0.20556679368019104,0.7341636419296265,-0.027712833136320114,0.2234860211610794,0.7202792167663574,-0.03879338130354881,0.24405671656131744,0.7175506353378296,-0.043867602944374084,0.1731780767440796,0.8042478561401367,-0.020546680316329002,0.15787434577941895,0.7560356855392456,-0.03454995155334473,0.14670173823833466,0.7187528014183044,-0.04119552671909332,0.14037808775901794,0.6891679167747498,-0.044772956520318985,hello
0.23064900934696198,0.9431264996528625,2.664744158664689e-07,0.26595935225486755,0.8953769207000732,-0.01009086612612009,0.2907027304172516,0.8324153423309326,-0.013159428723156452,0.3065031170845032,0.7898188233375549,-0.017834117636084557,0.31903401017189026,0.7545240521430969,-0.022593289613723755,0.25615209341049194,0.771867036819458,0.003564970102161169,0.26743024587631226,0.7255851030349731,-0.011918882839381695,0.2796016037464142,0.7036617398262024,-0.02683594822883606,0.289396733045578,0.6904036402702332,-0.036099985241889954,0.23266713321208954,0.7704100608825684,-0.0024169490206986666,0.24267087876796722,0.7209728956222534,-0.017462676391005516,0.25736188888549805,0.6998947858810425,-0.03163692355155945,0.27350592613220215,0.6901876330375671,-0.040342267602682114,0.20471182465553284,0.7810208201408386,-0.012184172868728638,0.20734411478042603,0.7312263250350952,-0.02970060333609581,0.2221839874982834,0.7132837772369385,-0.04013600945472717,0.23960645496845245,0.7045800089836121,-0.045128315687179565,0.1743553876876831,0.8042543530464172,-0.023166418075561523,0.1580265313386917,0.7566758990287781,-0.03875216096639633,0.1463293731212616,0.7195498943328857,-0.0458969809114933,0.1396593153476715,0.6890430450439453,-0.04971301928162575,hello
0.26363009214401245,0.8785328269004822,3.67614944707384e-07,0.3062286972999573,0.8324055671691895,-0.017721543088555336,0.3412567377090454,0.7545913457870483,-0.021272769197821617,0.3672710359096527,0.6997603178024292,-0.02554582804441452,0.38237300515174866,0.6560280323028564,-0.028936639428138733,0.29108062386512756,0.6744897961616516,0.0011808774434030056,0.2994421422481537,0.622740626335144,-0.014635671861469746,0.3130313456058502,0.618181586265564,-0.027172354981303215,0.32431352138519287,0.6235034465789795,-0.033300988376140594,0.25886914134025574,0.6717912554740906,-0.002271963283419609,0.2557540833950043,0.5968490242958069,-0.010051113553345203,0.25910982489585876,0.5507911443710327,-0.018401818349957466,0.2646530270576477,0.5170004367828369,-0.023036779835820198,0.22839340567588806,0.6884545087814331,-0.010943959467113018,0.21744906902313232,0.6150572299957275,-0.02420254796743393,0.2146376669406891,0.5673195123672485,-0.032282281666994095,0.21558251976966858,0.5309618711471558,-0.03597862645983696,0.19918718934059143,0.7234147191047668,-0.022030234336853027,0.1777903288602829,0.674925684928894,-0.03871789202094078,0.16133451461791992,0.6371793746948242,-0.044847942888736725,0.15021054446697235,0.6023853421211243,-0.04614521563053131,hello
0.23287160694599152,0.9435230493545532,2.2469654936685401e-07,0.2730313837528229,0.9066892266273499,-0.012692701071500778,0.30367207527160645,0.8441069722175598,-0.017606915906071663,0.3256604075431824,0.7995700836181641,-0.023925472050905228,0.3402502238750458,0.7642914652824402,-0.029847504571080208,0.26185911893844604,0.7669180631637573,0.00377736147493124,0.2667204737663269,0.7161865830421448,-0.012701455503702164,0.28276902437210083,0.708014190196991,-0.029443413019180298,0.29823100566864014,0.7179354429244995,-0.03853219747543335,0.2356652319431305,0.7682991027832031,0.0005542715662159026,0.2394838184118271,0.7163788676261902,-0.015151516534388065,0.2568330466747284,0.7064880728721619,-0.03162015229463577,0.2751629650592804,0.7159658074378967,-0.04023638740181923,0.20654773712158203,0.7804548740386963,-0.006108582951128483,0.20882654190063477,0.7296580672264099,-0.01919533684849739,0.22515732049942017,0.7158530950546265,-0.028491144999861717,0.2440885305404663,0.7147892713546753,-0.0328887514770031,0.17679113149642944,0.8059918284416199,-0.014487840235233307,0.16424861550331116,0.7655280828475952,-0.024105975404381752,0.1580657958984375,0.7355170249938965,-0.02766895480453968,0.15599417686462402,0.7132112979888916,-0.028784193098545074,hello
0.23104064166545868,0.9405321478843689,1.6616816367331921e-07,0.2668550908565521,0.8911253213882446,-0.008752299472689629,0.2912443280220032,0.8281616568565369,-0.0130347590893507,0.3061530888080597,0.7829256653785706,-0.019323764368891716,0.3158208131790161,0.7457315921783447,-0.02546686679124832,0.25712668895721436,0.7634201049804688,0.002032520482316613,0.2637101709842682,0.7098790407180786,-0.01780487410724163,0.28653883934020996,0.7063093185424805,-0.036781832575798035,0.30598974227905273,0.7214792370796204,-0.04708722606301308,0.23461544513702393,0.7647495865821838,-0.004704696591943502,0.24235799908638,0.7079050540924072,-0.02453809790313244,0.26657745242118835,0.704346776008606,-0.042905766516923904,0.28749799728393555,0.7213713526725769,-0.052910663187503815,0.2064499408006668,0.7762488722801208,-0.014761241152882576,0.21318423748016357,0.7196747064590454,-0.03202356398105621,0.23602323234081268,0.7131969928741455,-0.0437297597527504,0.25704699754714966,0.7242190837860107,-0.04940026253461838,0.17489199340343475,0.8008363246917725,-0.02601395547389984,0.15552188456058502,0.7519785761833191,-0.03927009180188179,0.1475740373134613,0.7132749557495117,-0.04692213982343674,0.1435217261314392,0.6845069527626038,-0.05130443349480629,hello
0.23105178773403168,0.9417513608932495,1.2892549250409502e-07,0.2695009708404541,0.9069942831993103,-0.015100796706974506,0.30156511068344116,0.8531675934791565,-0.023448364809155464,0.3218005895614624,0.8135603070259094,-0.032667987048625946,0.33423641324043274,0.7815447449684143,-0.04135078564286232,0.2624213993549347,0.7626887559890747,-0.005368437618017197,0.2706432640552521,0.7075777649879456,-0.027453655377030373,0.2901177406311035,0.7086461186408997,-0.047323986887931824,0.3054125905036926,0.7282683849334717,-0.05756385996937752,0.2365645468235016,0.764132559299469,-0.00975120160728693,0.24321512877941132,0.703328013420105,-0.03220235928893089,0.2626346945762634,0.7042362093925476,-0.05184188857674599,0.2789848744869232,0.7257416248321533,-0.06185908615589142,0.2066139429807663,0.7774485349655151,-0.017656752839684486,0.20984536409378052,0.7196520566940308,-0.03700491786003113,0.23015189170837402,0.718528687953949,-0.04934253916144371,0.24973276257514954,0.7337623834609985,-0.05465421825647354,0.17496414482593536,0.8048751950263977,-0.027155809104442596,0.15734872221946716,0.7540092468261719,-0.04158403351902962,0.14692148566246033,0.7142339944839478,-0.04937581717967987,0.14013701677322388,0.6844418048858643,-0.05347450077533722,hello
0.2335582971572876,0.9428173303604126,1.744327278174751e-07,0.2725079655647278,0.9014604091644287,-0.01363978162407875,0.30429261922836304,0.8337929248809814,-0.018600651994347572,0.32206982374191284,0.7861685156822205,-0.02457716315984726,0.33485323190689087,0.7485626935958862,-0.03002963773906231,0.2640285789966583,0.762919008731842,-0.000432538305176422,0.2747800648212433,0.7131502032279968,-0.020002376288175583,0.2923091650009155,0.7083278894424438,-0.03767666220664978,0.30724865198135376,0.7197293043136597,-0.047066830098629,0.2381352037191391,0.7643692493438721,-0.004599240142852068,0.2456066906452179,0.7100854516029358,-0.02485845983028412,0.2647954821586609,0.704602062702179,-0.04259730875492096,0.2842402756214142,0.7167566418647766,-0.051375340670347214,0.2081456184387207,0.7778708338737488,-0.012535584159195423,0.21104107797145844,0.7213481664657593,-0.03127553313970566,0.230989471077919,0.7120914459228516,-0.04296046495437622,0.2528039515018463,0.715333104133606,-0.04796848073601723,0.17624498903751373,0.8050839900970459,-0.02196001447737217,0.16134518384933472,0.7597573399543762,-0.03703276067972183,0.15103527903556824,0.7226516604423523,-0.04485234618186951,0.14465154707431793,0.6922832131385803,-0.04875154048204422,hello
0.23542529344558716,0.9431384801864624,1.8006888069521665e-07,0.2737676501274109,0.9014146327972412,-0.013708129525184631,0.3053398132324219,0.8326990604400635,-0.018676096573472023,0.32108205556869507,0.7838923931121826,-0.0246873926371336,0.3301085829734802,0.744560182094574,-0.030340101569890976,0.2632853090763092,0.7640522122383118,-0.0003838016127701849,0.2731967866420746,0.710561215877533,-0.02153896354138851,0.29380178451538086,0.7075876593589783,-0.04038704186677933,0.31069397926330566,0.724197268486023,-0.050167106091976166,0.23717805743217468,0.7658374309539795,-0.004589257296174765,0.24457648396492004,0.7074574828147888,-0.026400335133075714,0.2676021456718445,0.7041833400726318,-0.045971307903528214,0.28887733817100525,0.7218778133392334,-0.05598347634077072,0.20723892748355865,0.7793291211128235,-0.012593334540724754,0.21065020561218262,0.7195916771888733,-0.032473549246788025,0.23370425403118134,0.7129544615745544,-0.04567256197333336,0.25687116384506226,0.7230518460273743,-0.05151650309562683,0.1752239167690277,0.8066191077232361,-0.022047683596611023,0.1608906090259552,0.7602654695510864,-0.038427677005529404,0.1561402827501297,0.7258977293968201,-0.047794800251722336,0.15534868836402893,0.7009824514389038,-0.05260136350989342,hello
0.23446910083293915,0.9478826522827148,1.3812005761337787e-07,0.2735652029514313,0.9082446098327637,-0.01263080257922411,0.30665773153305054,0.846964418888092,-0.018526779487729073,0.32692405581474304,0.803563117980957,-0.026037445291876793,0.341788113117218,0.7709138989448547,-0.032809607684612274,0.26449644565582275,0.7629221081733704,0.0007081175572238863,0.2718774974346161,0.7058994174003601,-0.019337700679898262,0.2904512286186218,0.7099518179893494,-0.038183849304914474,0.3053685426712036,0.7311558723449707,-0.04811449348926544,0.2369779795408249,0.7659236192703247,-0.003863685764372349,0.2412005066871643,0.7073536515235901,-0.023189513012766838,0.26222988963127136,0.707175612449646,-0.040998466312885284,0.2810938060283661,0.7256760597229004,-0.05026889964938164,0.2066461741924286,0.7804304957389832,-0.012032215483486652,0.20998644828796387,0.7257726192474365,-0.02874450944364071,0.23100480437278748,0.7205513119697571,-0.04000942036509514,0.25132718682289124,0.728631854057312,-0.045236047357320786,0.1751699447631836,0.8091162443161011,-0.021743517369031906,0.16155478358268738,0.766456663608551,-0.034719932824373245,0.15556669235229492,0.7368525266647339,-0.041155871003866196,0.1518181413412094,0.7146088480949402,-0.044160883873701096,hello
0.2017107605934143,0.9347784519195557,3.67205529983039e-07,0.23096537590026855,0.8915226459503174,-0.0002741345961112529,0.24435542523860931,0.8336043953895569,-0.0003667231067083776,0.2519139051437378,0.7897486090660095,-0.0034201329108327627,0.2550762891769409,0.7547645568847656,-0.007275649346411228,0.22794155776500702,0.797274112701416,0.008572980761528015,0.24433091282844543,0.7441798448562622,-0.003913232125341892,0.2572949528694153,0.701384961605072,-0.015829235315322876,0.26835566759109497,0.6712644696235657,-0.023204443976283073,0.21188758313655853,0.7896226048469543,0.0005572244408540428,0.22336670756340027,0.7287522554397583,-0.008742020465433598,0.23074650764465332,0.680870532989502,-0.01826881244778633,0.23822236061096191,0.6440230011940002,-0.024235021322965622,0.18954133987426758,0.7912773489952087,-0.009585338644683361,0.1896347850561142,0.731706440448761,-0.018530627712607384,0.1904790848493576,0.6879374980926514,-0.02432105503976345,0.1924968659877777,0.6523150205612183,-0.02780011296272278,0.16310109198093414,0.8050675988197327,-0.020303888246417046,0.15291932225227356,0.7657891511917114,-0.027915526181459427,0.14586776494979858,0.7368893027305603,-0.029033586382865906,0.14094513654708862,0.7123836874961853,-0.029023315757513046,hello
0.19914202392101288,0.9363530278205872,3.821641314516455e-07,0.22896239161491394,0.8874424695968628,-0.0035671445075422525,0.24192766845226288,0.8277049660682678,-0.00542601989582181,0.2513098120689392,0.7819548845291138,-0.009933293797075748,0.2591077387332916,0.7463439106941223,-0.014769741334021091,0.2280207723379135,0.7844765782356262,0.005884653888642788,0.2466360479593277,0.7290842533111572,-0.00791796576231718,0.2585104703903198,0.6851993203163147,-0.021000074222683907,0.26751232147216797,0.6526610851287842,-0.029593782499432564,0.21186837553977966,0.7800509929656982,-0.002682583872228861,0.22483818233013153,0.7186164259910583,-0.014353400096297264,0.2316969633102417,0.6671494841575623,-0.026075957342982292,0.23912978172302246,0.6249837279319763,-0.034070104360580444,0.19012659788131714,0.7869340181350708,-0.01390670333057642,0.1983010172843933,0.7318866848945618,-0.026891492307186127,0.21025660634040833,0.6956994533538818,-0.034902121871709824,0.22300255298614502,0.6675828099250793,-0.03934045508503914,0.16397927701473236,0.8065550327301025,-0.025973668321967125,0.15344329178333282,0.7696181535720825,-0.03760408237576485,0.1479199379682541,0.7404728531837463,-0.041444871574640274,0.14527547359466553,0.7163004279136658,-0.043240487575531006,hello
0.2052363157272339,0.9589412808418274,2.0169989056739723e-07,0.2333492487668991,0.9102501273155212,-0.0025426989886909723,0.24491062760353088,0.8486131429672241,-0.0025611771270632744,0.251738965511322,0.8033828735351562,-0.005592869594693184,0.2586499750614166,0.7668923139572144,-0.008765602484345436,0.22240206599235535,0.8043004274368286,0.012115947902202606,0.23270052671432495,0.7621841430664062,-0.0008975803502835333,0.24657538533210754,0.7374660968780518,-0.01483779028058052,0.2596837878227234,0.7194141745567322,-0.02370649017393589,0.20527344942092896,0.8007116913795471,0.004221679177135229,0.21561752259731293,0.7554636001586914,-0.008018670603632927,0.22803592681884766,0.7269556522369385,-0.02118571661412716,0.2420881688594818,0.7055022716522217,-0.02936675027012825,0.18309642374515533,0.8068165183067322,-0.006715074181556702,0.18811579048633575,0.7621113657951355,-0.020617732778191566,0.20164288580417633,0.7404479384422302,-0.029126891866326332,0.21676495671272278,0.7250913381576538,-0.0331132672727108,0.15754541754722595,0.8240149617195129,-0.01837078668177128,0.14336982369422913,0.7849462628364563,-0.02965926006436348,0.13242901861667633,0.7522087097167969,-0.033786553889513016,0.12486013770103455,0.72437983751297,-0.03576233983039856,hello
0.26138198375701904,0.8923152685165405,1.552268713567173e-07,0.3012801706790924,0.8426988124847412,-0.014494139701128006,0.33296889066696167,0.7717016935348511,-0.018103981390595436,0.352586567401886,0.722777783870697,-0.023156234994530678,0.3671911954879761,0.6880503296852112,-0.027799565345048904,0.28367844223976135,0.6932975053787231,0.006006517913192511,0.28682535886764526,0.6436623334884644,-0.01114440243691206,0.3055621087551117,0.6426727771759033,-0.02909138612449169,0.3235737681388855,0.6544496417045593,-0.03988524526357651,0.25599631667137146,0.6986535787582397,0.0018260079668834805,0.2561582028865814,0.6445275545120239,-0.017164241522550583,0.27657297253608704,0.6437461376190186,-0.03644772246479988,0.298673152923584,0.6590479016304016,-0.04719395935535431,0.22617337107658386,0.7156756520271301,-0.006617637816816568,0.22238919138908386,0.6606379151344299,-0.02566845901310444,0.24015717208385468,0.6522424221038818,-0.03896607831120491,0.2603824734687805,0.6568814516067505,-0.04511839896440506,0.19480572640895844,0.745181679725647,-0.01694365218281746,0.17604419589042664,0.6941505074501038,-0.03247303143143654,0.1654224842786789,0.6559028625488281,-0.041034381836652756,0.15974223613739014,0.6244753003120422,-0.04562520980834961,hello
0.2063561975955963,0.950506329536438,2.8264389584364835e-07,0.24085350334644318,0.9096275568008423,-0.008936885744333267,0.2615825831890106,0.8497728109359741,-0.012340373359620571,0.2698183059692383,0.8036327362060547,-0.01664280705153942,0.27283963561058044,0.7677751779556274,-0.021604225039482117,0.23580893874168396,0.7987900972366333,-0.002460153540596366,0.2474498450756073,0.752350389957428,-0.017653100192546844,0.2596918046474457,0.7212183475494385,-0.03156658634543419,0.27095335721969604,0.7008482813835144,-0.040371254086494446,0.21423199772834778,0.7950403094291687,-0.007886124774813652,0.22429364919662476,0.7450379729270935,-0.021558187901973724,0.23610550165176392,0.7095065116882324,-0.03461252152919769,0.2489960789680481,0.6834185123443604,-0.04340655729174614,0.18758103251457214,0.8038201332092285,-0.01613251119852066,0.1923891305923462,0.7571702003479004,-0.03161395341157913,0.20866455137729645,0.7329081892967224,-0.040995027869939804,0.22600968182086945,0.7171803712844849,-0.04622369632124901,0.15816856920719147,0.8246883153915405,-0.02525544911623001,0.14262506365776062,0.7856359481811523,-0.039002060890197754,0.13361585140228271,0.7552692890167236,-0.04451005160808563,0.12818019092082977,0.7309157252311707,-0.04761594533920288,hello
0.2025603950023651,0.9608394503593445,2.341283078521883e-07,0.2393321394920349,0.9130941033363342,-0.006186158861964941,0.2595435380935669,0.8521676659584045,-0.008632054552435875,0.26995453238487244,0.8077207803726196,-0.013703420758247375,0.276797890663147,0.7720339298248291,-0.01916876621544361,0.23205550014972687,0.7953073978424072,0.006464457139372826,0.24463370442390442,0.7486175298690796,-0.00782114639878273,0.25875523686408997,0.7223795056343079,-0.022172927856445312,0.27285346388816833,0.7058829665184021,-0.031297504901885986,0.20995143055915833,0.7952526211738586,-0.0004472369037102908,0.21900521218776703,0.7492465376853943,-0.01632774993777275,0.234970360994339,0.730073094367981,-0.03172548487782478,0.25281214714050293,0.7232920527458191,-0.040525902062654495,0.1836048811674118,0.806854248046875,-0.010271715931594372,0.18726065754890442,0.7624247074127197,-0.026061180979013443,0.20493650436401367,0.7463580369949341,-0.03625987842679024,0.2248317450284958,0.7400553226470947,-0.04130527004599571,0.15542931854724884,0.8310173749923706,-0.021006885915994644,0.14236414432525635,0.7938631176948547,-0.0332752950489521,0.13203264772891998,0.7650537490844727,-0.038681335747241974,0.12593235075473785,0.7418221831321716,-0.041641026735305786,hello
0.20315657556056976,0.9653407335281372,1.9461984379631758e-07,0.2416512668132782,0.915702223777771,-0.003549131564795971,0.25954729318618774,0.8529208302497864,-0.004895094316452742,0.2686121463775635,0.806166410446167,-0.009715607389807701,0.27546247839927673,0.7693002820014954,-0.014986725524067879,0.2341470718383789,0.7988960146903992,0.012007886543869972,0.24496620893478394,0.7509946823120117,-0.002024939749389887,0.2609483599662781,0.7275457382202148,-0.017417822033166885,0.27690863609313965,0.7154329419136047,-0.027000248432159424,0.21176199615001678,0.7965572476387024,0.0041992622427642345,0.22029319405555725,0.7492504119873047,-0.011476370505988598,0.2389063835144043,0.7328759431838989,-0.02716914378106594,0.25835680961608887,0.7317672967910767,-0.03533657640218735,0.18450607359409332,0.8049728870391846,-0.006435449235141277,0.18629920482635498,0.7559579014778137,-0.01936420612037182,0.20311646163463593,0.739212155342102,-0.027115050703287125,0.2217267006635666,0.733391523361206,-0.03051896207034588,0.15441718697547913,0.8266482353210449,-0.018163900822401047,0.13969863951206207,0.7888871431350708,-0.026889242231845856,0.13156074285507202,0.7610784769058228,-0.029323717579245567,0.1280267983675003,0.7387727499008179,-0.030013106763362885,hello
0.20498692989349365,0.9635435342788696,2.526039963868243e-07,0.246844083070755,0.9224672317504883,-0.011260108090937138,0.27152666449546814,0.8637019395828247,-0.016606111079454422,0.2849060297012329,0.8188593983650208,-0.02348322421312332,0.2930362820625305,0.7830125093460083,-0.03088277019560337,0.24313560128211975,0.7919875383377075,-0.0002529036719352007,0.25956377387046814,0.7436095476150513,-0.015665952116250992,0.2721284329891205,0.7116358876228333,-0.031076746061444283,0.28392675518989563,0.6897462010383606,-0.0411209911108017,0.21786609292030334,0.7898713946342468,-0.005349722690880299,0.23029911518096924,0.7407667636871338,-0.024097897112369537,0.24139830470085144,0.7241981625556946,-0.04097553342580795,0.254036545753479,0.7232174277305603,-0.04975806176662445,0.18797999620437622,0.8010560870170593,-0.01321555208414793,0.19225816428661346,0.7550287246704102,-0.030561015009880066,0.2068295031785965,0.7406296730041504,-0.041131533682346344,0.22359120845794678,0.7372857928276062,-0.04577423259615898,0.15594816207885742,0.8270087242126465,-0.02227878011763096,0.14035941660404205,0.7873521447181702,-0.03528650850057602,0.12820085883140564,0.757983386516571,-0.040601179003715515,0.12051226198673248,0.7352452874183655,-0.04303843528032303,hello
0.20489192008972168,0.9631426334381104,1.5026014921204478e-07,0.24587950110435486,0.9172014594078064,-0.009128891862928867,0.26970285177230835,0.8572446703910828,-0.012976688332855701,0.28094351291656494,0.8126489520072937,-0.018771881237626076,0.28572940826416016,0.7773016095161438,-0.02449486218392849,0.2409510463476181,0.7907112836837769,0.00315467338077724,0.25560489296913147,0.7432908415794373,-0.012361330911517143,0.2606496214866638,0.7227572202682495,-0.0272213164716959,0.2649892270565033,0.7149760723114014,-0.03597570210695267,0.21547597646713257,0.7892960906028748,-0.0019972308073192835,0.22860169410705566,0.7417926788330078,-0.019004281610250473,0.23465052247047424,0.7260422706604004,-0.034587834030389786,0.24203377962112427,0.7260984182357788,-0.042543601244688034,0.1861303448677063,0.8009714484214783,-0.010095154866576195,0.1909308135509491,0.7557231187820435,-0.025578022003173828,0.20197135210037231,0.7421942353248596,-0.03565045818686485,0.21542033553123474,0.7400191426277161,-0.04019138962030411,0.15517699718475342,0.826824426651001,-0.01927279308438301,0.14086411893367767,0.790022611618042,-0.030505260452628136,0.1287955641746521,0.7612465023994446,-0.03533882275223732,0.12161677330732346,0.7387340664863586,-0.03752146288752556,hello
0.20366449654102325,0.9566957950592041,2.1001298478040553e-07,0.24842746555805206,0.9098694920539856,-0.014589833095669746,0.27520206570625305,0.8450901508331299,-0.022647742182016373,0.28730931878089905,0.7969912886619568,-0.03181542456150055,0.2921578288078308,0.7597951889038086,-0.04119369387626648,0.24182172119617462,0.7730486392974854,-0.006173937581479549,0.24853515625,0.7169579267501831,-0.02727905660867691,0.2603011131286621,0.6966244578361511,-0.04586464539170265,0.2717733681201935,0.6886345744132996,-0.05698789283633232,0.21459519863128662,0.7719911932945251,-0.010495960712432861,0.21725159883499146,0.710995078086853,-0.02837597206234932,0.2269395887851715,0.6834327578544617,-0.044033199548721313,0.2383127212524414,0.6695804595947266,-0.053094618022441864,0.18443158268928528,0.7850629091262817,-0.018538832664489746,0.17745442688465118,0.7243316769599915,-0.03375464677810669,0.17707186937332153,0.6838932037353516,-0.04399418458342552,0.17956922948360443,0.6522582769393921,-0.04993494227528572,0.15336813032627106,0.8132747411727905,-0.02836032025516033,0.1353444904088974,0.7698137760162354,-0.041385870426893234,0.12127433717250824,0.7356662154197693,-0.04683529585599899,0.11013292521238327,0.7034474611282349,-0.04932480677962303,hello
0.20403727889060974,0.9712273478507996,2.1769217539713281e-07,0.24934035539627075,0.9241527318954468,-0.01010757777839899,0.2758476734161377,0.8611031174659729,-0.013212586753070354,0.29191720485687256,0.8159986138343811,-0.018721794709563255,0.30087798833847046,0.7803325653076172,-0.024313023313879967,0.24063773453235626,0.7906883955001831,0.01159075926989317,0.2479410022497177,0.7443555593490601,-0.002260159235447645,0.26276645064353943,0.7282546162605286,-0.018566476181149483,0.27803748846054077,0.7225291132926941,-0.028609899803996086,0.21589703857898712,0.7913121581077576,0.0068881395272910595,0.22246640920639038,0.7445955872535706,-0.009685009717941284,0.2403433620929718,0.7326187491416931,-0.029107730835676193,0.2603811025619507,0.7335423231124878,-0.03988305851817131,0.18646980822086334,0.8036444187164307,-0.001247734297066927,0.19237852096557617,0.75877845287323,-0.01676633022725582,0.21202529966831207,0.747722864151001,-0.030073123052716255,0.233207106590271,0.74635249376297,-0.03655961528420448,0.15470290184020996,0.828189492225647,-0.010626571252942085,0.14029204845428467,0.7904874086380005,-0.021159058436751366,0.13126012682914734,0.7636256814002991,-0.02695411443710327,0.12745775282382965,0.7425176501274109,-0.02980785071849823,hello
0.2047244757413864,0.9709441661834717,2.3203823218409525e-07,0.24874132871627808,0.9285842180252075,-0.01235872320830822,0.2793634831905365,0.864557147026062,-0.018132269382476807,0.29991355538368225,0.8171440362930298,-0.025738973170518875,0.31391286849975586,0.7808178663253784,-0.0331043116748333,0.24273034930229187,0.7912691831588745,0.004838505759835243,0.25243818759918213,0.7411781549453735,-0.010410656221210957,0.2675752639770508,0.7217312455177307,-0.026921996846795082,0.28255122900009155,0.7130149006843567,-0.03714511916041374,0.21743592619895935,0.7892477512359619,0.0004818895540665835,0.22655527293682098,0.739652693271637,-0.017656803131103516,0.24550287425518036,0.7286208271980286,-0.0357007198035717,0.26496216654777527,0.7310130000114441,-0.04498019814491272,0.18756979703903198,0.7996016144752502,-0.007115609478205442,0.18996411561965942,0.749002993106842,-0.023017656058073044,0.20884165167808533,0.7383398413658142,-0.03266829997301102,0.22896885871887207,0.7370790839195251,-0.036326177418231964,0.1555892378091812,0.8232336640357971,-0.01626989245414734,0.1382109820842743,0.7812073826789856,-0.026862669736146927,0.12741155922412872,0.7501046061515808,-0.030574221163988113,0.12131515890359879,0.7254049777984619,-0.03158905729651451,hello
0.2024810016155243,0.9726834893226624,1.9725270306025777e-07,0.24994641542434692,0.928866446018219,-0.014070592820644379,0.28386062383651733,0.8624567985534668,-0.01960921660065651,0.3076428174972534,0.813309907913208,-0.026414459571242332,0.32338517904281616,0.777116060256958,-0.03274593502283096,0.24571748077869415,0.7878168821334839,0.004142103251069784,0.25649380683898926,0.7396277785301208,-0.008488360792398453,0.2667500972747803,0.7208837866783142,-0.022441959008574486,0.27721163630485535,0.7112526893615723,-0.031196337193250656,0.218208447098732,0.7883419394493103,0.0009940288728103042,0.2252635359764099,0.743353545665741,-0.015409468673169613,0.23984821140766144,0.7327596545219421,-0.03245266154408455,0.25631994009017944,0.7328105568885803,-0.041235800832509995,0.1872098594903946,0.8009749054908752,-0.00540648028254509,0.19174711406230927,0.7581602931022644,-0.020289240404963493,0.21032850444316864,0.7489498853683472,-0.030102893710136414,0.23016472160816193,0.7463716864585876,-0.034127429127693176,0.15576224029064178,0.825421154499054,-0.013441618531942368,0.13914118707180023,0.785203218460083,-0.022727234289050102,0.12724632024765015,0.7544767260551453,-0.02615359053015709,0.12023592740297318,0.7277035713195801,-0.027315186336636543,hello
0.20274467766284943,0.9685566425323486,1.4808846060532233e-07,0.2464255690574646,0.9244133234024048,-0.009534788317978382,0.27279213070869446,0.8615083694458008,-0.013643222860991955,0.2882119119167328,0.8162983655929565,-0.02009446918964386,0.29654377698898315,0.7810015082359314,-0.02628098614513874,0.24008873105049133,0.7901517152786255,0.005674288142472506,0.24954089522361755,0.7415146827697754,-0.01041346788406372,0.2627372741699219,0.728435218334198,-0.026483984664082527,0.2755253314971924,0.7284404635429382,-0.03561413660645485,0.21612197160720825,0.7896421551704407,2.0750578187289648e-05,0.2240143120288849,0.7412038445472717,-0.018085695803165436,0.2410982847213745,0.7308930158615112,-0.035388827323913574,0.2590957283973694,0.7339202165603638,-0.04418615996837616,0.18711495399475098,0.8011055588722229,-0.008896260522305965,0.19131174683570862,0.7532557845115662,-0.02547132410109043,0.2103101909160614,0.7435712218284607,-0.036129485815763474,0.22978423535823822,0.7426395416259766,-0.04043380171060562,0.15608598291873932,0.8245776891708374,-0.019020667299628258,0.13770271837711334,0.7824863195419312,-0.02996569499373436,0.1259426772594452,0.7505223155021667,-0.03448198735713959,0.11923355609178543,0.7241902947425842,-0.036299269646406174,hello
0.25682878494262695,0.8889834880828857,2.426897651730542e-07,0.29565173387527466,0.8459861874580383,-0.014166869223117828,0.3269088864326477,0.7764326930046082,-0.017602358013391495,0.3503659665584564,0.7300864458084106,-0.02212025225162506,0.36490577459335327,0.6946129202842712,-0.026136890053749084,0.2780870497226715,0.6954104900360107,0.004710772540420294,0.28044331073760986,0.6461212635040283,-0.010882736183702946,0.2970447540283203,0.6440479159355164,-0.025403033941984177,0.31018316745758057,0.6527313590049744,-0.0332944318652153,0.24975943565368652,0.6968825459480286,0.001057558343745768,0.24842701852321625,0.6412166953086853,-0.009944514371454716,0.2604229152202606,0.6253543496131897,-0.02195577509701252,0.2728029787540436,0.620535671710968,-0.028942696750164032,0.22075657546520233,0.7123085856437683,-0.007250365801155567,0.21496093273162842,0.6541308164596558,-0.021741071715950966,0.2210719883441925,0.6232231855392456,-0.031054800376296043,0.22888930141925812,0.6022807955741882,-0.03554176166653633,0.19132867455482483,0.7426334619522095,-0.01743433251976967,0.17084938287734985,0.6942182779312134,-0.03299836069345474,0.15593567490577698,0.655674934387207,-0.03961024805903435,0.14540840685367584,0.621016263961792,-0.04211652651429176,hello
0.2068289816379547,0.9693423509597778,1.4942084192171023e-07,0.2486676275730133,0.9247850179672241,-0.011597881093621254,0.2748146653175354,0.8612342476844788,-0.017353568226099014,0.28758424520492554,0.8159784078598022,-0.024990590289235115,0.2943178415298462,0.7798987030982971,-0.032093677669763565,0.2413279265165329,0.7888849973678589,0.000999425072222948,0.2505766749382019,0.7357715368270874,-0.018739888444542885,0.2660234570503235,0.7228769659996033,-0.03682292252779007,0.28133147954940796,0.726054847240448,-0.04647448658943176,0.21676231920719147,0.7885664701461792,-0.004120319616049528,0.22477981448173523,0.734531044960022,-0.02605338767170906,0.2431468665599823,0.7263984084129333,-0.044882044196128845,0.2619331479072571,0.7348467111587524,-0.05358901247382164,0.18772055208683014,0.8001672625541687,-0.01254680473357439,0.1911308467388153,0.7473134994506836,-0.030910968780517578,0.21023517847061157,0.7384943962097168,-0.042278241366147995,0.2303767055273056,0.7424136996269226,-0.04629442095756531,0.15647350251674652,0.8249754309654236,-0.02238568849861622,0.13895192742347717,0.7828863263130188,-0.03428957983851433,0.12853839993476868,0.7511155605316162,-0.03992776200175285,0.12296164780855179,0.7262549996376038,-0.04207542538642883,hello
0.20808391273021698,0.9611809849739075,2.5957581328839296e-07,0.24202731251716614,0.9119728803634644,-0.006964664440602064,0.2625623047351837,0.8510788083076477,-0.009506214410066605,0.2724083364009857,0.8081574440002441,-0.013913159258663654,0.2779281437397003,0.772834837436676,-0.018526162952184677,0.23176227509975433,0.7959241271018982,0.005780788138508797,0.2401002198457718,0.7490889430046082,-0.00842872355133295,0.25028806924819946,0.7281907796859741,-0.02251560613512993,0.2603996992111206,0.7180856466293335,-0.031051550060510635,0.2083057463169098,0.7949312925338745,-0.00015954364789649844,0.21558813750743866,0.7469159364700317,-0.013604747131466866,0.22876305878162384,0.7277013063430786,-0.027266904711723328,0.24438008666038513,0.7220611572265625,-0.035571955144405365,0.18133117258548737,0.8056848049163818,-0.009175642393529415,0.18310411274433136,0.758772611618042,-0.02302522026002407,0.1974770426750183,0.7408623099327087,-0.03217093646526337,0.2149612307548523,0.734198272228241,-0.036985162645578384,0.1525183618068695,0.8294858336448669,-0.019121162593364716,0.1405135542154312,0.7880894541740417,-0.030086657032370567,0.13265112042427063,0.7582751512527466,-0.0344952791929245,0.12902434170246124,0.7358012199401855,-0.03675474599003792,hello
0.2050967514514923,0.95418781042099,3.88408892604275e-07,0.2375630885362625,0.9111562371253967,-0.005119635257869959,0.2552868723869324,0.8523390889167786,-0.006830024998635054,0.2662931978702545,0.8102425336837769,-0.010332105681300163,0.27247634530067444,0.7786989212036133,-0.014564922079443932,0.22815081477165222,0.799394428730011,0.006452709902077913,0.24147573113441467,0.7523440718650818,-0.005046060308814049,0.25282710790634155,0.7161169052124023,-0.017125435173511505,0.2638683021068573,0.6905894875526428,-0.02495422773063183,0.20639094710350037,0.7967180013656616,0.0004921340150758624,0.2166939079761505,0.7483233213424683,-0.008904890157282352,0.22770331799983978,0.7087420225143433,-0.020356236025691032,0.24161285161972046,0.6778638362884521,-0.028324415907263756,0.1815529614686966,0.806098997592926,-0.008090371266007423,0.18776771426200867,0.7602287530899048,-0.01896505057811737,0.20042234659194946,0.7327380776405334,-0.026513319462537766,0.21522711217403412,0.7129766345024109,-0.031015662476420403,0.15562626719474792,0.8286615014076233,-0.01751137152314186,0.14382882416248322,0.7918058633804321,-0.02780068665742874,0.13565964996814728,0.7618619799613953,-0.03142552450299263,0.13077180087566376,0.7362486720085144,-0.033210769295692444,hello
0.20593513548374176,0.9591683149337769,2.950815769509063e-07,0.24088020622730255,0.9149994254112244,-0.0051447018049657345,0.262589693069458,0.8535485863685608,-0.007764248177409172,0.27624017000198364,0.8091668486595154,-0.012262715958058834,0.285410076379776,0.7742165923118591,-0.01784561574459076,0.23559661209583282,0.8042823076248169,0.0029256355483084917,0.24719613790512085,0.7591915130615234,-0.01045538391917944,0.2601514160633087,0.7321652173995972,-0.02384992502629757,0.2723967432975769,0.7142582535743713,-0.03254902362823486,0.21258679032325745,0.8023763298988342,-0.0038360957987606525,0.22430144250392914,0.7577319741249084,-0.016886893659830093,0.23696215450763702,0.7361828088760376,-0.03038722835481167,0.2505670189857483,0.725700318813324,-0.039101965725421906,0.1854000985622406,0.8109490871429443,-0.01302494015544653,0.18981775641441345,0.7659935355186462,-0.02664719708263874,0.20117558538913727,0.7437310814857483,-0.03540186956524849,0.2144208401441574,0.7305294871330261,-0.04046037420630455,0.15597788989543915,0.8319695591926575,-0.022824076935648918,0.14295414090156555,0.7893295288085938,-0.034795843064785004,0.13431519269943237,0.7573024034500122,-0.03955388441681862,0.1291956603527069,0.7312372326850891,-0.04221246764063835,hello
0.207829549908638,0.956135630607605,3.3673862276373256e-07,0.24252630770206451,0.9107679724693298,-0.004177373833954334,0.26147305965423584,0.8467216491699219,-0.004958136007189751,0.26805347204208374,0.8015559911727905,-0.007494959980249405,0.2696489989757538,0.7660701274871826,-0.011296999640762806,0.23744064569473267,0.7968577742576599,0.006432703696191311,0.24869288504123688,0.750510036945343,-0.0040756589733064175,0.25946301221847534,0.7193058729171753,-0.015641478821635246,0.2690984904766083,0.6966060996055603,-0.02364177443087101,0.21364817023277283,0.7952226996421814,0.00016421925101894885,0.2251560091972351,0.7515629529953003,-0.008733503520488739,0.23625056445598602,0.7283545732498169,-0.019765222445130348,0.24839213490486145,0.7118653655052185,-0.027439871802926064,0.18548718094825745,0.8055448532104492,-0.0085560018196702,0.1895398050546646,0.7590464949607849,-0.0193287655711174,0.19846370816230774,0.7340500354766846,-0.026748260483145714,0.20871564745903015,0.7141948342323303,-0.03159702941775322,0.15421715378761292,0.8285714983940125,-0.017815178260207176,0.14177262783050537,0.7875909209251404,-0.028482766821980476,0.13426363468170166,0.7589453458786011,-0.03218083083629608,0.12922419607639313,0.7334637641906738,-0.034142110496759415,hello
0.20835575461387634,0.9550644755363464,2.313109206397712e-07,0.23822841048240662,0.9059754014015198,-0.005088504403829575,0.2530682682991028,0.8474082350730896,-0.008154485374689102,0.26135876774787903,0.8055018782615662,-0.01345017459243536,0.26784226298332214,0.7730635404586792,-0.01901184767484665,0.2288396656513214,0.7941103577613831,0.003696236526593566,0.24086779356002808,0.7488865852355957,-0.01200269628316164,0.2537262737751007,0.7279292345046997,-0.026935063302516937,0.2666681110858917,0.7200329303741455,-0.03605520352721214,0.209459125995636,0.7932654619216919,-0.0035894012544304132,0.21920999884605408,0.7452174425125122,-0.01867843233048916,0.23411540687084198,0.7256393432617188,-0.03284141421318054,0.25188466906547546,0.7209452986717224,-0.04130355268716812,0.1852923333644867,0.8036090135574341,-0.013687730766832829,0.19121377170085907,0.756769597530365,-0.02879565954208374,0.20697934925556183,0.7375317215919495,-0.03927881643176079,0.22539781033992767,0.7296102046966553,-0.04506313428282738,0.15899017453193665,0.827075719833374,-0.02445710450410843,0.14513549208641052,0.7903658747673035,-0.03710275888442993,0.1340635120868683,0.7592802047729492,-0.043564796447753906,0.12738335132598877,0.7339227199554443,-0.0473828986287117,hello
0.2102794647216797,0.962672233581543,2.663568920979742e-07,0.24803489446640015,0.9129222631454468,-0.008014277555048466,0.26697880029678345,0.8464451432228088,-0.011976209469139576,0.27457037568092346,0.7976979613304138,-0.018285874277353287,0.28065016865730286,0.7598350644111633,-0.025582998991012573,0.2446058690547943,0.7921195030212402,-0.0013468447141349316,0.2615392208099365,0.741984486579895,-0.020098282024264336,0.2778642773628235,0.7089828252792358,-0.03697722405195236,0.2934654951095581,0.6862730383872986,-0.047813329845666885,0.22303755581378937,0.7903910875320435,-0.009064805693924427,0.23470768332481384,0.7377666234970093,-0.029717430472373962,0.2533322870731354,0.716249942779541,-0.04663783684372902,0.2729923129081726,0.7086784243583679,-0.05622950196266174,0.195444256067276,0.8023348450660706,-0.01966535486280918,0.1976177990436554,0.7466045618057251,-0.0400533527135849,0.2163529247045517,0.7347016334533691,-0.050955116748809814,0.23713849484920502,0.7337642312049866,-0.055827897042036057,0.1644734889268875,0.8276668190956116,-0.031234825029969215,0.14801520109176636,0.7848023176193237,-0.048042960464954376,0.13693729043006897,0.7526938319206238,-0.055854033678770065,0.13024203479290009,0.7264583110809326,-0.06017559394240379,hello
0.20870491862297058,0.9600914120674133,1.9686872576585301e-07,0.24599502980709076,0.9141624569892883,-0.007190253585577011,0.2654835283756256,0.8535057902336121,-0.010944069363176823,0.27526921033859253,0.8085290789604187,-0.017063546925783157,0.2807280123233795,0.773050844669342,-0.023672282695770264,0.23817895352840424,0.7960801124572754,0.0020863229874521494,0.2502092123031616,0.7487367391586304,-0.014174041338264942,0.2631678283214569,0.7224711775779724,-0.029460862278938293,0.2754727005958557,0.7057108879089355,-0.0392937958240509,0.2169719934463501,0.7941318154335022,-0.005409867037087679,0.22610662877559662,0.7419857978820801,-0.022698113694787025,0.24138927459716797,0.7198426723480225,-0.038034453988075256,0.25805923342704773,0.7095605134963989,-0.04707979038357735,0.1907312273979187,0.8048948049545288,-0.015854110941290855,0.195365309715271,0.7517085075378418,-0.033963460475206375,0.21236079931259155,0.7341557145118713,-0.04445051774382591,0.23041100800037384,0.7262235283851624,-0.04944814741611481,0.16168765723705292,0.8288334012031555,-0.027084408327937126,0.14702129364013672,0.7858617305755615,-0.041899967938661575,0.13602495193481445,0.7537751793861389,-0.04848308488726616,0.1288430541753769,0.7267303466796875,-0.05219205468893051,hello
0.2061108946800232,0.9589455723762512,2.427994161280367e-07,0.24205809831619263,0.9071587324142456,-0.004727561958134174,0.2582249045372009,0.8456739187240601,-0.0072021144442260265,0.2663271427154541,0.8011434674263,-0.012652860954403877,0.27056941390037537,0.7644683718681335,-0.018663011491298676,0.23649537563323975,0.7963512539863586,0.004490941762924194,0.2496872842311859,0.746192216873169,-0.011680327355861664,0.2614384591579437,0.7135916948318481,-0.02674424834549427,0.27225303649902344,0.6896485090255737,-0.03643439710140228,0.21742889285087585,0.7938030362129211,-0.004353875759989023,0.22940446436405182,0.7400508522987366,-0.01989390142261982,0.24162811040878296,0.7046252489089966,-0.033979903906583786,0.2550370693206787,0.6790245175361633,-0.04281932860612869,0.19246134161949158,0.8045454621315002,-0.016270579770207405,0.19857338070869446,0.7502572536468506,-0.03318945690989494,0.21106112003326416,0.7261407375335693,-0.0429348349571228,0.22518540918827057,0.710614800453186,-0.047675784677267075,0.1635885238647461,0.82819664478302,-0.02898266725242138,0.14847278594970703,0.7875524163246155,-0.0435391366481781,0.13634222745895386,0.7553995847702026,-0.049711234867572784,0.1281520575284958,0.727874755859375,-0.052996013313531876,hello
0.20073489844799042,0.9594848155975342,2.8022716946907167e-07,0.2399524301290512,0.9120835661888123,-0.008661247789859772,0.2607434093952179,0.8505614399909973,-0.013528388924896717,0.2724549174308777,0.8064247369766235,-0.02079724706709385,0.2782970070838928,0.7709068059921265,-0.028538797050714493,0.23644623160362244,0.7907885313034058,0.001205572858452797,0.25363969802856445,0.7415075302124023,-0.016075067222118378,0.2674819827079773,0.7100101709365845,-0.03266065940260887,0.2791496515274048,0.6881189346313477,-0.04326614737510681,0.21600127220153809,0.7875944972038269,-0.006495256442576647,0.23176077008247375,0.733694314956665,-0.02276282012462616,0.24698376655578613,0.7008336186408997,-0.03833974152803421,0.2629379332065582,0.6810896992683411,-0.0480070598423481,0.18952178955078125,0.7986820340156555,-0.017472151666879654,0.19814811646938324,0.7442910671234131,-0.03357885405421257,0.21147271990776062,0.7185698747634888,-0.04400068521499634,0.2262442708015442,0.7016977071762085,-0.049455784261226654,0.15907469391822815,0.8235011100769043,-0.029634684324264526,0.14286838471889496,0.7832009196281433,-0.04259457811713219,0.13138332962989807,0.7515370845794678,-0.04792868345975876,0.1248033195734024,0.7247499823570251,-0.05078510567545891,hello
0.25697052478790283,0.8913516998291016,1.935271711772657e-07,0.29747503995895386,0.8473314642906189,-0.014467994682490826,0.33016178011894226,0.7779853940010071,-0.018700789660215378,0.35335761308670044,0.7305774092674255,-0.024184051901102066,0.3693771958351135,0.6927462816238403,-0.028784029185771942,0.2778547704219818,0.698840856552124,0.0037031585816293955,0.2792959213256836,0.646388828754425,-0.014253846369683743,0.3000948429107666,0.6510885953903198,-0.03113587014377117,0.31709200143814087,0.669797956943512,-0.03981595113873482,0.2514726221561432,0.7022132873535156,-0.00017892397590912879,0.24969130754470825,0.6493524312973022,-0.017002500593662262,0.27143073081970215,0.6477234959602356,-0.03294527158141136,0.29245609045028687,0.6597617268562317,-0.041062161326408386,0.22254633903503418,0.7164551615715027,-0.008501144126057625,0.21697069704532623,0.66187584400177,-0.02535814419388771,0.2338540405035019,0.6484423875808716,-0.03494454547762871,0.2515495717525482,0.6469407677650452,-0.038361046463251114,0.19248586893081665,0.743389368057251,-0.018837084993720055,0.16893123090267181,0.6899169683456421,-0.03331539034843445,0.1549028754234314,0.6466060876846313,-0.039551250636577606,0.1458486169576645,0.6099063754081726,-0.04181303083896637,hello
0.20571500062942505,0.9637065529823303,2.470905258178391e-07,0.2451087236404419,0.9171772003173828,-0.005937854293733835,0.26415741443634033,0.8547918796539307,-0.009491457603871822,0.2721012830734253,0.8074700236320496,-0.015582055784761906,0.2785741686820984,0.7711594104766846,-0.022518735378980637,0.24511657655239105,0.7989482283592224,0.0012073763646185398,0.2631467580795288,0.7513324618339539,-0.014844873920083046,0.2796727418899536,0.7191886901855469,-0.030049411579966545,0.2955257296562195,0.6976751089096069,-0.04006520286202431,0.22244761884212494,0.7958992719650269,-0.006206620950251818,0.23520907759666443,0.7492170929908752,-0.023738324642181396,0.25356191396713257,0.7282074093818665,-0.03860560432076454,0.2730325758457184,0.7205906510353088,-0.04723653942346573,0.1944572776556015,0.8056944608688354,-0.016162164509296417,0.19762904942035675,0.753493070602417,-0.03324158117175102,0.21514829993247986,0.7379931211471558,-0.041809797286987305,0.23484601080417633,0.7322872877120972,-0.045854225754737854,0.16430431604385376,0.8284924626350403,-0.02705085650086403,0.14908060431480408,0.788966178894043,-0.04154295474290848,0.13888299465179443,0.7572736144065857,-0.0476006455719471,0.13321715593338013,0.7308680415153503,-0.05086123198270798,hello
0.20383863151073456,0.954283595085144,3.2964027241177973e-07,0.2397642880678177,0.9097421169281006,-0.007830928079783916,0.25656452775001526,0.8489446043968201,-0.011464248411357403,0.26373490691185,0.8028320074081421,-0.01720726676285267,0.26942116022109985,0.7651655077934265,-0.023557567968964577,0.24222111701965332,0.7935366630554199,8.121101564029232e-05,0.2605416774749756,0.7453832030296326,-0.017054472118616104,0.2751949727535248,0.7061536312103271,-0.032987650483846664,0.2878619432449341,0.6771526336669922,-0.04328789561986923,0.2211904227733612,0.7883869409561157,-0.007536395452916622,0.2364080250263214,0.7350015044212341,-0.023622171953320503,0.2506498694419861,0.6952966451644897,-0.03764478117227554,0.26604709029197693,0.6661517024040222,-0.04664444550871849,0.19441494345664978,0.7970781922340393,-0.018419846892356873,0.19834887981414795,0.7426824569702148,-0.0362502820789814,0.2138691544532776,0.7132677435874939,-0.04561101272702217,0.23160064220428467,0.693715512752533,-0.04992957413196564,0.16283829510211945,0.8184641003608704,-0.030483651906251907,0.144833043217659,0.7690606117248535,-0.04606729745864868,0.13442403078079224,0.7295262217521667,-0.052190832793712616,0.12907393276691437,0.6978939175605774,-0.05531739071011543,hello
0.2017451822757721,0.9548373222351074,2.40887857216876e-07,0.23346306383609772,0.9062150716781616,-0.0026091253384947777,0.24678421020507812,0.8458830714225769,-0.004450335167348385,0.2550268769264221,0.8028327226638794,-0.009517262689769268,0.26329874992370605,0.7682918310165405,-0.014950118027627468,0.229525625705719,0.8007136583328247,0.009806015528738499,0.24356937408447266,0.7562651634216309,-0.00366415036842227,0.26015686988830566,0.7299158573150635,-0.01842409372329712,0.27595049142837524,0.712120532989502,-0.028432806953787804,0.21340233087539673,0.7960191965103149,0.00127982662525028,0.22911328077316284,0.7481601238250732,-0.011900410987436771,0.24694238603115082,0.7231345772743225,-0.025628862902522087,0.2660224139690399,0.7095058560371399,-0.034229252487421036,0.19066683948040009,0.8013895153999329,-0.010144942440092564,0.1982913464307785,0.7491893172264099,-0.022607363760471344,0.20912843942642212,0.7159132957458496,-0.031999584287405014,0.2218122035264969,0.6906615495681763,-0.03771495074033737,0.16305264830589294,0.8185600638389587,-0.02236175909638405,0.1488434225320816,0.7783244252204895,-0.03264656662940979,0.13728904724121094,0.7458722591400146,-0.03710239380598068,0.12987086176872253,0.717922031879425,-0.039852701127529144,hello
0.20274141430854797,0.9549596309661865,3.358067317549285e-07,0.2352181375026703,0.9063130617141724,-0.0011458704248070717,0.24994541704654694,0.8437751531600952,-0.0018965662457048893,0.25772330164909363,0.8005260229110718,-0.006299316417425871,0.2647821307182312,0.7652904987335205,-0.011693956330418587,0.23427705466747284,0.7956388592720032,0.010632996447384357,0.2539253234863281,0.7500614523887634,-0.0037540532648563385,0.2723643183708191,0.715272068977356,-0.01862346939742565,0.2890731394290924,0.6911783218383789,-0.02855759672820568,0.2157321572303772,0.7893169522285461,0.0006165533559396863,0.23157426714897156,0.7343197464942932,-0.011724589392542839,0.24543455243110657,0.6956151723861694,-0.024251284077763557,0.2603691518306732,0.6695812344551086,-0.03215508908033371,0.1914866715669632,0.7958426475524902,-0.012513432651758194,0.19193053245544434,0.7325628399848938,-0.025539088994264603,0.19577567279338837,0.6893737316131592,-0.03420151397585869,0.20329982042312622,0.6573910117149353,-0.03902876749634743,0.16375893354415894,0.8172119855880737,-0.026457494124770164,0.1442309021949768,0.7693400979042053,-0.039824094623327255,0.12960883975028992,0.7312628030776978,-0.04548325389623642,0.11973845958709717,0.6989800333976746,-0.048219285905361176,hello
0.19905784726142883,0.9488158822059631,2.534253269459441e-07,0.23088163137435913,0.9005328416824341,-0.000554980244487524,0.24341079592704773,0.840410590171814,-0.001747065456584096,0.2521083652973175,0.7955090999603271,-0.005856894422322512,0.26242950558662415,0.7612007856369019,-0.01085489708930254,0.2301057130098343,0.8017987012863159,0.004009742755442858,0.24956020712852478,0.7527125477790833,-0.009146599099040031,0.2663091719150543,0.716889500617981,-0.021928446367383003,0.28063803911209106,0.690166175365448,-0.03060971014201641,0.2156791090965271,0.7973573803901672,-0.006560587324202061,0.23498666286468506,0.7438940405845642,-0.02114306576550007,0.2548690438270569,0.7144335508346558,-0.0347074531018734,0.27411502599716187,0.6965311169624329,-0.043554745614528656,0.19295233488082886,0.8041500449180603,-0.01930982805788517,0.20334865152835846,0.7489432096481323,-0.036226365715265274,0.22631989419460297,0.7216821312904358,-0.047148991376161575,0.24860702455043793,0.7060685753822327,-0.053126752376556396,0.16383975744247437,0.8209804892539978,-0.03214604780077934,0.14339742064476013,0.7723027467727661,-0.04675573483109474,0.13258960843086243,0.7333399057388306,-0.05426989868283272,0.1261557638645172,0.7017350196838379,-0.05930647626519203,hello
0.1971113085746765,0.9788423180580139,2.4225943207056844e-07,0.2375170886516571,0.9342340230941772,-0.008029317483305931,0.26075759530067444,0.8789640665054321,-0.011895089410245419,0.2740785777568817,0.8337644934654236,-0.018475297838449478,0.2810017764568329,0.8002470135688782,-0.02530319057404995,0.2362462729215622,0.8086200952529907,0.0065325419418513775,0.25388407707214355,0.7560164928436279,-0.008240961469709873,0.27248913049697876,0.7237301468849182,-0.02395770326256752,0.289531946182251,0.7011964321136475,-0.034026551991701126,0.21425780653953552,0.8056921362876892,-0.00032003974774852395,0.22839875519275665,0.7510202527046204,-0.01779918745160103,0.24968063831329346,0.730452299118042,-0.035502128303050995,0.27107003331184387,0.7234447598457336,-0.04540513455867767,0.18654222786426544,0.81410151720047,-0.010016070678830147,0.19445869326591492,0.7648478746414185,-0.026748303323984146,0.21530987322330475,0.749911904335022,-0.038809020072221756,0.2360476553440094,0.7447022795677185,-0.04433223977684975,0.15442758798599243,0.835292637348175,-0.020730450749397278,0.13793712854385376,0.7960444092750549,-0.03169599175453186,0.12962977588176727,0.7698518633842468,-0.03664696589112282,0.12599536776542664,0.7473752498626709,-0.039138440042734146,hello
0.19008401036262512,0.9797468185424805,1.891084622229755e-07,0.2145955115556717,0.9264556169509888,-0.0028676155488938093,0.22500477731227875,0.8670008778572083,-0.0049135275185108185,0.22730012238025665,0.8186743259429932,-0.01020720973610878,0.22604137659072876,0.7812735438346863,-0.015448561869561672,0.22413650155067444,0.8100826740264893,0.009489554911851883,0.2412484586238861,0.756912112236023,-0.005877333227545023,0.25900888442993164,0.7260556221008301,-0.021480197086930275,0.27610713243484497,0.7050706148147583,-0.031022466719150543,0.2075873762369156,0.8081945776939392,0.0012170482659712434,0.22439226508140564,0.7539180517196655,-0.014425420202314854,0.24134044349193573,0.7294556498527527,-0.02969028614461422,0.2597386837005615,0.7158451676368713,-0.038270253688097,0.18494422733783722,0.8165046572685242,-0.009742684662342072,0.19471049308776855,0.7666541934013367,-0.02447446994483471,0.21121034026145935,0.7470676302909851,-0.03397790715098381,0.22938786447048187,0.7359048128128052,-0.038007885217666626,0.15709619224071503,0.8364656567573547,-0.02143842913210392,0.14491048455238342,0.7999936938285828,-0.03030940517783165,0.14130041003227234,0.7773895263671875,-0.033192265778779984,0.14299800992012024,0.7588515281677246,-0.034011490643024445,hello
0.19581855833530426,0.9693354368209839,4.5624679501088394e-07,0.22703059017658234,0.9136502742767334,-0.008112424053251743,0.2422967255115509,0.8500800132751465,-0.013628846034407616,0.25097137689590454,0.7993369102478027,-0.020983416587114334,0.25688987970352173,0.7606353759765625,-0.029120363295078278,0.22904641926288605,0.7996125221252441,-0.0054209572263062,0.2486511915922165,0.7324603796005249,-0.02531360648572445,0.2576243281364441,0.6806087493896484,-0.04222721979022026,0.26523393392562866,0.6397530436515808,-0.05316981300711632,0.20781707763671875,0.7955678105354309,-0.013168307021260262,0.21839945018291473,0.7215702533721924,-0.031414031982421875,0.2177092730998993,0.6610198616981506,-0.047955963760614395,0.21813297271728516,0.6097837090492249,-0.059075430035591125,0.18254533410072327,0.8069194555282593,-0.023085596039891243,0.1811697781085968,0.7415475845336914,-0.039656296372413635,0.17923225462436676,0.6989281177520752,-0.05007723718881607,0.1802046298980713,0.6639553904533386,-0.056587886065244675,0.15370973944664001,0.8347123265266418,-0.03408585488796234,0.13958115875720978,0.7984760999679565,-0.04792635515332222,0.12973631918430328,0.7712481617927551,-0.0527714341878891,0.12322377413511276,0.7446836233139038,-0.05536886304616928,hello
0.2014625072479248,0.9749146103858948,3.159618415793375e-07,0.24280647933483124,0.930168092250824,-0.010233144275844097,0.26698020100593567,0.8721425533294678,-0.01620437204837799,0.2818498909473419,0.8265316486358643,-0.02438163571059704,0.29218316078186035,0.7916358709335327,-0.03312629461288452,0.23869667947292328,0.8016532063484192,0.0016702384455129504,0.2545345425605774,0.7474378943443298,-0.016070835292339325,0.2723028063774109,0.713774561882019,-0.0342017225921154,0.289890855550766,0.6905032396316528,-0.04624941572546959,0.2155330777168274,0.7970746159553528,-0.004740462638437748,0.22906339168548584,0.737755537033081,-0.02050725184381008,0.24447111785411835,0.7071512341499329,-0.03640640154480934,0.2610934376716614,0.6895941495895386,-0.04629218205809593,0.18659688532352448,0.8053351640701294,-0.014613090083003044,0.18823504447937012,0.7459176778793335,-0.028081627562642097,0.19351160526275635,0.7071150541305542,-0.039070114493370056,0.20211245119571686,0.6763943433761597,-0.04608433321118355,0.15415224432945251,0.8294841051101685,-0.026019830256700516,0.13593605160713196,0.7899317741394043,-0.036954350769519806,0.12496255338191986,0.7625207304954529,-0.04182446748018265,0.11924931406974792,0.7387038469314575,-0.044597312808036804,hello
0.25644493103027344,0.8917894959449768,2.1481331202721776e-07,0.29560548067092896,0.8479176759719849,-0.014296106062829494,0.32721224427223206,0.7781547904014587,-0.018229814246296883,0.349788635969162,0.7316749691963196,-0.023469334468245506,0.36510515213012695,0.6954677700996399,-0.028085416182875633,0.2772486209869385,0.6981942653656006,0.0049620759673416615,0.2776193916797638,0.6478535532951355,-0.012568223290145397,0.2978938817977905,0.6502224802970886,-0.029940275475382805,0.3158629238605499,0.6658492088317871,-0.03949480131268501,0.25079867243766785,0.70151287317276,0.0010514294262975454,0.2502891421318054,0.650623083114624,-0.014739339239895344,0.2704143226146698,0.6478670239448547,-0.0304739847779274,0.2910574972629547,0.6580468416213989,-0.03890533372759819,0.22198478877544403,0.7163187265396118,-0.007441707421094179,0.2168777883052826,0.6614701151847839,-0.02373017743229866,0.23053060472011566,0.6417950391769409,-0.03413272276520729,0.24626192450523376,0.6336179971694946,-0.038691699504852295,0.19232630729675293,0.7445922493934631,-0.017952146008610725,0.16979815065860748,0.6926097869873047,-0.032350413501262665,0.1543733775615692,0.6508265733718872,-0.03897895663976669,0.14418604969978333,0.6151158213615417,-0.041846368461847305,hello
0.19345976412296295,0.9847450852394104,3.4391405279166065e-07,0.23457668721675873,0.9389029145240784,-0.011402579955756664,0.2579095959663391,0.8800391554832458,-0.019579680636525154,0.2723252475261688,0.836334228515625,-0.029594067484140396,0.2835502326488495,0.8003343343734741,-0.040007393807172775,0.22708915174007416,0.8115865588188171,-0.0004619673127308488,0.2464781403541565,0.7627810835838318,-0.01902691088616848,0.2677018642425537,0.7342620491981506,-0.03770681470632553,0.2885738015174866,0.7159302830696106,-0.050412777811288834,0.20365679264068604,0.8093714118003845,-0.006824114825576544,0.22148549556732178,0.7628934979438782,-0.027713486924767494,0.24115359783172607,0.7434165477752686,-0.04653812199831009,0.2629929780960083,0.7360860705375671,-0.0571688711643219,0.1748872697353363,0.8194524049758911,-0.016577670350670815,0.17759206891059875,0.7627646923065186,-0.03403516486287117,0.1805112659931183,0.7181388735771179,-0.04880383238196373,0.18833303451538086,0.6833513379096985,-0.057778049260377884,0.1449700891971588,0.8462608456611633,-0.027543621137738228,0.12980765104293823,0.806333601474762,-0.04140670597553253,0.11525221914052963,0.7749333381652832,-0.04869772121310234,0.10557780414819717,0.7468821406364441,-0.05318726971745491,hello
0.21971681714057922,0.986578106880188,3.631004119597492e-07,0.26099860668182373,0.945000171661377,-0.014646152034401894,0.288222998380661,0.8768348097801208,-0.019333362579345703,0.3050649166107178,0.8300260901451111,-0.024538494646549225,0.3225027918815613,0.7940844297409058,-0.030395064502954483,0.24703088402748108,0.8005877137184143,0.00501976115629077,0.26047757267951965,0.7535754442214966,-0.005686561111360788,0.27181389927864075,0.7207415103912354,-0.01912407949566841,0.28064948320388794,0.6952152252197266,-0.029348473995923996,0.21387171745300293,0.8034634590148926,0.0012365574948489666,0.21908986568450928,0.7522550821304321,-0.015850255265831947,0.2347187101840973,0.7463005781173706,-0.03185364603996277,0.2509039342403412,0.7543314099311829,-0.039799466729164124,0.17988434433937073,0.82020103931427,-0.0061539337038993835,0.17630837857723236,0.7627667188644409,-0.02153640426695347,0.17976082861423492,0.727275013923645,-0.03372723609209061,0.18663237988948822,0.7028141021728516,-0.040436431765556335,0.14585651457309723,0.8541443943977356,-0.015273385681211948,0.12627147138118744,0.8047598004341125,-0.02858041226863861,0.11075074970722198,0.7658936381340027,-0.036245573312044144,0.09927184879779816,0.730672299861908,-0.04087254777550697,hello
0.2174171656370163,0.9849887490272522,3.5053420788244694e-07,0.2644258737564087,0.9423395991325378,-0.015481109730899334,0.29195576906204224,0.871480405330658,-0.018894387409090996,0.3089030683040619,0.8214903473854065,-0.022729188203811646,0.32209503650665283,0.7822645306587219,-0.027204811573028564,0.25034329295158386,0.8010835647583008,0.005009806714951992,0.26255860924720764,0.7534912824630737,-0.0042815241031348705,0.2725335359573364,0.7212263345718384,-0.017140911892056465,0.2804521918296814,0.6954605579376221,-0.026962539181113243,0.21655328571796417,0.8028572797775269,0.0026598963886499405,0.2209838181734085,0.7524838447570801,-0.012389452196657658,0.23654893040657043,0.7418889999389648,-0.028101002797484398,0.25376272201538086,0.7453196048736572,-0.03625965118408203,0.18143078684806824,0.8183973431587219,-0.003275427268818021,0.1782350391149521,0.761481523513794,-0.017007997259497643,0.18319685757160187,0.7267645001411438,-0.02889588288962841,0.1923607587814331,0.7037716507911682,-0.035510025918483734,0.1464257389307022,0.8501236438751221,-0.01115081924945116,0.1256885528564453,0.7979725003242493,-0.02341771125793457,0.10911440849304199,0.756932258605957,-0.0306671354919672,0.09751743823289871,0.7212303280830383,-0.03498030826449394,hello
0.2176661491394043,0.9884408116340637,3.220638689072075e-07,0.26298263669013977,0.9419633746147156,-0.012396345846354961,0.29145723581314087,0.8708573579788208,-0.013572403229773045,0.3106606900691986,0.8184407353401184,-0.01635061204433441,0.3284440338611603,0.7812680006027222,-0.01988128386437893,0.24565863609313965,0.8031795620918274,0.012838899157941341,0.25377127528190613,0.7571881413459778,0.0025579738430678844,0.26748183369636536,0.7314854264259338,-0.01180356740951538,0.280499666929245,0.7155461311340332,-0.02130969427525997,0.21315643191337585,0.8098588585853577,0.00877324678003788,0.21631987392902374,0.7628095149993896,-0.006902707740664482,0.23498453199863434,0.7519547939300537,-0.025232894346117973,0.2548464834690094,0.756363034248352,-0.035159848630428314,0.17943863570690155,0.8281732797622681,0.000967476109508425,0.179812952876091,0.7823777198791504,-0.015029850415885448,0.1961755007505417,0.763340950012207,-0.02758929505944252,0.21448838710784912,0.7560112476348877,-0.0335419699549675,0.14462454617023468,0.858947217464447,-0.008515492081642151,0.12644916772842407,0.8092295527458191,-0.020867735147476196,0.11429424583911896,0.7682403922080994,-0.027318894863128662,0.10748053342103958,0.7331865429878235,-0.030741365626454353,hello
0.2207982838153839,0.9890354871749878,3.6214575516169134e-07,0.2606499195098877,0.9451689720153809,-0.01584545336663723,0.2904857397079468,0.8730639815330505,-0.0191323384642601,0.30832725763320923,0.8210344314575195,-0.022370900958776474,0.3254648447036743,0.78560870885849,-0.026484886184334755,0.25011134147644043,0.8056498765945435,-0.0031902326736599207,0.2624209523200989,0.7537513375282288,-0.01502225548028946,0.27307432889938354,0.7208324670791626,-0.027682479470968246,0.2831166982650757,0.6992767453193665,-0.03664904460310936,0.21587248146533966,0.8115319013595581,-0.006698338780552149,0.22121171653270721,0.762112557888031,-0.025178801268339157,0.23826085031032562,0.7563504576683044,-0.042466871440410614,0.25504282116889954,0.7674127817153931,-0.05241544917225838,0.18155939877033234,0.8322018384933472,-0.013362506404519081,0.18504060804843903,0.7895322442054749,-0.03225710988044739,0.2027970552444458,0.7770826816558838,-0.04730115830898285,0.21972781419754028,0.777686595916748,-0.0559799000620842,0.14823777973651886,0.8645093441009521,-0.0214540958404541,0.1295194923877716,0.819959282875061,-0.03689279407262802,0.1195705458521843,0.7837901711463928,-0.04723978042602539,0.11399182677268982,0.7545486688613892,-0.05441752448678017,hello
0.18829354643821716,0.98343825340271,2.2199343163720187e-07,0.21911028027534485,0.9264800548553467,0.007247919216752052,0.2317640334367752,0.8655588030815125,0.010712475515902042,0.2447730153799057,0.818271815776825,0.008350078016519547,0.25482377409935,0.7819623351097107,0.005218997597694397,0.2101980298757553,0.8354347348213196,0.030257921665906906,0.22682173550128937,0.7915835380554199,0.023183530196547508,0.247196763753891,0.7660828232765198,0.0108129708096385,0.26554280519485474,0.7495381236076355,0.0024707734119147062,0.19563491642475128,0.8312233090400696,0.0182678010314703,0.21205221116542816,0.7846391201019287,0.010805994272232056,0.23011507093906403,0.7564836144447327,-0.002771071856841445,0.24877208471298218,0.7409547567367554,-0.011400365270674229,0.17401628196239471,0.8360658884048462,0.0037360573187470436,0.18023817241191864,0.7861015200614929,-0.0035720416344702244,0.19220276176929474,0.7548846006393433,-0.01074768602848053,0.20424871146678925,0.7319592833518982,-0.01459837518632412,0.14735034108161926,0.8512014150619507,-0.011001979932188988,0.13273875415325165,0.8080759644508362,-0.015358873642981052,0.12190106511116028,0.7765374779701233,-0.015297519974410534,0.11493314802646637,0.7484304904937744,-0.014960206113755703,hello
0.1928015798330307,0.990054726600647,1.9149979380017612e-07,0.23109707236289978,0.9367548823356628,-0.0050131590105593204,0.25195860862731934,0.8807043433189392,-0.00808490626513958,0.26605892181396484,0.8338435888290405,-0.014727970585227013,0.27481594681739807,0.799007773399353,-0.021367153152823448,0.22386713325977325,0.8295304775238037,0.01318373903632164,0.2389867901802063,0.7837005257606506,-0.001052849111147225,0.2566101551055908,0.7602354288101196,-0.0167890265583992,0.27390411496162415,0.7463463544845581,-0.02649056538939476,0.203734889626503,0.8264522552490234,0.005575474817305803,0.21968421339988708,0.7774611711502075,-0.010763553902506828,0.24014844000339508,0.7570128440856934,-0.02817470394074917,0.2612825036048889,0.7477561235427856,-0.03801252320408821,0.17783400416374207,0.8328664898872375,-0.005193751305341721,0.18643778562545776,0.7832821607589722,-0.02049889601767063,0.20690782368183136,0.7628371119499207,-0.03197316825389862,0.22794979810714722,0.7510541677474976,-0.037161581218242645,0.14723822474479675,0.8504065871238708,-0.0168251171708107,0.1322748064994812,0.8105894327163696,-0.02520126849412918,0.12255318462848663,0.7793968319892883,-0.028612280264496803,0.11767494678497314,0.7517720460891724,-0.03044724278151989,hello
0.1940099149942398,0.9879152178764343,2.4611736648694205e-07,0.23276737332344055,0.9345200061798096,-0.004236265085637569,0.25308024883270264,0.877623438835144,-0.00626992667093873,0.26636892557144165,0.8307076096534729,-0.011771203950047493,0.27367761731147766,0.7957580089569092,-0.01743633858859539,0.2253161072731018,0.8269807696342468,0.016232101246714592,0.23948803544044495,0.7829102873802185,0.004869735334068537,0.2551436424255371,0.757276177406311,-0.00955025851726532,0.2692972421646118,0.7382262349128723,-0.019634442403912544,0.203594371676445,0.8218708634376526,0.008838335052132607,0.21747422218322754,0.7739872336387634,-0.0028917810413986444,0.2331954836845398,0.7470943331718445,-0.017791038379073143,0.24981731176376343,0.7289860248565674,-0.027377555146813393,0.17656977474689484,0.8273691534996033,-0.0019435245776548982,0.18104751408100128,0.7753781080245972,-0.013374113477766514,0.19166894257068634,0.7401202321052551,-0.023864760994911194,0.2039908766746521,0.7111433148384094,-0.030187923461198807,0.1461990922689438,0.8456541299819946,-0.013634095899760723,0.13167119026184082,0.8055174350738525,-0.022024907171726227,0.12137563526630402,0.7754323482513428,-0.025481464341282845,0.1160268485546112,0.7482684850692749,-0.027568180114030838,hello
0.2069568783044815,0.9801300168037415,2.482226761912898e-07,0.25139719247817993,0.9373714327812195,-0.0166865736246109,0.28258854150772095,0.8792219161987305,-0.02695467136800289,0.3053757846355438,0.8323280215263367,-0.03820601478219032,0.3206521272659302,0.7950361967086792,-0.049882546067237854,0.24688366055488586,0.799669086933136,-0.0069457292556762695,0.2593775987625122,0.7453280091285706,-0.027898404747247696,0.2743113338947296,0.7223701477050781,-0.04748573899269104,0.28882497549057007,0.710466206073761,-0.05973491817712784,0.22010886669158936,0.797956109046936,-0.01032912079244852,0.22723707556724548,0.7397581338882446,-0.029282614588737488,0.242799311876297,0.7195999622344971,-0.04614083841443062,0.25950056314468384,0.7145870923995972,-0.05602104589343071,0.1890513300895691,0.811139702796936,-0.01735966093838215,0.1872653067111969,0.7543938755989075,-0.033075544983148575,0.19218212366104126,0.7236737012863159,-0.043952081352472305,0.1992218941450119,0.7029098868370056,-0.05042613297700882,0.156760573387146,0.8402636647224426,-0.026222720742225647,0.14332717657089233,0.7998853921890259,-0.03859633207321167,0.1336003839969635,0.7719630599021912,-0.04358556121587753,0.1267237365245819,0.7480350136756897,-0.046157579869031906,hello
0.25521937012672424,0.892615556716919,2.0979162229650683e-07,0.2958846986293793,0.8515787720680237,-0.014226948842406273,0.3270251750946045,0.7850610017776489,-0.01780077815055847,0.3483377695083618,0.7397616505622864,-0.022773653268814087,0.36200815439224243,0.7049470543861389,-0.027033578604459763,0.2788463532924652,0.7012116312980652,0.0069502899423241615,0.2809162139892578,0.649959921836853,-0.009244968183338642,0.29907435178756714,0.6497046947479248,-0.0255584754049778,0.3145895302295685,0.6625521779060364,-0.03446279838681221,0.2517372965812683,0.702981173992157,0.00341423274949193,0.24993422627449036,0.6493859887123108,-0.010645655915141106,0.26722452044487,0.6424490213394165,-0.025543686002492905,0.2849138379096985,0.648711085319519,-0.03367163985967636,0.22276417911052704,0.7165446877479553,-0.00468645803630352,0.2160443365573883,0.6611804366111755,-0.020029231905937195,0.2293930947780609,0.6427368521690369,-0.029436539858579636,0.24438993632793427,0.6359282732009888,-0.0332237184047699,0.19251203536987305,0.7434011101722717,-0.014863390475511551,0.16980257630348206,0.6907577514648438,-0.02901396155357361,0.1558629870414734,0.6482006907463074,-0.03521331772208214,0.1470455825328827,0.6118716597557068,-0.037536222487688065,hello
0.2038448601961136,0.9863154292106628,2.298658046129276e-07,0.2542516589164734,0.9421607255935669,-0.018282152712345123,0.28940021991729736,0.8795012831687927,-0.025700315833091736,0.3128567636013031,0.824951171875,-0.03448396548628807,0.3268784284591675,0.7811577320098877,-0.04371423274278641,0.24741658568382263,0.8016838431358337,0.005771553609520197,0.25899428129196167,0.7466045022010803,-0.011140337213873863,0.27153241634368896,0.7188446521759033,-0.030449360609054565,0.28450316190719604,0.7014872431755066,-0.043143972754478455,0.21905194222927094,0.8010396361351013,0.0036892686039209366,0.2249389886856079,0.7398440837860107,-0.01866990327835083,0.24030259251594543,0.7273302674293518,-0.04281018674373627,0.2583666443824768,0.7332291603088379,-0.05551205202937126,0.1873481124639511,0.8119823932647705,-0.0020907858852297068,0.18838465213775635,0.7576848864555359,-0.020920895040035248,0.20241840183734894,0.7434033155441284,-0.036489423364400864,0.21945720911026,0.7442528605461121,-0.04356609284877777,0.15375623106956482,0.8369210958480835,-0.009808843024075031,0.14099140465259552,0.7962583899497986,-0.022879110649228096,0.13563141226768494,0.7695527672767639,-0.03025200217962265,0.1348949670791626,0.750562310218811,-0.03352528437972069,hello
0.20093446969985962,0.9814434051513672,3.0887767366039043e-07,0.24903604388237,0.9380962252616882,-0.015625780448317528,0.2785976529121399,0.8847556710243225,-0.023548990488052368,0.2974698543548584,0.8372430801391602,-0.033302996307611465,0.30832523107528687,0.7996917366981506,-0.04360855743288994,0.24583002924919128,0.8036463856697083,0.003513186937198043,0.2598191201686859,0.7484639883041382,-0.013583525083959103,0.27602672576904297,0.715584933757782,-0.032810721546411514,0.29303792119026184,0.6929108500480652,-0.04536203294992447,0.21871814131736755,0.8003672361373901,0.00044081188389100134,0.2283201366662979,0.7428478002548218,-0.017790865153074265,0.24639186263084412,0.7199134230613708,-0.038717400282621384,0.2673647999763489,0.7134952545166016,-0.05111255124211311,0.18739040195941925,0.8104490637779236,-0.006172203924506903,0.19088472425937653,0.7572579383850098,-0.020810596644878387,0.20463423430919647,0.737155556678772,-0.033977776765823364,0.22120259702205658,0.7291663885116577,-0.04107699915766716,0.15307916700839996,0.8360377550125122,-0.014762365259230137,0.13894721865653992,0.7960553765296936,-0.024220196530222893,0.1290965974330902,0.7676878571510315,-0.029522446915507317,0.12345763295888901,0.745433509349823,-0.03234010934829712,hello
0.20511451363563538,0.9840748310089111,1.7744983438205963e-07,0.25411540269851685,0.9370160102844238,-0.015884118154644966,0.28789931535720825,0.8801758289337158,-0.023431828245520592,0.30972954630851746,0.8314197063446045,-0.032920464873313904,0.3251059949398041,0.7919182777404785,-0.042559925466775894,0.24438335001468658,0.8039851784706116,0.005656969267874956,0.2520001232624054,0.749599814414978,-0.012232385575771332,0.2677333354949951,0.7299395799636841,-0.031618382781744,0.2854779362678528,0.7232721447944641,-0.04333227500319481,0.21824520826339722,0.8044116497039795,0.0021840946283191442,0.22311432659626007,0.7487927675247192,-0.019554857164621353,0.2415878027677536,0.7371059060096741,-0.043126318603754044,0.26363644003868103,0.7424687743186951,-0.055856071412563324,0.18839234113693237,0.8154072761535645,-0.0050236135721206665,0.18979980051517487,0.766374409198761,-0.02290027029812336,0.20746420323848724,0.7534416317939758,-0.038696594536304474,0.2292923629283905,0.7557708024978638,-0.04618033766746521,0.1555701494216919,0.8390113711357117,-0.014111772179603577,0.13732729852199554,0.7972440123558044,-0.02523321658372879,0.12930378317832947,0.7669786214828491,-0.03244413807988167,0.1284247636795044,0.7455537915229797,-0.036032769829034805,hello
0.25417259335517883,0.8838721513748169,2.6158468813264335e-07,0.2898118793964386,0.8376746773719788,-0.011997112073004246,0.31223565340042114,0.7722312211990356,-0.015386267565190792,0.32011878490448,0.7283641695976257,-0.019856983795762062,0.3226240277290344,0.6941784620285034,-0.02443290501832962,0.27269914746284485,0.7069293260574341,0.0018812647322192788,0.27943941950798035,0.6614904403686523,-0.01371611375361681,0.29196399450302124,0.6467979550361633,-0.028835562989115715,0.30413952469825745,0.6432519555091858,-0.03822272643446922,0.2478920817375183,0.7101054191589355,-0.0022360566072165966,0.2504999041557312,0.6583268046379089,-0.01802661083638668,0.26619815826416016,0.6448582410812378,-0.032792769372463226,0.283701092004776,0.6456043124198914,-0.04147898033261299,0.22015735507011414,0.7257107496261597,-0.00993290264159441,0.2179119884967804,0.6737006902694702,-0.02700604684650898,0.23450052738189697,0.6615906953811646,-0.037460338324308395,0.2529506981372833,0.6592229008674622,-0.04249363765120506,0.19133228063583374,0.7539417743682861,-0.018927372992038727,0.1767074465751648,0.713684618473053,-0.034106675535440445,0.1707843840122223,0.6849879622459412,-0.041507184505462646,0.1681552231311798,0.6610800623893738,-0.04539308696985245,hello
0.20699772238731384,0.9988299012184143,2.4656907271491946e-07,0.24580618739128113,0.9563286304473877,-0.01382357720285654,0.2781261205673218,0.8896663188934326,-0.018540028482675552,0.30118975043296814,0.8407106995582581,-0.023619839921593666,0.3171767294406891,0.8046729564666748,-0.02955380268394947,0.2365534007549286,0.820286750793457,-0.004299204330891371,0.24397012591362,0.7690832614898682,-0.017420059069991112,0.2516678273677826,0.744686484336853,-0.030578915029764175,0.25729823112487793,0.7306037545204163,-0.039563488215208054,0.2036128044128418,0.8290008902549744,-0.009608281776309013,0.20794658362865448,0.7759800553321838,-0.025928746908903122,0.2254115641117096,0.7681546807289124,-0.04052913933992386,0.24175550043582916,0.7753283381462097,-0.04878280311822891,0.17057374119758606,0.8507941365242004,-0.017869912087917328,0.17303825914859772,0.804378092288971,-0.03308992087841034,0.18629632890224457,0.7824673056602478,-0.04414781183004379,0.19985558092594147,0.7677077651023865,-0.051134124398231506,0.13907043635845184,0.885452389717102,-0.02763563022017479,0.12243905663490295,0.848926842212677,-0.040863268077373505,0.11217492818832397,0.8202297687530518,-0.04708026722073555,0.1048731803894043,0.7930905818939209,-0.05114130675792694,hello
0.2537615895271301,0.8857488632202148,2.9928682465651946e-07,0.2874980866909027,0.8412855267524719,-0.012408659793436527,0.3105427920818329,0.7760683298110962,-0.0157653596252203,0.3254721164703369,0.7330182194709778,-0.020033441483974457,0.3360448479652405,0.7001829147338867,-0.024251854047179222,0.2710042893886566,0.7119429707527161,0.0019449819810688496,0.2760934829711914,0.6660107970237732,-0.012695983052253723,0.28630387783050537,0.6463570594787598,-0.027342000976204872,0.29652947187423706,0.6353349685668945,-0.03677023574709892,0.24537044763565063,0.7125166058540344,-0.0016088903648778796,0.247175395488739,0.6617295145988464,-0.014527987688779831,0.25671055912971497,0.6321825981140137,-0.028453204780817032,0.2689895033836365,0.613081693649292,-0.037939708679914474,0.21784445643424988,0.7265732884407043,-0.008852839469909668,0.21392033994197845,0.6766088604927063,-0.023644495755434036,0.22276875376701355,0.6538950800895691,-0.034256067126989365,0.23452496528625488,0.6390116214752197,-0.040535300970077515,0.19019544124603271,0.7538752555847168,-0.01757514849305153,0.17528092861175537,0.7156415581703186,-0.03159599378705025,0.16489394009113312,0.685577392578125,-0.038691624999046326,0.15800800919532776,0.6587309241294861,-0.042825836688280106,hello
0.25132280588150024,0.8904086947441101,3.6422315474737843e-07,0.28281837701797485,0.8466007709503174,-0.013791875913739204,0.3011138439178467,0.7854483127593994,-0.0189644955098629,0.3127768337726593,0.7433791756629944,-0.024978898465633392,0.32136407494544983,0.7063058614730835,-0.03125322610139847,0.2664325535297394,0.7155445218086243,0.0019018662860617042,0.27081215381622314,0.6648892164230347,-0.012181977741420269,0.2725653350353241,0.6309500932693481,-0.026384958997368813,0.27328670024871826,0.6035702228546143,-0.03633536025881767,0.24198009073734283,0.7143866419792175,-0.0017789629055187106,0.24510915577411652,0.6580250263214111,-0.01388090942054987,0.2465316504240036,0.6181527376174927,-0.02739824540913105,0.24944867193698883,0.5867804288864136,-0.03683057054877281,0.2162916213274002,0.7267585396766663,-0.009177260100841522,0.21021617949008942,0.6696392297744751,-0.02270449325442314,0.20859277248382568,0.635466456413269,-0.0332258865237236,0.20945286750793457,0.6086479425430298,-0.04000988230109215,0.1898520588874817,0.7540276646614075,-0.018347637727856636,0.17660397291183472,0.7169598937034607,-0.03189648687839508,0.16592320799827576,0.6872573494911194,-0.0388672798871994,0.15796521306037903,0.6602423787117004,-0.04295525327324867,hello
0.2517363131046295,0.8863773941993713,3.138548834158428e-07,0.28503069281578064,0.8395887613296509,-0.013463244773447514,0.30381280183792114,0.7767649292945862,-0.018469007685780525,0.31205010414123535,0.7335705161094666,-0.024189189076423645,0.3178460896015167,0.6978976130485535,-0.030069684609770775,0.2679491937160492,0.7114413976669312,0.0003083463234361261,0.27475878596305847,0.6637967824935913,-0.013896221294999123,0.283284455537796,0.6366077661514282,-0.028170200064778328,0.29146477580070496,0.6169716715812683,-0.03813742846250534,0.24517813324928284,0.7134793400764465,-0.0035359382163733244,0.25257575511932373,0.6630363464355469,-0.01974264718592167,0.26983529329299927,0.6488688588142395,-0.03435936197638512,0.28830528259277344,0.6467970013618469,-0.043186403810977936,0.21844066679477692,0.7274264693260193,-0.0108870854601264,0.21916714310646057,0.674534797668457,-0.02847912348806858,0.2354598194360733,0.6601530313491821,-0.038939204066991806,0.25341323018074036,0.655131995677948,-0.04421686381101608,0.18982911109924316,0.7538862228393555,-0.01961485669016838,0.1753322184085846,0.7130141854286194,-0.035385582596063614,0.16866907477378845,0.6845973134040833,-0.043156251311302185,0.16488930583000183,0.6616939306259155,-0.04749196767807007,hello
0.2558155655860901,0.8906760811805725,3.2495722734893207e-07,0.28865745663642883,0.8442692756652832,-0.012344896793365479,0.3130938410758972,0.7791800498962402,-0.01574959233403206,0.3279460668563843,0.7406284213066101,-0.02018595114350319,0.3361812233924866,0.7081875205039978,-0.025185903534293175,0.27286550402641296,0.7125030755996704,0.0019972731824964285,0.2776295244693756,0.6639527082443237,-0.011165142059326172,0.2787696123123169,0.6340277791023254,-0.02453017421066761,0.27904266119003296,0.6101348400115967,-0.03403305634856224,0.24772609770298004,0.7131577730178833,-0.002509834710508585,0.2541833519935608,0.6639355421066284,-0.015427310951054096,0.2592616379261017,0.6404621005058289,-0.028230350464582443,0.26583486795425415,0.6290125846862793,-0.03605976328253746,0.220083549618721,0.7278828024864197,-0.010648797266185284,0.2168189436197281,0.6714510321617126,-0.024800704792141914,0.21533425152301788,0.637441873550415,-0.03551869839429855,0.21725353598594666,0.6117503643035889,-0.0420377291738987,0.19150972366333008,0.7578691840171814,-0.02027483843266964,0.17779511213302612,0.7223080396652222,-0.034287694841623306,0.16686704754829407,0.693379819393158,-0.04136335849761963,0.15926408767700195,0.6672114729881287,-0.04531645029783249,hello
0.2571733295917511,0.8902855515480042,2.956562070721702e-07,0.2902321219444275,0.8448400497436523,-0.01226121187210083,0.31735655665397644,0.7808327078819275,-0.015861498191952705,0.3360702693462372,0.7438722252845764,-0.020638668909668922,0.34790897369384766,0.7147353887557983,-0.025946196168661118,0.2756824493408203,0.7117205262184143,0.0025580369401723146,0.2816585898399353,0.6661214232444763,-0.011617247015237808,0.28429505228996277,0.6430956125259399,-0.026001665741205215,0.285928338766098,0.6278377771377563,-0.03569522127509117,0.24905261397361755,0.7127801775932312,-0.0021607396192848682,0.25361311435699463,0.6636817455291748,-0.014980525709688663,0.2575816810131073,0.6416139006614685,-0.028361039236187935,0.26372164487838745,0.6325891613960266,-0.03679656982421875,0.22066977620124817,0.7280017733573914,-0.01068976242095232,0.21580958366394043,0.672459602355957,-0.02465999312698841,0.21376864612102509,0.6386218070983887,-0.03611801564693451,0.21594995260238647,0.6133883595466614,-0.04338608309626579,0.19212031364440918,0.7584541440010071,-0.0207134447991848,0.1778198778629303,0.722328245639801,-0.03419604152441025,0.16630715131759644,0.6929221749305725,-0.041412729769945145,0.15884986519813538,0.6661661267280579,-0.04576174169778824,hello
0.2571612596511841,0.8900704979896545,3.074360108712426e-07,0.2907317876815796,0.8454157114028931,-0.013112472370266914,0.31818434596061707,0.7802119255065918,-0.0170881524682045,0.3370993435382843,0.7421204447746277,-0.02209470234811306,0.3492448031902313,0.7116411328315735,-0.027589717879891396,0.2749459445476532,0.7112515568733215,0.0014450250891968608,0.278756707906723,0.6635752320289612,-0.012271829880774021,0.28052371740341187,0.6363235712051392,-0.02605593018233776,0.28138622641563416,0.6159508228302002,-0.035707566887140274,0.24879594147205353,0.712364673614502,-0.0029995287768542767,0.25350335240364075,0.6637503504753113,-0.01657114550471306,0.25923094153404236,0.6426069736480713,-0.02987796440720558,0.26655638217926025,0.634009599685669,-0.03805353119969368,0.2207135409116745,0.7274383306503296,-0.011218608357012272,0.21691137552261353,0.6721925139427185,-0.026099829003214836,0.21601387858390808,0.6402069926261902,-0.03742162138223648,0.2188393622636795,0.6167935729026794,-0.044339776039123535,0.1923719346523285,0.7574530243873596,-0.02098887600004673,0.17734882235527039,0.7216520309448242,-0.0357506200671196,0.1654929220676422,0.6924608945846558,-0.043630775064229965,0.15740464627742767,0.6659899353981018,-0.04822574183344841,hello
0.25730520486831665,0.8904509544372559,3.0457843536169094e-07,0.2903660833835602,0.845116376876831,-0.012433805502951145,0.31661534309387207,0.7800233364105225,-0.01613425835967064,0.3340778946876526,0.7422075867652893,-0.020972276106476784,0.34479761123657227,0.7119537591934204,-0.02621792070567608,0.2752665877342224,0.7119956016540527,0.0017670155502855778,0.28075098991394043,0.6647546291351318,-0.012606646865606308,0.2832902669906616,0.6401577591896057,-0.026735037565231323,0.28456515073776245,0.623307466506958,-0.03618362545967102,0.24916589260101318,0.7127499580383301,-0.002772098872810602,0.2543922960758209,0.663520097732544,-0.0158427394926548,0.2596578001976013,0.6409032344818115,-0.028890419751405716,0.2665110230445862,0.6310442686080933,-0.03694330155849457,0.2210026979446411,0.727492094039917,-0.011100661009550095,0.2173629254102707,0.6721985340118408,-0.025475507602095604,0.2164732962846756,0.6400790214538574,-0.036490198224782944,0.21907228231430054,0.6163974404335022,-0.04319772124290466,0.19239193201065063,0.7572662234306335,-0.02092750184237957,0.17761743068695068,0.7217825055122375,-0.03516604006290436,0.16600236296653748,0.6926473379135132,-0.04261044040322304,0.15816782414913177,0.666032075881958,-0.04682758450508118,hello
0.25040504336357117,0.8969938158988953,3.365433940416551e-07,0.28473687171936035,0.8536500930786133,-0.014285619370639324,0.3062525987625122,0.7950336337089539,-0.019291242584586143,0.32185855507850647,0.7568219304084778,-0.025186995044350624,0.3341989517211914,0.7261518836021423,-0.0314737893640995,0.2712511122226715,0.7186886072158813,0.002119069453328848,0.2722460627555847,0.6700716018676758,-0.011551673524081707,0.2704390287399292,0.6367733478546143,-0.026326242834329605,0.2683568596839905,0.6090129017829895,-0.03695293143391609,0.24392841756343842,0.719359815120697,-0.0012389859184622765,0.24243392050266266,0.6668729186058044,-0.013387039303779602,0.24109792709350586,0.6296616792678833,-0.027404289692640305,0.2422337830066681,0.6001089215278625,-0.03755628690123558,0.21624508500099182,0.7340387105941772,-0.008280184119939804,0.21051692962646484,0.6818720102310181,-0.022091137245297432,0.21218499541282654,0.6564520001411438,-0.03153914213180542,0.21655020117759705,0.6367565989494324,-0.03749000281095505,0.18869516253471375,0.7632961869239807,-0.017240623012185097,0.17778250575065613,0.7268887162208557,-0.03050008788704872,0.16878251731395721,0.6993257999420166,-0.03613368049263954,0.16237087547779083,0.6741369366645813,-0.03932581841945648,hello
0.24169892072677612,0.9045220017433167,3.0974536002759123e-07,0.2728656530380249,0.8649979829788208,-0.007553168572485447,0.29350441694259644,0.8095921874046326,-0.010326078161597252,0.3090815246105194,0.768892765045166,-0.014643924310803413,0.32029226422309875,0.7337751388549805,-0.0195509884506464,0.26208892464637756,0.7454605102539062,0.007351486943662167,0.2721836566925049,0.7006217241287231,-0.0019782744348049164,0.2773350775241852,0.6718324422836304,-0.012809771113097668,0.2799316942691803,0.6487244367599487,-0.02063767984509468,0.23941609263420105,0.7412863373756409,0.002451268257573247,0.24641302227973938,0.6935141682624817,-0.004306531511247158,0.2502172589302063,0.6621677875518799,-0.014308599755167961,0.2546958923339844,0.6360037326812744,-0.02206786908209324,0.21402932703495026,0.7489262819290161,-0.005505972541868687,0.21490778028964996,0.6984081268310547,-0.015301759354770184,0.21844369173049927,0.6708837747573853,-0.022463427856564522,0.2231229692697525,0.6492415070533752,-0.027404719963669777,0.18649429082870483,0.7697575688362122,-0.014528840780258179,0.17346979677677155,0.730949342250824,-0.02546858601272106,0.16370753943920135,0.7012733817100525,-0.029767856001853943,0.15662533044815063,0.6756603717803955,-0.032132502645254135,hello
0.24741004407405853,0.8981280326843262,3.4814675586858357e-07,0.27685239911079407,0.8551669716835022,-0.0067459833808243275,0.29358598589897156,0.7935256361961365,-0.008363504894077778,0.30510979890823364,0.7508626580238342,-0.012051325291395187,0.3135627806186676,0.7140604257583618,-0.01667773723602295,0.26289787888526917,0.72956782579422,0.008281606249511242,0.2683190405368805,0.6810605525970459,-0.0014493921771645546,0.2695368826389313,0.6462807655334473,-0.012511584907770157,0.2686910033226013,0.6174696087837219,-0.020728033035993576,0.2396765798330307,0.7268445491790771,0.001992063596844673,0.24216142296791077,0.6736935973167419,-0.005457011982798576,0.24105560779571533,0.6334515810012817,-0.0162117388099432,0.24064788222312927,0.6000921130180359,-0.02402770146727562,0.21473875641822815,0.7377687096595764,-0.007272052112966776,0.20857343077659607,0.6812000870704651,-0.017545096576213837,0.20346719026565552,0.6435459852218628,-0.025762777775526047,0.19978922605514526,0.6123983263969421,-0.03119831718504429,0.18804407119750977,0.7637467384338379,-0.017696935683488846,0.17394086718559265,0.7243751287460327,-0.029777992516756058,0.16178259253501892,0.693589985370636,-0.0349414199590683,0.15209943056106567,0.6657605767250061,-0.037486061453819275,hello
0.2460644245147705,0.9060766696929932,3.6053987173545465e-07,0.2763315737247467,0.8651739954948425,-0.009936464950442314,0.29770758748054504,0.8078789710998535,-0.013485998846590519,0.31286996603012085,0.7670732140541077,-0.018493831157684326,0.32419899106025696,0.7308669090270996,-0.024061618372797966,0.2663556933403015,0.7394793629646301,0.009548807516694069,0.27501770853996277,0.6948307752609253,0.0011189525248482823,0.28029996156692505,0.6658339500427246,-0.009676855057477951,0.28375622630119324,0.6429122090339661,-0.018060404807329178,0.24282151460647583,0.7358999848365784,0.005143577232956886,0.249918594956398,0.6884749531745911,-0.002044403227046132,0.25690212845802307,0.6612343192100525,-0.013492675498127937,0.2652609050273895,0.6419440507888794,-0.021958744153380394,0.21625064313411713,0.7445813417434692,-0.0027407603338360786,0.2149842232465744,0.6915906071662903,-0.013148411177098751,0.2166060507297516,0.6603923439979553,-0.022542061284184456,0.220521941781044,0.6356403231620789,-0.029133135452866554,0.1879725456237793,0.7678955793380737,-0.01192157156765461,0.1733911782503128,0.7307456135749817,-0.023936577141284943,0.1624748408794403,0.7016134262084961,-0.030099421739578247,0.15447664260864258,0.6753027439117432,-0.03389091417193413,hello
0.1846570372581482,0.9217445850372314,3.8017967085579585e-07,0.22222217917442322,0.8572623133659363,-0.010612750425934792,0.23471766710281372,0.7853436470031738,-0.014774627983570099,0.23341524600982666,0.7285729646682739,-0.02058790810406208,0.22764845192432404,0.690030574798584,-0.027521036565303802,0.20597071945667267,0.7403724193572998,-0.0012691819574683905,0.21250391006469727,0.6760579943656921,-0.020272625610232353,0.21865662932395935,0.6234769225120544,-0.038117416203022,0.22671449184417725,0.584374189376831,-0.0495038777589798,0.1773862987756729,0.7412272691726685,-0.007221709471195936,0.18113717436790466,0.6786799430847168,-0.02255330979824066,0.18549883365631104,0.6303720474243164,-0.03731796517968178,0.19338059425354004,0.5910590887069702,-0.04718326777219772,0.14641952514648438,0.7563542723655701,-0.016600199043750763,0.14545802772045135,0.7046979069709778,-0.03174920007586479,0.1524915248155594,0.663944661617279,-0.03957958146929741,0.1629176139831543,0.6291913390159607,-0.04384441673755646,0.1145489513874054,0.786913275718689,-0.027624599635601044,0.09235860407352448,0.7476939558982849,-0.03958245739340782,0.08177191019058228,0.7153925895690918,-0.041946373879909515,0.07741542160511017,0.68708735704422,-0.042729876935482025,hello
0.2484668344259262,0.9003191590309143,3.308506393295829e-07,0.27764201164245605,0.860421895980835,-0.011828341521322727,0.2984475791454315,0.8060916662216187,-0.017186861485242844,0.3121110796928406,0.7689067721366882,-0.02352192811667919,0.32263049483299255,0.7366119623184204,-0.03062737174332142,0.26882341504096985,0.7339657545089722,0.0014875568449497223,0.27562034130096436,0.689064085483551,-0.011612273752689362,0.28222009539604187,0.6617301106452942,-0.02543087862432003,0.288570761680603,0.6409666538238525,-0.03527430072426796,0.24468167126178741,0.7319546937942505,-0.0028665270656347275,0.24863459169864655,0.6841029524803162,-0.014441249892115593,0.25581058859825134,0.6554151773452759,-0.027895228937268257,0.26531365513801575,0.6354592442512512,-0.037312354892492294,0.2179637998342514,0.742684543132782,-0.010561860166490078,0.2137054055929184,0.69112229347229,-0.023551909253001213,0.21554717421531677,0.660113513469696,-0.03366529941558838,0.22072885930538177,0.6358717679977417,-0.040314994752407074,0.189583420753479,0.7683548331260681,-0.01967296376824379,0.17500871419906616,0.7319656610488892,-0.03316513076424599,0.16550080478191376,0.703280508518219,-0.03980721905827522,0.15980783104896545,0.6772778630256653,-0.04360859841108322,hello
0.2506710886955261,0.8950563669204712,3.386473395039502e-07,0.2807934880256653,0.8467001914978027,-0.01113246101886034,0.30097800493240356,0.7855708599090576,-0.015349441207945347,0.31143903732299805,0.7450456023216248,-0.02084997482597828,0.32102248072624207,0.7125934362411499,-0.02703547477722168,0.2674838900566101,0.722377359867096,0.0013316386612132192,0.2726910710334778,0.6796473860740662,-0.013560309074819088,0.2798370122909546,0.6500811576843262,-0.02886057272553444,0.28639310598373413,0.6277970671653748,-0.03980451449751854,0.24345247447490692,0.7233425378799438,-0.004861053545027971,0.25030550360679626,0.6776147484779358,-0.02165687084197998,0.2647359371185303,0.658551812171936,-0.03781936690211296,0.2808295786380768,0.6500071883201599,-0.048239853233098984,0.21645903587341309,0.7376915812492371,-0.014580884017050266,0.21657076478004456,0.6890688538551331,-0.03387094661593437,0.2279568463563919,0.669334888458252,-0.046899568289518356,0.24125006794929504,0.6576461791992188,-0.054096661508083344,0.18823659420013428,0.7657352089881897,-0.025404823943972588,0.17084957659244537,0.7230122089385986,-0.04303601384162903,0.15951767563819885,0.6894437670707703,-0.052143644541502,0.15200111269950867,0.6605825424194336,-0.05763237178325653,hello
0.24869213998317719,0.8943719863891602,3.320705275200453e-07,0.27640148997306824,0.8481594920158386,-0.011581511236727238,0.2955578565597534,0.7886993288993835,-0.016905955970287323,0.30616798996925354,0.749083936214447,-0.02333860471844673,0.31714412569999695,0.7178252935409546,-0.03008737973868847,0.26494544744491577,0.7224165201187134,-0.00046866852790117264,0.2706592381000519,0.6805205345153809,-0.017070883885025978,0.2831282615661621,0.661780595779419,-0.03359166532754898,0.2948180139064789,0.6521443128585815,-0.044637154787778854,0.2415737807750702,0.7232940793037415,-0.0062569258734583855,0.2482696771621704,0.6778991222381592,-0.023174937814474106,0.26310908794403076,0.6615246534347534,-0.0392204113304615,0.27973559498786926,0.65598064661026,-0.049405910074710846,0.21533021330833435,0.737213134765625,-0.015654919669032097,0.2154892534017563,0.6875781416893005,-0.034398600459098816,0.2245427966117859,0.6637070775032043,-0.04764751344919205,0.23605254292488098,0.6486988067626953,-0.05511276796460152,0.18756455183029175,0.7652474641799927,-0.0262087844312191,0.17101064324378967,0.7233766317367554,-0.043283045291900635,0.1586032658815384,0.6899417638778687,-0.05220164731144905,0.15014347434043884,0.6614766120910645,-0.057462166994810104,hello
0.24796925485134125,0.9008972644805908,3.405220923013985e-07,0.27788713574409485,0.8545100688934326,-0.009017017669975758,0.29782482981681824,0.793984055519104,-0.01239884551614523,0.3106552064418793,0.7537475228309631,-0.017427925020456314,0.32101842761039734,0.7201477885246277,-0.023334793746471405,0.26393863558769226,0.7280182838439941,0.005587762221693993,0.27126672863960266,0.686205267906189,-0.007164410315454006,0.2789689302444458,0.6617699265480042,-0.02101583406329155,0.284934937953949,0.6439576148986816,-0.03091265633702278,0.24052076041698456,0.7277448773384094,-0.000265534152276814,0.2470027506351471,0.681743860244751,-0.012115136720240116,0.2572516202926636,0.6601199507713318,-0.02586817927658558,0.2686558961868286,0.6479105949401855,-0.035365816205739975,0.2147386074066162,0.740212619304657,-0.009503768756985664,0.21387624740600586,0.6895509362220764,-0.023521646857261658,0.21727871894836426,0.6603654026985168,-0.03470468148589134,0.22304752469062805,0.6374539732933044,-0.04201875999569893,0.1878167986869812,0.7674980163574219,-0.019841264933347702,0.17433932423591614,0.7301868796348572,-0.03389393165707588,0.16378822922706604,0.7020688056945801,-0.04091029241681099,0.1560252606868744,0.6766295433044434,-0.045258957892656326,hello
0.24927571415901184,0.9013500809669495,3.151443763727002e-07,0.28032779693603516,0.8555017113685608,-0.009106970392167568,0.3012247383594513,0.7942854762077332,-0.011630401015281677,0.31523895263671875,0.7552077770233154,-0.015858689323067665,0.32572948932647705,0.7227568030357361,-0.021062713116407394,0.26660749316215515,0.728247344493866,0.005930823273956776,0.269417941570282,0.6818748116493225,-0.005861978512257338,0.2709673345088959,0.6495173573493958,-0.019139880314469337,0.2712419033050537,0.623168408870697,-0.028920115903019905,0.2418137639760971,0.7288777232170105,-0.00013014287105761468,0.24420230090618134,0.680255115032196,-0.010593059472739697,0.24675165116786957,0.6447203755378723,-0.024011457338929176,0.2511918842792511,0.6158577799797058,-0.03396429866552353,0.21560217440128326,0.742333173751831,-0.009552359580993652,0.21329575777053833,0.6929398775100708,-0.022782543674111366,0.2169438600540161,0.6639542579650879,-0.03306898847222328,0.22294981777668,0.6403476595878601,-0.03987572342157364,0.18828001618385315,0.7697399258613586,-0.02029917947947979,0.17460741102695465,0.7320713400840759,-0.03427952527999878,0.16423629224300385,0.7029207944869995,-0.040678970515728,0.1569678783416748,0.6770519018173218,-0.044519826769828796,hello
0.23716142773628235,0.8934173583984375,3.2602224564470816e-07,0.2635262906551361,0.8428845405578613,-0.0009141167975030839,0.2712329030036926,0.7849252820014954,-0.00016163286636583507,0.2759849727153778,0.7426144480705261,-0.0024322725366801023,0.27996671199798584,0.7081537246704102,-0.005446844734251499,0.24749140441417694,0.7374862432479858,0.011990060098469257,0.25609293580055237,0.6867120862007141,0.0024064742028713226,0.2586763799190521,0.6480758190155029,-0.007933948189020157,0.25856709480285645,0.6160275936126709,-0.015609917230904102,0.23060044646263123,0.7346134185791016,0.003431613091379404,0.24096721410751343,0.6823889017105103,-0.004344554618000984,0.24503794312477112,0.6422011256217957,-0.01383493933826685,0.24913659691810608,0.609582781791687,-0.020824884995818138,0.21057985723018646,0.7432496547698975,-0.007800194434821606,0.21454523503780365,0.6871585845947266,-0.01818179525434971,0.21728810667991638,0.6537661552429199,-0.026223495602607727,0.22115549445152283,0.6291057467460632,-0.03152107819914818,0.18729859590530396,0.765640377998352,-0.01965511217713356,0.1761576235294342,0.7288889288902283,-0.031353116035461426,0.16570791602134705,0.700203537940979,-0.036818329244852066,0.15804052352905273,0.676485538482666,-0.03985540568828583,hello
0.24235257506370544,0.8974639177322388,3.1309093628806295e-07,0.27045395970344543,0.8466106057167053,-0.0023922983091324568,0.282229483127594,0.7862992286682129,-0.002109281485900283,0.29046741127967834,0.7442257404327393,-0.004713484551757574,0.29587796330451965,0.7079789638519287,-0.008103378117084503,0.2494584321975708,0.7353523969650269,0.011768837459385395,0.2554260194301605,0.6843557357788086,0.0019751726649701595,0.2560044229030609,0.6468738913536072,-0.00906619057059288,0.25371065735816956,0.6145639419555664,-0.017482923343777657,0.23058512806892395,0.7332587838172913,0.0029988703317940235,0.23675701022148132,0.6791166663169861,-0.00503551447764039,0.23566938936710358,0.6364035606384277,-0.015867412090301514,0.233906552195549,0.5993750095367432,-0.02431328222155571,0.20900321006774902,0.7429905533790588,-0.008624805137515068,0.21138615906238556,0.685637354850769,-0.02004098705947399,0.21265631914138794,0.6521732807159424,-0.02907487004995346,0.21408115327358246,0.6257768869400024,-0.035230979323387146,0.18505215644836426,0.7666031122207642,-0.020956434309482574,0.17325851321220398,0.7271449565887451,-0.033692456781864166,0.16218876838684082,0.6980960369110107,-0.03941678628325462,0.15281152725219727,0.6736154556274414,-0.04283429682254791,hello
0.24265524744987488,0.903217077255249,3.6919519175171445e-07,0.2725248634815216,0.8548291921615601,-0.0044068945571780205,0.2879871726036072,0.7952752709388733,-0.004859413485974073,0.2995731234550476,0.7538830637931824,-0.008076396770775318,0.3087907135486603,0.7175835371017456,-0.012104742228984833,0.2553980052471161,0.7373766303062439,0.013914728537201881,0.2637202739715576,0.687364399433136,0.005032534245401621,0.2672305107116699,0.651209831237793,-0.005685968790203333,0.26855170726776123,0.6203961968421936,-0.013970155268907547,0.2355155199766159,0.734562873840332,0.006206872873008251,0.2444409877061844,0.6813216805458069,-0.0014574145898222923,0.24892659485340118,0.6443910598754883,-0.012504138052463531,0.2540690302848816,0.6146496534347534,-0.020604439079761505,0.21247780323028564,0.7436749935150146,-0.004734365735203028,0.21496449410915375,0.6855171918869019,-0.015749068930745125,0.21901029348373413,0.6542507410049438,-0.02438831515610218,0.22440308332443237,0.6312768459320068,-0.029872458428144455,0.18637925386428833,0.7669374942779541,-0.016681844368577003,0.17297813296318054,0.7269675135612488,-0.029017411172389984,0.1620466113090515,0.6973216533660889,-0.03460738807916641,0.15383347868919373,0.6725450754165649,-0.03768651932477951,hello
0.24047821760177612,0.9020094275474548,3.3870728088913893e-07,0.26958996057510376,0.8520269393920898,-0.001851997571066022,0.283273309469223,0.7933099269866943,-0.0018892795778810978,0.29391905665397644,0.75212162733078,-0.0049722520634531975,0.30221089720726013,0.715674102306366,-0.008969481103122234,0.25263500213623047,0.7400211691856384,0.013408040627837181,0.2621082067489624,0.6917058825492859,0.004491403233259916,0.2661791741847992,0.6573481559753418,-0.005833959672600031,0.2680140733718872,0.6280565857887268,-0.013625029474496841,0.23307539522647858,0.7369312644004822,0.004815117456018925,0.24033690989017487,0.6853663921356201,-0.0018629042897373438,0.24226897954940796,0.6459685564041138,-0.011836710385978222,0.24480237066745758,0.6116979122161865,-0.019558575004339218,0.21079230308532715,0.74552983045578,-0.006622465793043375,0.2109161764383316,0.6893035173416138,-0.016810499131679535,0.2125711292028427,0.6571799516677856,-0.024246487766504288,0.21570594608783722,0.6320152878761292,-0.029128307476639748,0.18563491106033325,0.768164336681366,-0.018836116418242455,0.17197903990745544,0.7272614240646362,-0.030614711344242096,0.1617104411125183,0.6959948539733887,-0.03535953536629677,0.15435576438903809,0.6690862774848938,-0.03784382343292236,hello
0.24955645203590393,0.9007620811462402,3.4265130466337723e-07,0.2866261303424835,0.8542569875717163,-0.012005737982690334,0.3124009668827057,0.7900819778442383,-0.0142019372433424,0.3323102593421936,0.7487359642982483,-0.01783110573887825,0.34809610247612,0.716765284538269,-0.021839316934347153,0.2711225748062134,0.7160667181015015,0.01064237393438816,0.27334657311439514,0.6693129539489746,0.00019989408610854298,0.27325087785720825,0.6381340622901917,-0.012929682619869709,0.2722538411617279,0.6113711595535278,-0.022792965173721313,0.243220254778862,0.7158545255661011,0.006648185197263956,0.2444462925195694,0.6667152643203735,-0.003036509035155177,0.2463744878768921,0.6358025074005127,-0.01648571901023388,0.25035107135772705,0.6118267178535461,-0.02579421177506447,0.21425561606884003,0.7297170758247375,-0.0013279176782816648,0.2072257399559021,0.6739367246627808,-0.014336595311760902,0.20329681038856506,0.6387335062026978,-0.025656094774603844,0.20257171988487244,0.6093533635139465,-0.03283486142754555,0.18548178672790527,0.7590446472167969,-0.010937328450381756,0.1711512804031372,0.7178913950920105,-0.024602018296718597,0.15703371167182922,0.6873695850372314,-0.03149588033556938,0.1461043357849121,0.6584376096725464,-0.03538709878921509,hello
0.2530127465724945,0.9009988307952881,3.3841425306491146e-07,0.28694993257522583,0.850105881690979,-0.006006923504173756,0.3064265549182892,0.7885176539421082,-0.006407168693840504,0.31887590885162354,0.7484834790229797,-0.009807885624468327,0.3292992115020752,0.7161687612533569,-0.01383986882865429,0.2677117884159088,0.7206653356552124,0.01829645223915577,0.2714320719242096,0.6771645545959473,0.006696957629173994,0.28343886137008667,0.6571630835533142,-0.008078296668827534,0.29568424820899963,0.6472142934799194,-0.01764780282974243,0.24339088797569275,0.719601035118103,0.012239320203661919,0.2460632175207138,0.6723355650901794,0.0021137362346053123,0.25634896755218506,0.6507954001426697,-0.012048653326928616,0.2696267068386078,0.643015444278717,-0.02061363123357296,0.21606603264808655,0.7310783267021179,0.0023298412561416626,0.21199063956737518,0.6782628297805786,-0.008257905952632427,0.2148263156414032,0.6483108997344971,-0.018025903031229973,0.2221769392490387,0.6265907287597656,-0.023626189678907394,0.18684308230876923,0.7601056098937988,-0.008898514322936535,0.17112624645233154,0.7209205627441406,-0.019045481458306313,0.15857204794883728,0.6907166242599487,-0.023934802040457726,0.15007257461547852,0.6640205979347229,-0.026114461943507195,hello
0.24804280698299408,0.9028767943382263,3.013696243669983e-07,0.2835870087146759,0.8582006692886353,-0.011250716634094715,0.3068891763687134,0.8009429574012756,-0.015496804378926754,0.3244364261627197,0.7627026438713074,-0.021904699504375458,0.34120580554008484,0.7320605516433716,-0.028431106358766556,0.26641085743904114,0.7223041653633118,0.010949286632239819,0.2694362998008728,0.6790478825569153,-0.0024712602607905865,0.2810788154602051,0.663838803768158,-0.018299207091331482,0.2942720651626587,0.6581647396087646,-0.028493128716945648,0.24101987481117249,0.722634494304657,0.006918229628354311,0.24125534296035767,0.6759021282196045,-0.005371067672967911,0.25426530838012695,0.6607077717781067,-0.020154086872935295,0.2707661986351013,0.6583577394485474,-0.029336942359805107,0.21319499611854553,0.7348861694335938,-0.001007639802992344,0.2094607651233673,0.6864019632339478,-0.013526301831007004,0.2188100665807724,0.6701387166976929,-0.022208262234926224,0.2320813089609146,0.6626951098442078,-0.026776516810059547,0.1847078502178192,0.762252926826477,-0.01070765033364296,0.17194527387619019,0.7218812704086304,-0.021135656163096428,0.16310472786426544,0.692223846912384,-0.025179585441946983,0.1579047292470932,0.667910635471344,-0.02691527083516121,hello
0.25291866064071655,0.8967479467391968,3.646612469765387e-07,0.28395938873291016,0.8495375514030457,-0.008316993713378906,0.3021300137042999,0.7892144918441772,-0.010253376327455044,0.31345975399017334,0.7490307092666626,-0.014606977812945843,0.3217380940914154,0.7167044878005981,-0.019462967291474342,0.26458531618118286,0.7169542908668518,0.012409022077918053,0.26587310433387756,0.6715835928916931,0.0009572523413226008,0.2695850431919098,0.6379812955856323,-0.012437151744961739,0.27250295877456665,0.6124698519706726,-0.021584229543805122,0.2391027808189392,0.7155324220657349,0.006418295670300722,0.24100171029567719,0.6645508408546448,-0.0032499656081199646,0.24177700281143188,0.6265826225280762,-0.015101741999387741,0.24557903409004211,0.597991406917572,-0.022676542401313782,0.21251128613948822,0.726843535900116,-0.0034087880048900843,0.20668447017669678,0.6692829132080078,-0.01568569615483284,0.20365430414676666,0.6314727663993835,-0.024693595245480537,0.20453332364559174,0.6029954552650452,-0.02951391413807869,0.18466226756572723,0.7558953166007996,-0.01479585375636816,0.16607721149921417,0.7109012007713318,-0.02812875807285309,0.14945761859416962,0.6753055453300476,-0.03421157971024513,0.13696491718292236,0.6440632939338684,-0.03680315986275673,hello
0.24920515716075897,0.9054898619651794,3.462038193902117e-07,0.28177905082702637,0.8646655082702637,-0.015947552397847176,0.3044293224811554,0.8091960549354553,-0.023299815133213997,0.3193601965904236,0.7731038928031921,-0.03158082813024521,0.33253785967826843,0.7456954121589661,-0.03998708352446556,0.2708078920841217,0.7215795516967773,0.0032463427633047104,0.27402085065841675,0.6766905188560486,-0.011046201921999454,0.27951303124427795,0.6527034044265747,-0.027427010238170624,0.2843460440635681,0.6336371302604675,-0.0390453115105629,0.24390356242656708,0.7215744256973267,-0.0002754862071014941,0.2463388741016388,0.6748583316802979,-0.013366994448006153,0.25526538491249084,0.6542221903800964,-0.02841906063258648,0.26652443408966064,0.6420800089836121,-0.03844250366091728,0.21515044569969177,0.7350010275840759,-0.008000068366527557,0.21025323867797852,0.6812542676925659,-0.02294345013797283,0.21300137042999268,0.6509574055671692,-0.03467629477381706,0.21912644803524017,0.6277549266815186,-0.041815049946308136,0.18594637513160706,0.7639619708061218,-0.017669999971985817,0.16918781399726868,0.720480740070343,-0.0319649763405323,0.15581825375556946,0.6884737610816956,-0.03917340561747551,0.1460496485233307,0.6599612236022949,-0.04327981173992157,hello
0.25027093291282654,0.9119361639022827,3.220245048396464e-07,0.2846929728984833,0.8663638830184937,-0.01186898723244667,0.30853331089019775,0.805213987827301,-0.015303506515920162,0.3215516209602356,0.7643543481826782,-0.020250389352440834,0.32854726910591125,0.7291575074195862,-0.025773361325263977,0.2702629566192627,0.729509174823761,0.007440044544637203,0.27190861105918884,0.6793360114097595,-0.0061939433217048645,0.2753133773803711,0.6562612056732178,-0.020833000540733337,0.2792185842990875,0.6423366069793701,-0.030388357117772102,0.24360263347625732,0.7284381985664368,0.0029102114494889975,0.24234196543693542,0.6743409037590027,-0.009198506362736225,0.24709555506706238,0.6482483148574829,-0.024219904094934464,0.254173219203949,0.6353105902671814,-0.03380335867404938,0.2157970517873764,0.7415679097175598,-0.00553406635299325,0.2073327749967575,0.6836072206497192,-0.01955152116715908,0.20694954693317413,0.6509371399879456,-0.03198700025677681,0.21084341406822205,0.6276265978813171,-0.03951986879110336,0.18729376792907715,0.7707527875900269,-0.01544665452092886,0.17151913046836853,0.7313684225082397,-0.029709771275520325,0.16007289290428162,0.7003895044326782,-0.03758310526609421,0.1525721549987793,0.6731576919555664,-0.04195120930671692,hello
0.2523382008075714,0.9029769897460938,3.674972788303421e-07,0.2884996235370636,0.8592380881309509,-0.012068073265254498,0.3174059987068176,0.7925896048545837,-0.014834699220955372,0.3358173668384552,0.7497575283050537,-0.018884027376770973,0.34869760274887085,0.7167490124702454,-0.023881984874606133,0.27534717321395874,0.7190865278244019,0.006340711377561092,0.2781394422054291,0.6708804965019226,-0.004748988430947065,0.28219708800315857,0.6437771320343018,-0.01757393777370453,0.28583669662475586,0.6241742372512817,-0.026543183252215385,0.24661697447299957,0.7194684743881226,0.0020177802070975304,0.2470272183418274,0.6686614155769348,-0.009390799328684807,0.2539959251880646,0.6478756070137024,-0.023557890206575394,0.2616746127605438,0.6395425796508789,-0.032242849469184875,0.21697556972503662,0.7342835664749146,-0.005818335339426994,0.2086508572101593,0.6793925762176514,-0.01897362992167473,0.2084701657295227,0.6488336324691772,-0.029553908854722977,0.21147386729717255,0.6270596981048584,-0.03568686544895172,0.1867193877696991,0.7642512917518616,-0.015169564634561539,0.16989700496196747,0.7214100360870361,-0.028314992785453796,0.15786659717559814,0.688909113407135,-0.034681349992752075,0.1494762897491455,0.6605955362319946,-0.03795991837978363,hello
0.24980932474136353,0.9109734892845154,3.589907464629505e-07,0.2857891917228699,0.8652192950248718,-0.012912516482174397,0.3107919692993164,0.8052151799201965,-0.01745041459798813,0.32622817158699036,0.7650514245033264,-0.023363158106803894,0.3359874486923218,0.7319543957710266,-0.02965971827507019,0.2707817554473877,0.7256715297698975,0.004897143691778183,0.27312830090522766,0.6733862161636353,-0.010113389231264591,0.2815835773944855,0.6552116870880127,-0.025438804179430008,0.29094022512435913,0.6466863751411438,-0.03513914719223976,0.24365809559822083,0.7248358726501465,0.00033814660855568945,0.2430560439825058,0.6686787605285645,-0.012998862192034721,0.2508111894130707,0.6447855234146118,-0.028514213860034943,0.261608362197876,0.6334278583526611,-0.038299158215522766,0.21540066599845886,0.7384333610534668,-0.008203927427530289,0.207065612077713,0.6793342232704163,-0.02328518219292164,0.2079509049654007,0.6478100419044495,-0.03570546582341194,0.2137201875448227,0.6261312961578369,-0.042913492769002914,0.1862490475177765,0.7682689428329468,-0.01832602173089981,0.17047323286533356,0.7252594828605652,-0.03290848806500435,0.15913498401641846,0.6922169327735901,-0.040662191808223724,0.1522732675075531,0.6638166904449463,-0.044865403324365616,hello
0.2530803084373474,0.90531325340271,3.448130030392349e-07,0.28909504413604736,0.8598908185958862,-0.010198022238910198,0.3179807960987091,0.7936220765113831,-0.011931827291846275,0.3360975384712219,0.7518938183784485,-0.015620185062289238,0.3474847078323364,0.7185099124908447,-0.019846346229314804,0.27656540274620056,0.7149919271469116,0.010342908091843128,0.28187328577041626,0.6678288578987122,-0.0012451654765754938,0.2917940616607666,0.6502114534378052,-0.015105768106877804,0.30090004205703735,0.6402361392974854,-0.02446814626455307,0.2480384260416031,0.7147140502929688,0.004944514483213425,0.2509036362171173,0.6652641892433167,-0.006884498056024313,0.2610457241535187,0.648691713809967,-0.02140173874795437,0.2729164659976959,0.6433998346328735,-0.029945295304059982,0.2180473655462265,0.7287029027938843,-0.004339870996773243,0.20883935689926147,0.6703628897666931,-0.018524732440710068,0.20737814903259277,0.6344821453094482,-0.030638599768280983,0.21040736138820648,0.607779324054718,-0.03740611672401428,0.18715032935142517,0.7586990594863892,-0.015003553591668606,0.16608336567878723,0.7097740769386292,-0.029433604329824448,0.14951400458812714,0.6736528277397156,-0.03713579475879669,0.13789886236190796,0.641508162021637,-0.04101085662841797,hello
0.24731454253196716,0.904617965221405,3.346500250245299e-07,0.2815091609954834,0.8569832444190979,-0.008305194787681103,0.3014764189720154,0.8023449182510376,-0.012673446908593178,0.3164803087711334,0.7653784155845642,-0.020189857110381126,0.3288098871707916,0.7332026362419128,-0.02834312990307808,0.2628228962421417,0.7263807654380798,0.013643667101860046,0.2701050341129303,0.6804209351539612,-0.0012897258857265115,0.2839577794075012,0.659450888633728,-0.01843789592385292,0.29746362566947937,0.6491943597793579,-0.029598526656627655,0.23886927962303162,0.7260879278182983,0.0069837081246078014,0.24195724725723267,0.6739341020584106,-0.0053815762512385845,0.2525947391986847,0.6500107049942017,-0.021078914403915405,0.266173392534256,0.6401134729385376,-0.03110620379447937,0.21259655058383942,0.7380703091621399,-0.003777191275730729,0.20732028782367706,0.681333065032959,-0.016573399305343628,0.20761536061763763,0.6452275514602661,-0.027843594551086426,0.212407648563385,0.6203030943870544,-0.0346149280667305,0.18540561199188232,0.766539990901947,-0.016077755019068718,0.1695428192615509,0.7234252095222473,-0.028918782249093056,0.15626835823059082,0.6882615685462952,-0.035698872059583664,0.1469251662492752,0.6576741337776184,-0.039234865456819534,hello
0.24344034492969513,0.8964055180549622,3.1138296208155225e-07,0.27319926023483276,0.8479477167129517,-0.00784574169665575,0.2879091203212738,0.7885003089904785,-0.010891817510128021,0.29793277382850647,0.746435284614563,-0.01574661023914814,0.30763906240463257,0.7113777995109558,-0.021043376997113228,0.2597767114639282,0.7293198704719543,0.007606777362525463,0.2651839852333069,0.6862979531288147,-0.0054345158860087395,0.2760046422481537,0.6623227596282959,-0.01973392441868782,0.28639692068099976,0.6449297666549683,-0.029232652857899666,0.2377118170261383,0.7286434173583984,0.0020516905933618546,0.24074538052082062,0.6845817565917969,-0.009805090725421906,0.25259098410606384,0.6613510251045227,-0.023457886651158333,0.267001211643219,0.6463965177536011,-0.03248364478349686,0.2118430733680725,0.7403845191001892,-0.006790001876652241,0.21156370639801025,0.6973728537559509,-0.020711002871394157,0.22360610961914062,0.6775883436203003,-0.029957717284560204,0.23876845836639404,0.663983941078186,-0.03500506281852722,0.184177964925766,0.7659383416175842,-0.016658859327435493,0.17046913504600525,0.7276937961578369,-0.029409237205982208,0.1609591543674469,0.6987183690071106,-0.03456906974315643,0.15510855615139008,0.674808919429779,-0.037113629281520844,hello
0.24835336208343506,0.9008554816246033,2.9938431111986574e-07,0.2818872332572937,0.860174298286438,-0.011779737658798695,0.307014524936676,0.7961945533752441,-0.014528881758451462,0.3234688341617584,0.7534006237983704,-0.018036244437098503,0.3378737270832062,0.7187990546226501,-0.02205827087163925,0.27026891708374023,0.7327483892440796,0.003903226228430867,0.2758159339427948,0.6884893774986267,-0.008332779631018639,0.28391382098197937,0.6625617742538452,-0.02193688042461872,0.2919657826423645,0.6441286206245422,-0.03137262165546417,0.2454066127538681,0.732182502746582,0.0002394351758994162,0.2513805627822876,0.6867969036102295,-0.011544518172740936,0.2636713683605194,0.6647263169288635,-0.025103891268372536,0.27845320105552673,0.6527138352394104,-0.034413136541843414,0.21635198593139648,0.7433015704154968,-0.007012567948549986,0.21805451810359955,0.6965609788894653,-0.02161492593586445,0.23034358024597168,0.6759036779403687,-0.03227507695555687,0.2447541058063507,0.6629616022109985,-0.038740795105695724,0.18516027927398682,0.7665374875068665,-0.015510025434195995,0.17097392678260803,0.7266075611114502,-0.029736684635281563,0.16285279393196106,0.6968758702278137,-0.03679732233285904,0.1583470106124878,0.6716877222061157,-0.04109304025769234,hello
0.24281571805477142,0.8969933986663818,2.8831999543399434e-07,0.27202704548835754,0.8593103289604187,-0.012952655553817749,0.29418617486953735,0.8064429759979248,-0.019403379410505295,0.3101493716239929,0.7684861421585083,-0.026195982471108437,0.32396388053894043,0.7358494400978088,-0.03318266198039055,0.2654859721660614,0.7364934682846069,-0.0010537233902141452,0.2735637426376343,0.6937472820281982,-0.015005971305072308,0.28179582953453064,0.66820228099823,-0.029360145330429077,0.28882935643196106,0.6500068306922913,-0.03923127427697182,0.24185709655284882,0.7338566184043884,-0.004658455960452557,0.2486209273338318,0.6873767971992493,-0.01674181967973709,0.25851091742515564,0.6626403331756592,-0.02973354421555996,0.27017396688461304,0.6459910869598389,-0.03904663771390915,0.2142450362443924,0.7431930899620056,-0.011612964794039726,0.2165583223104477,0.6963003873825073,-0.025759436190128326,0.22617271542549133,0.6749660968780518,-0.03474454954266548,0.23771704733371735,0.6605409979820251,-0.04039345309138298,0.1846914440393448,0.7654540538787842,-0.01988740637898445,0.17172513902187347,0.7278895974159241,-0.03355233743786812,0.16299790143966675,0.7002715468406677,-0.0393676832318306,0.15745747089385986,0.6770244240760803,-0.042725272476673126,hello
0.25003528594970703,0.8913187980651855,3.4002798088295094e-07,0.28121283650398254,0.8477542996406555,-0.01658298820257187,0.30207616090774536,0.7823331356048584,-0.02182009629905224,0.31284940242767334,0.7345753312110901,-0.02672281116247177,0.3200306296348572,0.6946528553962708,-0.031870462000370026,0.26685142517089844,0.7245468497276306,-0.008334293961524963,0.27000877261161804,0.6693631410598755,-0.0239306278526783,0.2696157991886139,0.6313928365707397,-0.03782794997096062,0.2674891948699951,0.5997701287269592,-0.04725619778037071,0.24159997701644897,0.7243199944496155,-0.011350736021995544,0.24037785828113556,0.6638205647468567,-0.025914909318089485,0.23848900198936462,0.612830638885498,-0.03953764587640762,0.23837868869304657,0.5695949196815491,-0.049329567700624466,0.21386413276195526,0.7384233474731445,-0.017780888825654984,0.2128845453262329,0.6861962676048279,-0.03545760735869408,0.22367045283317566,0.6684677600860596,-0.04453164339065552,0.23536361753940582,0.658219575881958,-0.049009133130311966,0.1838109940290451,0.7648138403892517,-0.02591339685022831,0.17123252153396606,0.7246729731559753,-0.04245598986744881,0.1640470325946808,0.6959409117698669,-0.048677269369363785,0.15879979729652405,0.6728835701942444,-0.0517549067735672,hello
0.2509509325027466,0.9006932973861694,2.7531001478564576e-07,0.2901575565338135,0.8592151403427124,-0.019220545887947083,0.32635244727134705,0.788596510887146,-0.022967638447880745,0.3501240611076355,0.7376616597175598,-0.026265408843755722,0.3653438687324524,0.6955015063285828,-0.03005121648311615,0.2847902476787567,0.7211335897445679,-0.00728288060054183,0.28970450162887573,0.6605274677276611,-0.022023186087608337,0.2915705740451813,0.6218708157539368,-0.03521345555782318,0.2929903268814087,0.5900794267654419,-0.04517776891589165,0.2536066174507141,0.7185121774673462,-0.010415522381663322,0.24574211239814758,0.6495387554168701,-0.026518190279603004,0.2435218095779419,0.5975967645645142,-0.043051593005657196,0.24405241012573242,0.5555095672607422,-0.055225104093551636,0.22192123532295227,0.734082818031311,-0.017405997961759567,0.2190365195274353,0.675164520740509,-0.04003995656967163,0.2288411259651184,0.6588123440742493,-0.05384571850299835,0.24068303406238556,0.6492055654525757,-0.061216652393341064,0.19097870588302612,0.7629510760307312,-0.02599964663386345,0.17719362676143646,0.7198266386985779,-0.04915516451001167,0.1717534065246582,0.6898849606513977,-0.06020684912800789,0.1692430078983307,0.6626701354980469,-0.06643783301115036,hello
0.2487676441669464,0.8965411186218262,2.3434755291873444e-07,0.28965866565704346,0.8570201992988586,-0.020993787795305252,0.32662299275398254,0.7941994071006775,-0.02701260708272457,0.35190269351005554,0.7493095397949219,-0.0325319766998291,0.36863958835601807,0.7145327925682068,-0.03772345557808876,0.2833925783634186,0.7024534940719604,-0.007630907464772463,0.28769585490226746,0.6391627192497253,-0.02069675177335739,0.2886999845504761,0.6016101241111755,-0.03368310257792473,0.28878241777420044,0.5701570510864258,-0.04302593320608139,0.25174522399902344,0.7038037180900574,-0.010573218576610088,0.24445097148418427,0.6332823634147644,-0.026109766215085983,0.24128997325897217,0.5818794369697571,-0.04313940927386284,0.24060919880867004,0.5398160219192505,-0.0553048737347126,0.21994858980178833,0.7218248844146729,-0.017050383612513542,0.21906138956546783,0.6631582975387573,-0.03844575211405754,0.2403162717819214,0.6611298322677612,-0.05064724013209343,0.26136887073516846,0.6668189167976379,-0.056250862777233124,0.1872573345899582,0.7519292235374451,-0.02556123211979866,0.17257767915725708,0.6991478800773621,-0.04496902599930763,0.16632485389709473,0.6655372977256775,-0.052839525043964386,0.16256491839885712,0.6383576989173889,-0.05690448731184006,hello
0.2506979703903198,0.8938162326812744,2.649450721037283e-07,0.2913518249988556,0.854614794254303,-0.02154129184782505,0.3281393051147461,0.7915972471237183,-0.027814865112304688,0.35349249839782715,0.7462396621704102,-0.033509671688079834,0.3711561858654022,0.7111396789550781,-0.03884686902165413,0.28544288873672485,0.6979697346687317,-0.008315946906805038,0.29119059443473816,0.63449627161026,-0.02140885777771473,0.2932422161102295,0.5957597494125366,-0.034072086215019226,0.2946619689464569,0.5647678375244141,-0.04302375763654709,0.253086119890213,0.6999937891960144,-0.010919295251369476,0.24556370079517365,0.6313052177429199,-0.02634480595588684,0.24267257750034332,0.5802267789840698,-0.04328111931681633,0.24321997165679932,0.5388285517692566,-0.05545191839337349,0.22081983089447021,0.7192080020904541,-0.01714909076690674,0.21885910630226135,0.6641349792480469,-0.03859352320432663,0.23977363109588623,0.6627369523048401,-0.051468536257743835,0.26096078753471375,0.6689714193344116,-0.057616572827100754,0.18799743056297302,0.7501856088638306,-0.025402909144759178,0.1716027557849884,0.7002027630805969,-0.044977329671382904,0.1631077080965042,0.6656180620193481,-0.05386877432465553,0.15769952535629272,0.6364811062812805,-0.05879349634051323,hello
0.2513785660266876,0.8956686854362488,3.019754615252168e-07,0.2905283570289612,0.8544399738311768,-0.021417854353785515,0.3284202218055725,0.7879297733306885,-0.028139110654592514,0.3548334240913391,0.7413750290870667,-0.03416372835636139,0.3715301752090454,0.7043222784996033,-0.04004524648189545,0.2816563546657562,0.694187581539154,-0.005469192285090685,0.28484752774238586,0.6300152540206909,-0.01992194354534149,0.2842381000518799,0.5879947543144226,-0.03341442719101906,0.28290632367134094,0.5549948215484619,-0.04279998317360878,0.2500072121620178,0.693807065486908,-0.007351295091211796,0.24560634791851044,0.6208322048187256,-0.019841153174638748,0.24096333980560303,0.5705313086509705,-0.032373908907175064,0.23789209127426147,0.5324354767799377,-0.040610987693071365,0.21989479660987854,0.7101054191589355,-0.013519835658371449,0.2124614417552948,0.6374602317810059,-0.02920982800424099,0.21237999200820923,0.5938451290130615,-0.03860266134142876,0.21472272276878357,0.5610285401344299,-0.0434943363070488,0.18819233775138855,0.74277263879776,-0.022173305973410606,0.17293241620063782,0.690974771976471,-0.03921175003051758,0.16397026181221008,0.6547437906265259,-0.04587516561150551,0.15808993577957153,0.6244967579841614,-0.048248521983623505,hello
0.24858249723911285,0.8940675258636475,2.8925657602485444e-07,0.2889690399169922,0.8565626740455627,-0.022586656734347343,0.3266877233982086,0.7921273708343506,-0.02935820259153843,0.3524748384952545,0.7468740344047546,-0.03517566993832588,0.36978161334991455,0.712040901184082,-0.040826622396707535,0.2844993770122528,0.6971887350082397,-0.010029712691903114,0.2909991145133972,0.6330925226211548,-0.0242388304322958,0.2939925491809845,0.592078685760498,-0.03827157989144325,0.2963654696941376,0.5581151843070984,-0.04846416786313057,0.25185492634773254,0.6984496712684631,-0.012532896362245083,0.24676942825317383,0.6291738748550415,-0.02816489338874817,0.24544736742973328,0.579399824142456,-0.04492182284593582,0.24719400703907013,0.5376499891281128,-0.05726546421647072,0.2196868658065796,0.7167142033576965,-0.018924308940768242,0.21715328097343445,0.6574270725250244,-0.039488665759563446,0.23325200378894806,0.6431896090507507,-0.0520983561873436,0.25037336349487305,0.6359442472457886,-0.05895571783185005,0.1864137351512909,0.7471911907196045,-0.027669694274663925,0.17012694478034973,0.6914423704147339,-0.04729927331209183,0.16014409065246582,0.6510926485061646,-0.056466881185770035,0.15384989976882935,0.6165035963058472,-0.06194658949971199,hello
0.23857469856739044,0.9009523987770081,2.8896212711515545e-07,0.2678672671318054,0.8579114079475403,-0.00718237180262804,0.2899835407733917,0.8022206425666809,-0.01003585010766983,0.3053615689277649,0.7663400769233704,-0.014531995169818401,0.31902971863746643,0.7381288409233093,-0.01976959966123104,0.2630956172943115,0.7349780797958374,0.004171757958829403,0.27323606610298157,0.6909114122390747,-0.008102497085928917,0.2783891558647156,0.6651422381401062,-0.02092193253338337,0.28122448921203613,0.645953357219696,-0.029707830399274826,0.23905980587005615,0.7317919135093689,-0.0022941571660339832,0.246310755610466,0.6823300123214722,-0.012478053569793701,0.25086015462875366,0.65181565284729,-0.02469627745449543,0.2555772662162781,0.631485104560852,-0.03328222781419754,0.21241246163845062,0.7417120337486267,-0.011678341776132584,0.21046601235866547,0.6875419020652771,-0.023847546428442,0.2109178602695465,0.6544401049613953,-0.03361733257770538,0.2140006721019745,0.6304399967193604,-0.03999374061822891,0.18320876359939575,0.7666211724281311,-0.0220366008579731,0.16929584741592407,0.7265744805335999,-0.03485109657049179,0.1596638411283493,0.6953198313713074,-0.04077674075961113,0.15422305464744568,0.6688199043273926,-0.04402599483728409,hello
0.23999299108982086,0.8986839652061462,3.3923834052984603e-07,0.2710437476634979,0.856722891330719,-0.010369189083576202,0.29037779569625854,0.7971870303153992,-0.013473082333803177,0.3029928207397461,0.7545064091682434,-0.017658310011029243,0.31389865279197693,0.7179731726646423,-0.02259318344295025,0.26219117641448975,0.7312387824058533,0.0025445055216550827,0.2686057984828949,0.6800804734230042,-0.010001706890761852,0.2713136374950409,0.6437106728553772,-0.023098714649677277,0.27268946170806885,0.6141032576560974,-0.03244631737470627,0.23854953050613403,0.7285767793655396,-0.0021645966917276382,0.24160759150981903,0.6769790649414062,-0.012156865559518337,0.24297863245010376,0.6381464600563049,-0.024482272565364838,0.24583742022514343,0.6062726974487305,-0.033767834305763245,0.21235087513923645,0.7389599680900574,-0.010029681958258152,0.21048668026924133,0.6872028112411499,-0.02217428758740425,0.21076752245426178,0.6554291844367981,-0.03135141357779503,0.21334780752658844,0.6299461722373962,-0.037712663412094116,0.1834842562675476,0.764028787612915,-0.019281160086393356,0.17228353023529053,0.7279030084609985,-0.03244912996888161,0.16265684366226196,0.6997544169425964,-0.03801489621400833,0.15547232329845428,0.6750814914703369,-0.04115401953458786,hello
0.23564447462558746,0.8917160630226135,3.293037877938332e-07,0.26065656542778015,0.8394322395324707,-0.003332200227305293,0.2708776295185089,0.778886616230011,-0.003388877958059311,0.2771596908569336,0.7367456555366516,-0.006031513679772615,0.28396478295326233,0.7018463015556335,-0.0092814015224576,0.24729156494140625,0.7322447896003723,0.009728987701237202,0.25847798585891724,0.685703456401825,-0.002349564805626869,0.2671045958995819,0.6530025005340576,-0.015100709162652493,0.27363166213035583,0.626225471496582,-0.023816129192709923,0.22914038598537445,0.7295974493026733,0.0019430540269240737,0.23777316510677338,0.6785178184509277,-0.007993744686245918,0.24401694536209106,0.6399033069610596,-0.01967037282884121,0.2517201900482178,0.6089575886726379,-0.027911975979804993,0.20817884802818298,0.7386592030525208,-0.008829513564705849,0.20872995257377625,0.6872997879981995,-0.020493514835834503,0.21184024214744568,0.6546869874000549,-0.029639801010489464,0.2183716893196106,0.6298208236694336,-0.03539353609085083,0.18447226285934448,0.761958122253418,-0.02051985077559948,0.1719537377357483,0.7246885895729065,-0.03208567574620247,0.16043680906295776,0.6942979693412781,-0.03743550926446915,0.15277446806430817,0.668712317943573,-0.04051658511161804,hello
0.23656132817268372,0.8947661519050598,3.497179079658963e-07,0.2645872235298157,0.8480710983276367,-0.008472789078950882,0.27898210287094116,0.7899312376976013,-0.011340339668095112,0.2878016531467438,0.7488446235656738,-0.015845520421862602,0.2956254482269287,0.7141385674476624,-0.02073095366358757,0.2513951361179352,0.7298133969306946,0.004685624036937952,0.2596685588359833,0.6819698810577393,-0.008327361196279526,0.2636537253856659,0.6460039019584656,-0.021746255457401276,0.26585811376571655,0.6161181926727295,-0.031202055513858795,0.23088684678077698,0.7279241681098938,-0.001302202232182026,0.2382839173078537,0.6774908304214478,-0.011788022704422474,0.24217264354228973,0.6379721164703369,-0.023464547470211983,0.24818603694438934,0.6051523685455322,-0.03205877169966698,0.20762071013450623,0.7383552193641663,-0.010563506744801998,0.210893452167511,0.6874878406524658,-0.023261457681655884,0.21730047464370728,0.6588648557662964,-0.031556058675050735,0.22602322697639465,0.6375401616096497,-0.03677249699831009,0.18188822269439697,0.7628735899925232,-0.021186979487538338,0.17174369096755981,0.7259576916694641,-0.03428036719560623,0.1624687910079956,0.695976197719574,-0.03959168121218681,0.15600824356079102,0.670515775680542,-0.04239107668399811,hello
0.25244301557540894,0.9162863492965698,3.0338406986629707e-07,0.29576870799064636,0.8707097768783569,-0.01577921025454998,0.33210447430610657,0.7977505326271057,-0.01719154417514801,0.35484668612480164,0.7459797859191895,-0.019151153042912483,0.3707643151283264,0.701531171798706,-0.021357642486691475,0.2878079414367676,0.7204852104187012,0.007538523059338331,0.2937591075897217,0.6699180603027344,-0.004160648211836815,0.30422577261924744,0.6441508531570435,-0.017440782859921455,0.3154204487800598,0.6271225810050964,-0.026825731620192528,0.2578940987586975,0.7220498323440552,0.004968077875673771,0.2573489546775818,0.6708403825759888,-0.007720708381384611,0.2725924253463745,0.6570729613304138,-0.022947682067751884,0.29125887155532837,0.655566930770874,-0.032866593450307846,0.22521208226680756,0.7377737760543823,-0.0019582773093134165,0.2196512520313263,0.6837634444236755,-0.018798889592289925,0.22993575036525726,0.6673851609230042,-0.030843742191791534,0.2450273633003235,0.658754289150238,-0.03766508772969246,0.1923609972000122,0.7677630186080933,-0.010715052485466003,0.1762162446975708,0.7274145483970642,-0.027886811643838882,0.16869592666625977,0.6984429955482483,-0.0368550606071949,0.16563497483730316,0.6725896596908569,-0.04193443804979324,hello
0.25274571776390076,0.9117868542671204,3.1461431149182317e-07,0.2908693850040436,0.8681402206420898,-0.017195113003253937,0.32018256187438965,0.8045388460159302,-0.021549882367253304,0.336066871881485,0.7628870606422424,-0.025793232023715973,0.3489066958427429,0.7281346321105957,-0.030170906335115433,0.2816849648952484,0.7221531867980957,-9.781786502571777e-05,0.28800344467163086,0.6734875440597534,-0.014964130707085133,0.2976328730583191,0.6484470367431641,-0.029739946126937866,0.30835986137390137,0.6301845908164978,-0.039802391082048416,0.2526106834411621,0.7224777936935425,-0.002514877822250128,0.25567591190338135,0.6687301397323608,-0.015233119018375874,0.26612401008605957,0.6439251899719238,-0.028636015951633453,0.2803950309753418,0.62815260887146,-0.03767717257142067,0.22215615212917328,0.7378078103065491,-0.009308019652962685,0.2165321409702301,0.6815760135650635,-0.025825535878539085,0.2212550938129425,0.652066707611084,-0.036639854311943054,0.23076479136943817,0.6291389465332031,-0.042757440358400345,0.19048088788986206,0.7681240439414978,-0.018016528338193893,0.17539557814598083,0.7258486747741699,-0.034988224506378174,0.1673993021249771,0.6947433352470398,-0.04292786493897438,0.16381828486919403,0.6655983924865723,-0.04701628163456917,hello
0.2523157298564911,0.9084121584892273,2.2117777120911342e-07,0.2937096655368805,0.8646339774131775,-0.016638388857245445,0.32553744316101074,0.7990224957466125,-0.020926393568515778,0.344404399394989,0.7524793744087219,-0.025445884093642235,0.35742467641830444,0.7162137627601624,-0.02986358292400837,0.28006690740585327,0.7198245525360107,-4.8724072257755324e-05,0.2852420210838318,0.6713472008705139,-0.017147444188594818,0.29900062084198,0.6650989651679993,-0.03341888636350632,0.3120710551738739,0.6701182126998901,-0.043626002967357635,0.2516181468963623,0.7222538590431213,-0.0026646617334336042,0.2510339319705963,0.670910120010376,-0.01765301451086998,0.26627108454704285,0.6584876179695129,-0.032949741929769516,0.28374066948890686,0.6582691669464111,-0.04312018305063248,0.22093361616134644,0.7380919456481934,-0.009815840981900692,0.2155114710330963,0.6847593784332275,-0.027984485030174255,0.22579604387283325,0.6652869582176208,-0.04070761054754257,0.23975899815559387,0.6533323526382446,-0.04816935956478119,0.19025252759456635,0.7675195336341858,-0.018675511702895164,0.17533740401268005,0.7285427451133728,-0.03593150153756142,0.1677027940750122,0.6996816992759705,-0.04459328204393387,0.16423249244689941,0.6734562516212463,-0.04965498670935631,hello
0.2577826678752899,0.9031419157981873,3.6921960600011516e-07,0.29812151193618774,0.8553946018218994,-0.018293894827365875,0.33494144678115845,0.7797784805297852,-0.02272668667137623,0.35996389389038086,0.7266694903373718,-0.027458790689706802,0.3739226758480072,0.6814327836036682,-0.03235552832484245,0.2809448540210724,0.705397367477417,0.0005534985102713108,0.2839427590370178,0.6523118615150452,-0.01611347123980522,0.295594722032547,0.6312810778617859,-0.03149301931262016,0.3071247339248657,0.6194590926170349,-0.04083841294050217,0.24999918043613434,0.7066165804862976,-0.002243518363684416,0.2473818063735962,0.6411008238792419,-0.014586417935788631,0.2517140209674835,0.6037807464599609,-0.028363676741719246,0.2589235305786133,0.5777083039283752,-0.0374252125620842,0.22000844776630402,0.7232733964920044,-0.009892763569951057,0.2087143361568451,0.6568679213523865,-0.025561321526765823,0.20787900686264038,0.6170699000358582,-0.03615245968103409,0.21233132481575012,0.5886622071266174,-0.04206279665231705,0.19015353918075562,0.7553893327713013,-0.019905652850866318,0.17207464575767517,0.7069195508956909,-0.03589150682091713,0.15946713089942932,0.6693804860115051,-0.04315203055739403,0.15170413255691528,0.6361609101295471,-0.046673454344272614,hello
0.2541602849960327,0.9105134606361389,2.743069273947185e-07,0.2947227954864502,0.8608744144439697,-0.016095474362373352,0.32620441913604736,0.7886210680007935,-0.01925884373486042,0.3464655876159668,0.739863395690918,-0.022556792944669724,0.36272889375686646,0.7013189792633057,-0.026138843968510628,0.2795807123184204,0.7217792272567749,0.0005691549158655107,0.28343144059181213,0.6728562116622925,-0.014886527322232723,0.29272428154945374,0.6479041576385498,-0.029618006199598312,0.30301010608673096,0.630354642868042,-0.039797622710466385,0.2512626051902771,0.7252829670906067,-0.0022428224328905344,0.2516968250274658,0.6757034063339233,-0.01824360340833664,0.2656925618648529,0.6590010523796082,-0.03300578519701958,0.2834821343421936,0.6518007516860962,-0.042550791054964066,0.22101342678070068,0.7424620389938354,-0.009380225092172623,0.214945450425148,0.6888642311096191,-0.029387613758444786,0.2241562455892563,0.667694091796875,-0.04120605066418648,0.23797090351581573,0.6529036164283752,-0.04749726504087448,0.1902063637971878,0.7729385495185852,-0.01812395453453064,0.1756429672241211,0.7324423789978027,-0.037402473390102386,0.17091704905033112,0.7045075297355652,-0.04651762172579765,0.17062920331954956,0.6788643598556519,-0.05151565372943878,hello
0.2549397349357605,0.9018645286560059,3.756682929179078e-07,0.29495149850845337,0.8576606512069702,-0.015750553458929062,0.32970958948135376,0.7857040762901306,-0.017860153689980507,0.3539910912513733,0.7384389042854309,-0.02075335942208767,0.36797553300857544,0.7019051313400269,-0.023694001138210297,0.28370463848114014,0.7020777463912964,0.006191561464220285,0.2907583713531494,0.6491753458976746,-0.0068995109759271145,0.30090102553367615,0.6215149760246277,-0.0200479906052351,0.3099093735218048,0.6037203073501587,-0.027961235493421555,0.2523941397666931,0.7024930715560913,0.002939909463748336,0.2522561848163605,0.6366959810256958,-0.005962690804153681,0.2573823034763336,0.5951715707778931,-0.017053889110684395,0.2655976712703705,0.5642912983894348,-0.024033239111304283,0.22199422121047974,0.720464289188385,-0.005114922299981117,0.2171107530593872,0.6607365608215332,-0.019150320440530777,0.2228124737739563,0.6299560070037842,-0.02785862609744072,0.2318408042192459,0.6069560647010803,-0.03199706971645355,0.19214561581611633,0.7542036175727844,-0.01539025828242302,0.176728755235672,0.7122519016265869,-0.031549904495477676,0.16510513424873352,0.6806875467300415,-0.038127269595861435,0.15727686882019043,0.6510904431343079,-0.04046480730175972,hello
0.2555062472820282,0.9158172607421875,2.8978848831684445e-07,0.2981196641921997,0.8640763759613037,-0.017378689721226692,0.3321084976196289,0.7875624895095825,-0.02073465660214424,0.3547898530960083,0.7337445020675659,-0.024238646030426025,0.36985576152801514,0.6869840621948242,-0.02803894132375717,0.2804354727268219,0.7228723764419556,0.0010251125786453485,0.2820323705673218,0.6723047494888306,-0.015102248638868332,0.2925529479980469,0.651931643486023,-0.030599940568208694,0.3044479489326477,0.6393240690231323,-0.04099404811859131,0.2514784634113312,0.7266300320625305,-0.001414892845787108,0.2509305477142334,0.6775519251823425,-0.01645677350461483,0.2647855877876282,0.6611103415489197,-0.03189476579427719,0.28278860449790955,0.6538304090499878,-0.04257648438215256,0.2205796241760254,0.7441324591636658,-0.008563883602619171,0.21495884656906128,0.6926159858703613,-0.027464620769023895,0.22385689616203308,0.6727316379547119,-0.039279501885175705,0.23787468671798706,0.658922553062439,-0.04618043825030327,0.1898917555809021,0.774469792842865,-0.017591401934623718,0.17559227347373962,0.7339581251144409,-0.03550063818693161,0.169441819190979,0.7033673524856567,-0.0441274531185627,0.16732768714427948,0.6747018694877625,-0.04934626445174217,hello
0.2602311074733734,0.906334400177002,3.860930064547574e-07,0.2999158799648285,0.8595243096351624,-0.020295821130275726,0.33587318658828735,0.7835328578948975,-0.02449720911681652,0.35848575830459595,0.7303415536880493,-0.028375962749123573,0.3696446418762207,0.6819389462471008,-0.03278403356671333,0.2820729613304138,0.7029044032096863,-0.0013811890967190266,0.2813679575920105,0.6411637663841248,-0.016255298629403114,0.28267526626586914,0.5994127988815308,-0.030151087790727615,0.2848888337612152,0.5698709487915039,-0.03964301571249962,0.25104960799217224,0.7072247862815857,-0.003760588588193059,0.24677276611328125,0.6413369178771973,-0.01657715253531933,0.2476418912410736,0.5964953303337097,-0.031031889840960503,0.2530345618724823,0.5627492666244507,-0.04110737517476082,0.22158753871917725,0.7281752824783325,-0.010774997062981129,0.21023154258728027,0.6654936671257019,-0.027344491332769394,0.21040132641792297,0.6290121078491211,-0.0383688323199749,0.21690228581428528,0.6009169220924377,-0.044914476573467255,0.19189876317977905,0.7648094892501831,-0.020278651267290115,0.17524316906929016,0.7220157980918884,-0.03802162781357765,0.16740429401397705,0.6899257898330688,-0.046170156449079514,0.16430982947349548,0.6606658101081848,-0.05037842318415642,hello
0.25664350390434265,0.912494421005249,2.990857979057182e-07,0.297360897064209,0.860880970954895,-0.014917823486030102,0.3306421935558319,0.7866014242172241,-0.016809768974781036,0.35280072689056396,0.7363681197166443,-0.019200703129172325,0.3652806282043457,0.6912192702293396,-0.021510520949959755,0.2800500690937042,0.7183980941772461,0.004645512904971838,0.2834218740463257,0.6707525849342346,-0.010649499483406544,0.29547011852264404,0.6564116477966309,-0.025631265714764595,0.3084062337875366,0.6504941582679749,-0.035185929387807846,0.2515968978404999,0.7207643389701843,0.001997025916352868,0.2509033977985382,0.6688964366912842,-0.010312529280781746,0.26091188192367554,0.6489102244377136,-0.023897895589470863,0.27476823329925537,0.6394798755645752,-0.0329267717897892,0.22167599201202393,0.7375952005386353,-0.005230865906924009,0.21305306255817413,0.681361198425293,-0.02093459479510784,0.2148154377937317,0.6513057351112366,-0.03176698088645935,0.22243919968605042,0.6291748881340027,-0.03799121826887131,0.1920882612466812,0.768691897392273,-0.014278203248977661,0.17733699083328247,0.729688286781311,-0.029485195875167847,0.169189453125,0.7000081539154053,-0.03679262474179268,0.1654827892780304,0.6721935272216797,-0.04068513214588165,hello
0.25708866119384766,0.910935640335083,2.483225216565188e-07,0.29766857624053955,0.8614917993545532,-0.015534410253167152,0.33242151141166687,0.7858952283859253,-0.017928043380379677,0.35516902804374695,0.7342144846916199,-0.020664790645241737,0.3682873249053955,0.6909070611000061,-0.023371383547782898,0.2817854881286621,0.7238415479660034,0.0019639988895505667,0.2817043364048004,0.6731394529342651,-0.014021839015185833,0.2923535108566284,0.6617894768714905,-0.02914181910455227,0.30355095863342285,0.6607527136802673,-0.0386931449174881,0.2520878314971924,0.726864755153656,-0.0008507379679940641,0.24808762967586517,0.6755554676055908,-0.015615399926900864,0.25814464688301086,0.6592302918434143,-0.031574565917253494,0.2717382311820984,0.6537747383117676,-0.04231835901737213,0.22119522094726562,0.7437832355499268,-0.008113570511341095,0.21364447474479675,0.6917872428894043,-0.0264128465205431,0.2200685739517212,0.6713045239448547,-0.03940333425998688,0.23129627108573914,0.6576739549636841,-0.04694601148366928,0.19159014523029327,0.7731050252914429,-0.016939889639616013,0.17537465691566467,0.7323976755142212,-0.03405289351940155,0.16574376821517944,0.6993062496185303,-0.04322298616170883,0.16061189770698547,0.6675935983657837,-0.04885372519493103,hello
0.25190380215644836,0.9096894264221191,3.683610998450604e-07,0.2898689806461334,0.8691517114639282,-0.01519110519438982,0.3212897777557373,0.8025878667831421,-0.01807335577905178,0.34170621633529663,0.7574186325073242,-0.0212571918964386,0.35436850786209106,0.720841109752655,-0.024861671030521393,0.2770487368106842,0.7281703948974609,0.003970819525420666,0.2815295159816742,0.6786458492279053,-0.008305824361741543,0.2876499891281128,0.6487692594528198,-0.021432410925626755,0.2942459285259247,0.6261870861053467,-0.030674900859594345,0.24935325980186462,0.7274947762489319,0.0008187912171706557,0.2509078085422516,0.6738936901092529,-0.010782959870994091,0.25589868426322937,0.6413202881813049,-0.02536940388381481,0.2639232277870178,0.6169601082801819,-0.03540489077568054,0.22043606638908386,0.741396963596344,-0.006316815502941608,0.21424506604671478,0.688128650188446,-0.02144051529467106,0.21413947641849518,0.6558778285980225,-0.03323618695139885,0.2184060513973236,0.6308858394622803,-0.04024973511695862,0.189898282289505,0.7693866491317749,-0.015133759938180447,0.1759667694568634,0.7266765236854553,-0.030538128688931465,0.16683728992938995,0.6929364800453186,-0.03819458559155464,0.16248252987861633,0.6616374850273132,-0.04242773726582527,hello
0.2525660991668701,0.9024612903594971,3.568027580058697e-07,0.2897695004940033,0.8648074269294739,-0.01602846197783947,0.3221769630908966,0.8006976842880249,-0.019574495032429695,0.34177300333976746,0.7580313682556152,-0.0229332372546196,0.35400891304016113,0.72413569688797,-0.027127722278237343,0.28174716234207153,0.7252106666564941,-0.001341740251518786,0.2858455181121826,0.6750767230987549,-0.013984249904751778,0.2894400656223297,0.6424364447593689,-0.027044933289289474,0.2933276891708374,0.6176711916923523,-0.036472585052251816,0.2535181939601898,0.7256131768226624,-0.004410408902913332,0.25670668482780457,0.6742113828659058,-0.016624776646494865,0.2608661949634552,0.6394578218460083,-0.03113049641251564,0.26762592792510986,0.6125340461730957,-0.04152730479836464,0.22360241413116455,0.7412388324737549,-0.011247607879340649,0.21970926225185394,0.6908994317054749,-0.026856226846575737,0.22132986783981323,0.6606971621513367,-0.03954498842358589,0.2268955111503601,0.6363662481307983,-0.04767788201570511,0.19187672436237335,0.770627498626709,-0.01971570961177349,0.17762614786624908,0.7315740585327148,-0.03627224639058113,0.16850849986076355,0.7002818584442139,-0.045221246778964996,0.1640719771385193,0.670215368270874,-0.05069083347916603,hello
0.2532978653907776,0.9042448401451111,3.814396336565551e-07,0.29027479887008667,0.8671562075614929,-0.01699187606573105,0.3222518861293793,0.8018789887428284,-0.020530803129076958,0.34292200207710266,0.757209300994873,-0.023814339190721512,0.3555910885334015,0.7217020392417908,-0.027672383934259415,0.2811834514141083,0.7247948050498962,-0.00015756186621729285,0.28549885749816895,0.6740702390670776,-0.012468187138438225,0.2904793620109558,0.6422408819198608,-0.02523941360414028,0.295345276594162,0.6182814240455627,-0.03439882770180702,0.2529418170452118,0.7243525981903076,-0.0029170368798077106,0.25476953387260437,0.6694765090942383,-0.014137773774564266,0.2577700614929199,0.6300668716430664,-0.02831386588513851,0.2629430592060089,0.5983266234397888,-0.03863704949617386,0.22340908646583557,0.7396628856658936,-0.009688103571534157,0.21854962408542633,0.6866929531097412,-0.025158356875181198,0.21924638748168945,0.6539347171783447,-0.037616778165102005,0.22378256916999817,0.6273809671401978,-0.04543749615550041,0.19214370846748352,0.7691410183906555,-0.01820720173418522,0.17664986848831177,0.7279691100120544,-0.03519858419895172,0.1670255959033966,0.6952290534973145,-0.044046442955732346,0.16235119104385376,0.6642931699752808,-0.04918096959590912,hello
0.2520076334476471,0.9031251668930054,4.017849448700872e-07,0.2885241210460663,0.8663809895515442,-0.01640438102185726,0.3191985785961151,0.8017424941062927,-0.01994371972978115,0.3392844498157501,0.7575803995132446,-0.02325543388724327,0.3523496687412262,0.7216512560844421,-0.02738909423351288,0.2813904881477356,0.7254036664962769,-0.0004127751453779638,0.2868873178958893,0.6724578142166138,-0.012905175797641277,0.29200971126556396,0.6371955275535583,-0.025810154154896736,0.2965933382511139,0.6110517978668213,-0.03510536253452301,0.25383415818214417,0.7233836054801941,-0.0034627150744199753,0.25632715225219727,0.6658255457878113,-0.014259875752031803,0.2582324743270874,0.622269332408905,-0.028552919626235962,0.2618545889854431,0.5871295928955078,-0.03918292745947838,0.22416876256465912,0.7374445199966431,-0.010332591831684113,0.2211468666791916,0.6818497180938721,-0.025047173723578453,0.22172775864601135,0.6457151174545288,-0.03722313791513443,0.22588308155536652,0.615849494934082,-0.04516147822141647,0.1918875277042389,0.7661017179489136,-0.018834315240383148,0.17697113752365112,0.7244688272476196,-0.03566815331578255,0.168506920337677,0.6914733648300171,-0.044141389429569244,0.16489958763122559,0.66047203540802,-0.048954617232084274,hello
0.25099945068359375,0.9076684713363647,3.355286537498614e-07,0.288500040769577,0.8624891042709351,-0.011828952468931675,0.31851163506507874,0.8000435829162598,-0.01486137043684721,0.3407494127750397,0.7602267861366272,-0.019253740087151527,0.35719314217567444,0.7288694977760315,-0.024347303435206413,0.27318906784057617,0.7280623912811279,0.007560774218291044,0.27732884883880615,0.6820499897003174,-0.005056257825344801,0.28520503640174866,0.658879816532135,-0.019237704575061798,0.29358434677124023,0.6422765851020813,-0.029420185834169388,0.2468651831150055,0.7286157608032227,0.0026436783373355865,0.24846503138542175,0.6775352954864502,-0.010585466399788857,0.26028624176979065,0.6603409647941589,-0.025735484436154366,0.2748485803604126,0.6549304723739624,-0.03543800860643387,0.21837961673736572,0.7427244186401367,-0.006124348379671574,0.21249444782733917,0.6848481893539429,-0.02129952423274517,0.21569040417671204,0.6519554257392883,-0.0341719388961792,0.2238723337650299,0.6278521418571472,-0.042149756103754044,0.18911002576351166,0.7715426087379456,-0.01627303846180439,0.17623209953308105,0.7317779064178467,-0.030384693294763565,0.168807715177536,0.7011651992797852,-0.03825020045042038,0.16555756330490112,0.6729131937026978,-0.043197352439165115,hello
0.25760334730148315,0.9067401885986328,3.183237993198418e-07,0.2964513301849365,0.8556102514266968,-0.014344198629260063,0.3308277726173401,0.7869533896446228,-0.017335083335638046,0.3544527292251587,0.7414454817771912,-0.02168620377779007,0.3679879903793335,0.7034843564033508,-0.025723107159137726,0.27912575006484985,0.7044339776039124,0.006722517777234316,0.2817598879337311,0.6515710353851318,-0.011838935315608978,0.2947434186935425,0.6472362279891968,-0.0297214575111866,0.30847227573394775,0.6542218923568726,-0.039631836116313934,0.24931836128234863,0.7056547403335571,0.0029505540151149035,0.24688942730426788,0.6415412425994873,-0.009324816055595875,0.2527238726615906,0.6110546588897705,-0.024282004684209824,0.2616243362426758,0.5977942943572998,-0.03359155356884003,0.21984751522541046,0.7231942415237427,-0.005711470264941454,0.20898348093032837,0.6582667827606201,-0.019577225670218468,0.2087421715259552,0.6207584142684937,-0.03061751276254654,0.21528711915016174,0.5971575975418091,-0.0366637222468853,0.1910126507282257,0.7579613924026489,-0.01657782681286335,0.1744677722454071,0.7151201367378235,-0.02975858375430107,0.1624647080898285,0.6823049783706665,-0.035752616822719574,0.1556064933538437,0.6542792320251465,-0.03815454617142677,hello
0.2537795305252075,0.9090656042098999,2.5854248519863177e-07,0.2927567660808563,0.8612498044967651,-0.014430149458348751,0.32345128059387207,0.8009688854217529,-0.019868137314915657,0.3443164825439453,0.7603256702423096,-0.026738319545984268,0.35822659730911255,0.7295359969139099,-0.033384058624506,0.2774931788444519,0.7121602296829224,0.0025709110777825117,0.282081663608551,0.6597206592559814,-0.016078490763902664,0.29917824268341064,0.6575337648391724,-0.03456184267997742,0.3159920573234558,0.6678451895713806,-0.045414987951517105,0.2496640831232071,0.7151525020599365,-0.0013418111484497786,0.24796104431152344,0.6571758389472961,-0.01819731295108795,0.2651420533657074,0.6504934430122375,-0.03517302870750427,0.2839423418045044,0.661045253276825,-0.04509012773633003,0.22014248371124268,0.7316733598709106,-0.009424105286598206,0.21311700344085693,0.6742173433303833,-0.025772297754883766,0.22561350464820862,0.6598809957504272,-0.037399664521217346,0.2419796884059906,0.6584660410881042,-0.04330321401357651,0.19046182930469513,0.7636433839797974,-0.01949179172515869,0.172776997089386,0.720024824142456,-0.033299706876277924,0.16416698694229126,0.6886307001113892,-0.040335796773433685,0.159844771027565,0.6642661690711975,-0.04380561038851738,hello
0.2580699324607849,0.9070861339569092,3.201151628218213e-07,0.29765021800994873,0.855059027671814,-0.016076279804110527,0.3327452838420868,0.7833729386329651,-0.019483255222439766,0.3568275272846222,0.7348971366882324,-0.02387958951294422,0.36891138553619385,0.6929156184196472,-0.027803348377346992,0.28001269698143005,0.7056761384010315,0.004955004900693893,0.28269851207733154,0.6544323563575745,-0.014265420846641064,0.29372379183769226,0.6467195153236389,-0.03215491399168968,0.30491241812705994,0.6495383977890015,-0.04192882031202316,0.24936723709106445,0.7062640190124512,0.0017492537153884768,0.24505363404750824,0.6414083242416382,-0.01003208663314581,0.24808740615844727,0.6041736006736755,-0.024017952382564545,0.25451308488845825,0.5813186764717102,-0.033079810440540314,0.21960604190826416,0.7237546443939209,-0.0066377236507833,0.20894470810890198,0.6604746580123901,-0.021205691620707512,0.2087366282939911,0.622749388217926,-0.03195025026798248,0.21455605328083038,0.5970329642295837,-0.03788916394114494,0.1910914182662964,0.7584091424942017,-0.017332997173070908,0.17558063566684723,0.7184087634086609,-0.031495243310928345,0.1634809970855713,0.6868089437484741,-0.03751771152019501,0.15571486949920654,0.6591924428939819,-0.039966654032468796,hello
0.23216064274311066,0.8819972276687622,3.537059569680423e-07,0.2719809412956238,0.8395935893058777,-0.01594744808971882,0.300737589597702,0.769924521446228,-0.020562753081321716,0.3179436922073364,0.7210432887077332,-0.02606499008834362,0.3287135660648346,0.6803253889083862,-0.031589385122060776,0.26012271642684937,0.6872571110725403,-0.0035096516367048025,0.2596434950828552,0.618712842464447,-0.01825934462249279,0.2544547915458679,0.5750730037689209,-0.03140205889940262,0.24813321232795715,0.5380681753158569,-0.04098965600132942,0.23208202421665192,0.6912717223167419,-0.009355678223073483,0.22228965163230896,0.6149740219116211,-0.027256183326244354,0.21545103192329407,0.5576945543289185,-0.04423987492918968,0.21137002110481262,0.5079894661903381,-0.05591171607375145,0.20269685983657837,0.7124414443969727,-0.018507570028305054,0.2016581892967224,0.6520107984542847,-0.04472426697611809,0.23123325407505035,0.6539831757545471,-0.05618700385093689,0.25863927602767944,0.6637402176856995,-0.05944409966468811,0.16995088756084442,0.746215283870697,-0.028960036113858223,0.1654069572687149,0.699120283126831,-0.05342714115977287,0.1770794689655304,0.6803878545761108,-0.061632074415683746,0.19001246988773346,0.6675649881362915,-0.0644431859254837,hello
0.25758564472198486,0.9082976579666138,2.89549149101731e-07,0.29795798659324646,0.8565415740013123,-0.015110235661268234,0.33334457874298096,0.7836950421333313,-0.017835408449172974,0.357257217168808,0.7334334254264832,-0.022030793130397797,0.37015199661254883,0.6892416477203369,-0.026045745238661766,0.28073301911354065,0.7068934440612793,0.008208134211599827,0.2837075889110565,0.6524270176887512,-0.010060320608317852,0.2969615161418915,0.6469744443893433,-0.02832435630261898,0.3103918731212616,0.6520636081695557,-0.039009712636470795,0.2517189383506775,0.7084863185882568,0.0043416875414550304,0.24998731911182404,0.6443396210670471,-0.010088227689266205,0.25958070158958435,0.6214532256126404,-0.026742463931441307,0.27248626947402954,0.6149626970291138,-0.037087321281433105,0.2215113788843155,0.7250667810440063,-0.00465422123670578,0.2123684585094452,0.6580473184585571,-0.020795855671167374,0.2167266458272934,0.6301855444908142,-0.03250057250261307,0.22749291360378265,0.6155999898910522,-0.03863687813282013,0.19130107760429382,0.7579504251480103,-0.01593220978975296,0.17255127429962158,0.7109171748161316,-0.03163577616214752,0.15973445773124695,0.6761189103126526,-0.03966578096151352,0.152790829539299,0.6469725966453552,-0.04353017359972,hello
0.2551101744174957,0.9099720120429993,3.186852950420871e-07,0.295000821352005,0.8584141135215759,-0.012809796258807182,0.32648709416389465,0.790968120098114,-0.014785767532885075,0.3497607707977295,0.7450535297393799,-0.018285008147358894,0.36328887939453125,0.706787109375,-0.022255398333072662,0.27707409858703613,0.7168401479721069,0.009014707058668137,0.2786666750907898,0.6663875579833984,-0.005983399692922831,0.2887556552886963,0.6510290503501892,-0.02183363027870655,0.2999376356601715,0.6448116302490234,-0.03180869668722153,0.2491316795349121,0.7172316312789917,0.004626493435353041,0.2472597062587738,0.6598256826400757,-0.006329703610390425,0.2527332305908203,0.6325337886810303,-0.02146104909479618,0.2618224024772644,0.6176047325134277,-0.03180965036153793,0.2200373113155365,0.7333997488021851,-0.004228793550282717,0.21080772578716278,0.6756270527839661,-0.017918724566698074,0.2108704149723053,0.6427664160728455,-0.02947482280433178,0.216862291097641,0.6196900606155396,-0.036667946726083755,0.1904258131980896,0.7661000490188599,-0.01496278028935194,0.1749935746192932,0.7264959812164307,-0.02865632250905037,0.16419382393360138,0.6967104077339172,-0.035340819507837296,0.15802772343158722,0.6702940464019775,-0.038993220776319504,hello
0.2570171058177948,0.9087523221969604,2.7107640221402107e-07,0.2957944869995117,0.859090268611908,-0.013396019116044044,0.3293651342391968,0.79035884141922,-0.01637255772948265,0.3540237545967102,0.7446308732032776,-0.020751509815454483,0.36815494298934937,0.7066132426261902,-0.025349365547299385,0.2788327932357788,0.7161093950271606,0.004444352816790342,0.2816407382488251,0.6632212400436401,-0.012882119975984097,0.2912832200527191,0.6547672748565674,-0.029368259012699127,0.30125999450683594,0.656757652759552,-0.039177972823381424,0.24995438754558563,0.7165625691413879,0.00019280207925476134,0.2473994791507721,0.6578004956245422,-0.01331887487322092,0.2538459300994873,0.6368963718414307,-0.028743717819452286,0.2633515000343323,0.6293966174125671,-0.03857467323541641,0.2203647494316101,0.7325863242149353,-0.008441503159701824,0.20906320214271545,0.6708565354347229,-0.023512935265898705,0.2070084661245346,0.6373514533042908,-0.03561624139547348,0.21091900765895844,0.6141176819801331,-0.04291685298085213,0.19088953733444214,0.7644398212432861,-0.018865413963794708,0.17440150678157806,0.7232096791267395,-0.03286677226424217,0.16237446665763855,0.6909113526344299,-0.04020906239748001,0.15531449019908905,0.6614923477172852,-0.044332824647426605,hello
0.25718286633491516,0.9082143902778625,2.6631346372596454e-07,0.2961062788963318,0.8575564026832581,-0.013045567087829113,0.33030107617378235,0.7879877090454102,-0.01565615087747574,0.35520708560943604,0.7422646284103394,-0.019676418974995613,0.36962559819221497,0.7047911882400513,-0.023921368643641472,0.27869632840156555,0.7149938941001892,0.004369029309600592,0.2815827429294586,0.6620751619338989,-0.013262307271361351,0.29247409105300903,0.6557875871658325,-0.03004934825003147,0.30361562967300415,0.6604329943656921,-0.03994147852063179,0.249908447265625,0.7160649299621582,4.236166205373593e-05,0.24778032302856445,0.6578552722930908,-0.013600018806755543,0.254986971616745,0.6384319067001343,-0.02933027222752571,0.26509889960289,0.6329566240310669,-0.039432499557733536,0.22034502029418945,0.732602596282959,-0.008647660724818707,0.20911423861980438,0.6713957190513611,-0.023660095408558846,0.20714223384857178,0.6377352476119995,-0.03620707616209984,0.2111777812242508,0.6148677468299866,-0.04391816258430481,0.19091013073921204,0.7646251916885376,-0.019084857776761055,0.17417755722999573,0.7231269478797913,-0.03275339677929878,0.1619633138179779,0.6909365057945251,-0.040183164179325104,0.1548166275024414,0.6617133617401123,-0.044523466378450394,hello
0.2567180395126343,0.9069201946258545,2.8978547561564483e-07,0.2953183650970459,0.8582269549369812,-0.013729112222790718,0.32829439640045166,0.7896008491516113,-0.016506550833582878,0.35223788022994995,0.7454495429992676,-0.02042716182768345,0.36651504039764404,0.7092792391777039,-0.024805771186947823,0.2787974774837494,0.7113747596740723,0.003431617980822921,0.2812740206718445,0.6601470112800598,-0.013535703532397747,0.2926922142505646,0.6501352787017822,-0.029880158603191376,0.30474141240119934,0.6510539054870605,-0.0398581400513649,0.25027021765708923,0.7129517197608948,-0.0008711240952834487,0.2489127665758133,0.6546440124511719,-0.013376325368881226,0.25529855489730835,0.629651665687561,-0.028745383024215698,0.2646773159503937,0.6186680197715759,-0.039156489074230194,0.22114230692386627,0.7308669686317444,-0.009516457095742226,0.21184882521629333,0.6721229553222656,-0.024237927049398422,0.21189196407794952,0.6390946507453918,-0.03674985468387604,0.2176508605480194,0.6156939268112183,-0.04471771419048309,0.19209024310112,0.7649620771408081,-0.019953958690166473,0.1760774552822113,0.7273773550987244,-0.03472023829817772,0.16525810956954956,0.6985303163528442,-0.04249297454953194,0.15913113951683044,0.6721194982528687,-0.04693111032247543,hello
0.2554202675819397,0.9020732641220093,3.683676652599388e-07,0.2959432005882263,0.8568651676177979,-0.014820247888565063,0.33140259981155396,0.7888447046279907,-0.016953932121396065,0.356381356716156,0.7445767521858215,-0.0203509833663702,0.3695264160633087,0.7092125415802002,-0.022726109251379967,0.2813163697719574,0.7041668891906738,0.009272570721805096,0.2889591455459595,0.6537700295448303,-0.005092797800898552,0.2991602122783661,0.6414041519165039,-0.018372926861047745,0.3073091208934784,0.6378390789031982,-0.02458031103014946,0.24979352951049805,0.7033648490905762,0.006507552694529295,0.24899661540985107,0.6358757019042969,0.001450750627554953,0.2508840560913086,0.596332848072052,-0.00487852655351162,0.2549271285533905,0.5667856931686401,-0.007503164000809193,0.21986152231693268,0.720634400844574,-0.001554772024974227,0.210330069065094,0.6609895825386047,-0.010833452455699444,0.20847323536872864,0.6218396425247192,-0.01507579255849123,0.21014700829982758,0.5921503305435181,-0.01568317413330078,0.19085970520973206,0.754824161529541,-0.012250419706106186,0.17522895336151123,0.7153431177139282,-0.022829663008451462,0.16210675239562988,0.6858038902282715,-0.024356659501791,0.15240374207496643,0.6584157943725586,-0.02243919111788273,hello
0.25631433725357056,0.9091005325317383,2.883107868001389e-07,0.29407215118408203,0.8616774082183838,-0.016179481521248817,0.3271740972995758,0.7951586842536926,-0.021151773631572723,0.3498174548149109,0.7509647011756897,-0.027090372517704964,0.3664110004901886,0.7162185311317444,-0.03300348296761513,0.27597370743751526,0.7131593227386475,0.0005104284500703216,0.28149694204330444,0.6615276336669922,-0.01879235915839672,0.29748833179473877,0.6549379825592041,-0.0369296632707119,0.3138540983200073,0.6591277718544006,-0.04794873669743538,0.2480665147304535,0.7160891890525818,-0.004027156159281731,0.24744634330272675,0.6555418372154236,-0.02021360769867897,0.26106885075569153,0.6350575089454651,-0.03696363791823387,0.278050035238266,0.6276018619537354,-0.04801623150706291,0.21908989548683167,0.734674334526062,-0.013274351134896278,0.2123962938785553,0.6767544150352478,-0.032412800937891006,0.22472718358039856,0.659310519695282,-0.04458931088447571,0.24189496040344238,0.6507211923599243,-0.05101910978555679,0.1900591403245926,0.7680057883262634,-0.0245120357722044,0.1720600128173828,0.7214766144752502,-0.04232746735215187,0.16221103072166443,0.6871330738067627,-0.05058864876627922,0.15749362111091614,0.6564173698425293,-0.0550602450966835,hello
0.25391823053359985,0.9094298481941223,3.121624274626811e-07,0.2926805913448334,0.863088846206665,-0.014286082237958908,0.32446569204330444,0.7966676950454712,-0.018372321501374245,0.34769049286842346,0.7528513669967651,-0.02354135736823082,0.36446452140808105,0.7178682088851929,-0.028943099081516266,0.2757304906845093,0.717272162437439,0.005366441328078508,0.27993112802505493,0.6691023707389832,-0.01012040488421917,0.29634639620780945,0.6611107587814331,-0.026788678020238876,0.3126719892024994,0.6625270843505859,-0.03749193996191025,0.24813531339168549,0.7202236652374268,0.0017859948566183448,0.24889881908893585,0.6698545813560486,-0.012706125155091286,0.2667279541492462,0.6634032130241394,-0.028631797060370445,0.28696659207344055,0.6698086261749268,-0.03836021199822426,0.2185526341199875,0.7366325855255127,-0.006125086918473244,0.2117518186569214,0.681999683380127,-0.021081343293190002,0.2181069552898407,0.6556611657142639,-0.032694313675165176,0.22875072062015533,0.6389064788818359,-0.03945828974246979,0.18816441297531128,0.7681416273117065,-0.01592330075800419,0.1732742041349411,0.7235085964202881,-0.02895200066268444,0.1632397323846817,0.6913209557533264,-0.03552405163645744,0.1570606231689453,0.6627781391143799,-0.03929245471954346,hello
0.2550401985645294,0.9077064990997314,2.793076134821604e-07,0.29458701610565186,0.8638325333595276,-0.01652677170932293,0.3286080062389374,0.7987154722213745,-0.02198883704841137,0.35296109318733215,0.7547957301139832,-0.02825048193335533,0.3693373203277588,0.7190282344818115,-0.03430202230811119,0.2772398591041565,0.7131118774414062,0.0019916698802262545,0.2818778455257416,0.6626973748207092,-0.015989381819963455,0.29979681968688965,0.6636355519294739,-0.03388170152902603,0.31618639826774597,0.6757562756538391,-0.04451024904847145,0.24877730011940002,0.716800332069397,-0.0010175020433962345,0.24953091144561768,0.6638393998146057,-0.016957316547632217,0.26788923144340515,0.6601709127426147,-0.033525045961141586,0.28791576623916626,0.6698393821716309,-0.043181758373975754,0.2190241515636444,0.7337495684623718,-0.0086440434679389,0.21237096190452576,0.6775287985801697,-0.024676285684108734,0.21981412172317505,0.65134197473526,-0.03714751824736595,0.23118051886558533,0.6362093687057495,-0.04397553578019142,0.1889616698026657,0.7658444046974182,-0.018356570973992348,0.17272646725177765,0.7188408374786377,-0.032245442271232605,0.16077809035778046,0.6843035221099854,-0.03965048864483833,0.15295875072479248,0.6542127728462219,-0.04361680895090103,hello
0.2550401985645294,0.9077064990997314,2.793076134821604e-07,0.29458701610565186,0.8638325333595276,-0.01652677170932293,0.3286080062389374,0.7987154722213745,-0.02198883704841137,0.35296109318733215,0.7547957301139832,-0.02825048193335533,0.3693373203277588,0.7190282344818115,-0.03430202230811119,0.2772398591041565,0.7131118774414062,0.0019916698802262545,0.2818778455257416,0.6626973748207092,-0.015989381819963455,0.29979681968688965,0.6636355519294739,-0.03388170152902603,0.31618639826774597,0.6757562756538391,-0.04451024904847145,0.24877730011940002,0.716800332069397,-0.0010175020433962345,0.24953091144561768,0.6638393998146057,-0.016957316547632217,0.26788923144340515,0.6601709127426147,-0.033525045961141586,0.28791576623916626,0.6698393821716309,-0.043181758373975754,0.2190241515636444,0.7337495684623718,-0.0086440434679389,0.21237096190452576,0.6775287985801697,-0.024676285684108734,0.21981412172317505,0.65134197473526,-0.03714751824736595,0.23118051886558533,0.6362093687057495,-0.04397553578019142,0.1889616698026657,0.7658444046974182,-0.018356570973992348,0.17272646725177765,0.7188408374786377,-0.032245442271232605,0.16077809035778046,0.6843035221099854,-0.03965048864483833,0.15295875072479248,0.6542127728462219,-0.04361680895090103,hello
0.25403881072998047,0.7694619297981262,5.348572358343517e-07,0.30220726132392883,0.7431861758232117,-0.02506515383720398,0.349410742521286,0.689879298210144,-0.03317395970225334,0.38013243675231934,0.6511052846908569,-0.03993792459368706,0.40220338106155396,0.6156616806983948,-0.04659632220864296,0.3094909191131592,0.5814837217330933,-0.00521154934540391,0.32267066836357117,0.5150274634361267,-0.01913338340818882,0.3319177031517029,0.47259777784347534,-0.033282142132520676,0.3402206301689148,0.44085338711738586,-0.04316020756959915,0.27852311730384827,0.5736175179481506,-0.006645032204687595,0.2902016043663025,0.4972189962863922,-0.020419234409928322,0.3026755750179291,0.4432937502861023,-0.038026586174964905,0.3163208067417145,0.4044440984725952,-0.050276584923267365,0.24458394944667816,0.5820383429527283,-0.012762866914272308,0.2548060417175293,0.5187509059906006,-0.03090367279946804,0.2722621262073517,0.4888654351234436,-0.04649008810520172,0.29013189673423767,0.47019508481025696,-0.05565236508846283,0.20655888319015503,0.6062207818031311,-0.02134261466562748,0.1977173537015915,0.5582107901573181,-0.03990284726023674,0.19207434356212616,0.5215864777565002,-0.0502743199467659,0.18944865465164185,0.48923948407173157,-0.056212347000837326,Help
0.25761228799819946,0.758543848991394,6.048654768164852e-07,0.2980819046497345,0.7317138910293579,-0.02795599400997162,0.3457385003566742,0.6707255840301514,-0.0404057577252388,0.38153281807899475,0.6329442262649536,-0.05137726292014122,0.40976864099502563,0.5979854464530945,-0.06254320591688156,0.3073085844516754,0.5694517493247986,-0.011635610833764076,0.3220061957836151,0.5048832297325134,-0.031860530376434326,0.333464115858078,0.4588724970817566,-0.050327643752098083,0.344663143157959,0.4274401366710663,-0.06296458095312119,0.2739541828632355,0.5629420280456543,-0.014213979244232178,0.28368276357650757,0.48205116391181946,-0.03282702714204788,0.29281365871429443,0.42497795820236206,-0.05167829245328903,0.3048614263534546,0.38175100088119507,-0.0644598975777626,0.2413099855184555,0.573379635810852,-0.021811870858073235,0.25017300248146057,0.49757757782936096,-0.04420562833547592,0.26395052671432495,0.4590819478034973,-0.057620570063591,0.282002717256546,0.43161386251449585,-0.06507228314876556,0.20631608366966248,0.6013293862342834,-0.03231034055352211,0.21079111099243164,0.5495566129684448,-0.05474594235420227,0.2202051728963852,0.5187944173812866,-0.06369592994451523,0.23487788438796997,0.49252256751060486,-0.0679793506860733,Help
0.253177285194397,0.76319420337677,6.244857786441571e-07,0.2993515133857727,0.7328768968582153,-0.02644660510122776,0.34485676884651184,0.6756179332733154,-0.03834884613752365,0.381764680147171,0.6372313499450684,-0.048886846750974655,0.40870702266693115,0.6018581986427307,-0.0601189061999321,0.3040345013141632,0.5745604634284973,-0.013090846128761768,0.3230420649051666,0.5073025822639465,-0.033310092985630035,0.33575770258903503,0.45947596430778503,-0.05205770209431648,0.3470902740955353,0.423667848110199,-0.06546720117330551,0.27254101634025574,0.5647329688072205,-0.016288403421640396,0.28403186798095703,0.4838888645172119,-0.0360877588391304,0.29320603609085083,0.42353105545043945,-0.05761364847421646,0.30442649126052856,0.37525907158851624,-0.07261914014816284,0.2393803894519806,0.5745308995246887,-0.023836705833673477,0.24667268991470337,0.4954923987388611,-0.04597673937678337,0.25567376613616943,0.44428884983062744,-0.06336195021867752,0.26781368255615234,0.40244191884994507,-0.074477918446064,0.2036672681570053,0.6038532853126526,-0.03376856446266174,0.20039701461791992,0.5524119734764099,-0.05563126504421234,0.20145466923713684,0.5166235566139221,-0.06666560471057892,0.20713688433170319,0.48270028829574585,-0.07316062599420547,Help
0.24457615613937378,0.7634557485580444,5.988921998323349e-07,0.2898600697517395,0.735262393951416,-0.025849051773548126,0.3376258909702301,0.6761638522148132,-0.03728622943162918,0.37516847252845764,0.6334267258644104,-0.04736940935254097,0.4042726159095764,0.5984276533126831,-0.05796021595597267,0.30017098784446716,0.5773196220397949,-0.009034848771989346,0.319490522146225,0.5142892599105835,-0.02592448703944683,0.3315414488315582,0.46879252791404724,-0.04213925078511238,0.3426060080528259,0.43622201681137085,-0.05306003987789154,0.2682405710220337,0.5673843026161194,-0.010366600006818771,0.2780858874320984,0.4876875877380371,-0.023700594902038574,0.28348249197006226,0.4329099655151367,-0.039242934435606,0.29234373569488525,0.38906756043434143,-0.04953019320964813,0.23569515347480774,0.5744271874427795,-0.0161245409399271,0.2409190535545349,0.4978749752044678,-0.032152190804481506,0.2491643726825714,0.4481724500656128,-0.044519077986478806,0.261797696352005,0.40888118743896484,-0.052246447652578354,0.20009057223796844,0.599791407585144,-0.024563776329159737,0.20319727063179016,0.5494316816329956,-0.040907181799411774,0.21282818913459778,0.5199379324913025,-0.04650241509079933,0.22686982154846191,0.4959683418273926,-0.048657819628715515,Help
0.2515650987625122,0.7500510215759277,5.851406399415282e-07,0.29016029834747314,0.7275692820549011,-0.025701716542243958,0.33552780747413635,0.6731386184692383,-0.03722871094942093,0.37288451194763184,0.6364103555679321,-0.04660137742757797,0.39815694093704224,0.6054956912994385,-0.056664254516363144,0.2944659888744354,0.5863046050071716,-0.016161004081368446,0.307631254196167,0.524966299533844,-0.03451951593160629,0.31961315870285034,0.4788680672645569,-0.05099336430430412,0.33069324493408203,0.44734907150268555,-0.06217777356505394,0.26319190859794617,0.5801317691802979,-0.01640777662396431,0.2697327733039856,0.508394181728363,-0.03249340504407883,0.2780649960041046,0.454507440328598,-0.049876440316438675,0.28738534450531006,0.41139358282089233,-0.06199493631720543,0.23322761058807373,0.5883028507232666,-0.020205415785312653,0.23648089170455933,0.521531879901886,-0.03816197067499161,0.2470460832118988,0.4807213842868805,-0.05043186992406845,0.25971338152885437,0.4496482014656067,-0.05799011141061783,0.20268861949443817,0.6122516393661499,-0.026308532804250717,0.20742809772491455,0.568291187286377,-0.04396010562777519,0.2188398838043213,0.5455994606018066,-0.050160057842731476,0.23269128799438477,0.5283151865005493,-0.05290219187736511,Help
0.2515134811401367,0.7514981627464294,5.855333142790187e-07,0.2914154529571533,0.7297199368476868,-0.026911582797765732,0.33511286973953247,0.6749250888824463,-0.038268011063337326,0.370954692363739,0.6378846168518066,-0.047953635454177856,0.39527204632759094,0.605165421962738,-0.057784371078014374,0.2901817262172699,0.5857412815093994,-0.01592355966567993,0.30128148198127747,0.5202999114990234,-0.035744257271289825,0.3119918406009674,0.4715319573879242,-0.052472006529569626,0.32206156849861145,0.43707066774368286,-0.06380641460418701,0.26112088561058044,0.579805314540863,-0.01643102802336216,0.26933661103248596,0.505432665348053,-0.03484915941953659,0.27914878726005554,0.4514937400817871,-0.05176872760057449,0.2899268567562103,0.4077683091163635,-0.0635603815317154,0.2325761467218399,0.588542103767395,-0.02112225815653801,0.23977673053741455,0.5266591906547546,-0.04263295978307724,0.25868380069732666,0.5007203221321106,-0.053718797862529755,0.27816012501716614,0.48312848806381226,-0.059455517679452896,0.20308919250965118,0.6118288636207581,-0.028483683243393898,0.21436753869056702,0.5680501461029053,-0.049308598041534424,0.23374208807945251,0.551098108291626,-0.05632491782307625,0.2532164752483368,0.5404280424118042,-0.059313442558050156,Help
0.24851800501346588,0.7555518746376038,6.545317887685087e-07,0.2918640077114105,0.7350478172302246,-0.028300367295742035,0.3392781615257263,0.6743578314781189,-0.04055609926581383,0.3754149377346039,0.6313465237617493,-0.05105231702327728,0.4002107083797455,0.5950714349746704,-0.061431095004081726,0.2970288097858429,0.5632466077804565,-0.008557897992432117,0.30592620372772217,0.4918558597564697,-0.022180872038006783,0.30988559126853943,0.43699464201927185,-0.03510326147079468,0.31348174810409546,0.3995537757873535,-0.04406449943780899,0.2645692229270935,0.5584891438484192,-0.008788039907813072,0.2724214792251587,0.4750356078147888,-0.01953602209687233,0.2788584232330322,0.41941970586776733,-0.031719960272312164,0.28811630606651306,0.37533989548683167,-0.03920219466090202,0.233162060379982,0.5682744383811951,-0.013625268824398518,0.23784968256950378,0.49012261629104614,-0.028050033375620842,0.24837571382522583,0.44228625297546387,-0.03578710928559303,0.26107996702194214,0.40441468358039856,-0.03965580835938454,0.1981705278158188,0.5961692333221436,-0.0216386616230011,0.20491665601730347,0.542486310005188,-0.03617185726761818,0.2151559442281723,0.512265682220459,-0.038696348667144775,0.22741341590881348,0.4874618649482727,-0.03824269771575928,Help
0.24585390090942383,0.7523984909057617,6.856037089164602e-07,0.2909691035747528,0.7320212721824646,-0.02923719584941864,0.33929046988487244,0.6756430268287659,-0.04256249591708183,0.3773781955242157,0.6338737607002258,-0.05364133417606354,0.40460866689682007,0.5994793772697449,-0.06460341066122055,0.29899826645851135,0.5594064593315125,-0.01149721909314394,0.3136235773563385,0.4862011969089508,-0.02442595362663269,0.32086363434791565,0.4325725734233856,-0.037230126559734344,0.3259570896625519,0.3942183554172516,-0.04626430571079254,0.2663542628288269,0.5536076426506042,-0.011058001779019833,0.27823513746261597,0.46875613927841187,-0.019982993602752686,0.28597021102905273,0.41213881969451904,-0.031345054507255554,0.2952215373516083,0.36738717555999756,-0.038695190101861954,0.23424577713012695,0.5639373660087585,-0.01504617091268301,0.24123862385749817,0.4845901429653168,-0.026600629091262817,0.25035980343818665,0.4342639148235321,-0.033855948597192764,0.26091432571411133,0.3935564160346985,-0.03810596466064453,0.1988365799188614,0.5934450626373291,-0.022362804040312767,0.20052026212215424,0.536749541759491,-0.03496578708291054,0.20561598241329193,0.5008285641670227,-0.03728500008583069,0.21358415484428406,0.46947920322418213,-0.037037432193756104,Help
0.25300368666648865,0.7458066940307617,5.505094691216073e-07,0.29207855463027954,0.716805100440979,-0.023351216688752174,0.3285214900970459,0.6460062861442566,-0.02963462471961975,0.34222060441970825,0.5930556654930115,-0.034088633954524994,0.34552332758903503,0.5470452308654785,-0.03909771889448166,0.30605846643447876,0.5555723309516907,-0.012695202603936195,0.3198651969432831,0.4873674511909485,-0.02987254597246647,0.32491326332092285,0.4333566427230835,-0.04556925222277641,0.32774266600608826,0.39072686433792114,-0.057299695909023285,0.2730427384376526,0.5501775145530701,-0.015237404964864254,0.28108420968055725,0.4689785838127136,-0.0320553220808506,0.2858714461326599,0.40921157598495483,-0.05000285804271698,0.29151013493537903,0.36235368251800537,-0.06239914149045944,0.24050459265708923,0.5648078918457031,-0.021331148222088814,0.24751555919647217,0.4884628653526306,-0.043414752930402756,0.25968194007873535,0.4411793351173401,-0.05789477750658989,0.27250123023986816,0.40260881185531616,-0.06640581041574478,0.20634718239307404,0.5971453785896301,-0.029081208631396294,0.21947623789310455,0.5517398118972778,-0.05139835551381111,0.2375105619430542,0.5299584269523621,-0.059116803109645844,0.2554481327533722,0.5114518404006958,-0.06260207295417786,Help
0.24301859736442566,0.7531859874725342,4.3304308405822667e-07,0.28961870074272156,0.7100872993469238,-0.007598308380693197,0.31505274772644043,0.6390745043754578,-0.0063245357014238834,0.3229944705963135,0.584640622138977,-0.007537404540926218,0.31979912519454956,0.5393633842468262,-0.009223085828125477,0.30953219532966614,0.5698363780975342,0.020210878923535347,0.32511240243911743,0.5005841851234436,0.009427059441804886,0.3322060704231262,0.45418357849121094,-0.004770027473568916,0.33533909916877747,0.41666170954704285,-0.014769591391086578,0.28487634658813477,0.5602989792823792,0.013378315605223179,0.3006404638290405,0.4889557957649231,0.003722119377925992,0.30709120631217957,0.4357265830039978,-0.011708549223840237,0.3122231960296631,0.3926452398300171,-0.021808581426739693,0.2559852600097656,0.5646750926971436,0.0024560154415667057,0.2685285806655884,0.4940759539604187,-0.007870081812143326,0.2761308550834656,0.444894015789032,-0.016915656626224518,0.2833969295024872,0.4028394818305969,-0.022344069555401802,0.22093546390533447,0.5833486914634705,-0.01020805723965168,0.2311132848262787,0.5246639847755432,-0.019622212275862694,0.23757854104042053,0.4828338027000427,-0.02240961603820324,0.24562779068946838,0.4428507089614868,-0.023290663957595825,Help
0.2125328630208969,0.7604352235794067,1.7855101930308592e-07,0.25923141837120056,0.7218417525291443,-0.0001183864806080237,0.28585538268089294,0.6622223258018494,0.0025962870568037033,0.3027035593986511,0.6177152395248413,0.00051208765944466,0.30789321660995483,0.5912185311317444,-0.0015572721604257822,0.27113044261932373,0.607256293296814,0.03529389947652817,0.28475141525268555,0.5618361830711365,0.03246411681175232,0.29602953791618347,0.5440837740898132,0.023897632956504822,0.30379366874694824,0.5377552509307861,0.018414132297039032,0.2510959208011627,0.6006707549095154,0.028480015695095062,0.2632475793361664,0.5484638214111328,0.026062028482556343,0.2756302058696747,0.5350519418716431,0.015674155205488205,0.2862301170825958,0.5316044092178345,0.010148350149393082,0.22919535636901855,0.599376380443573,0.017962509766221046,0.23804926872253418,0.5503400564193726,0.016371075063943863,0.2497672289609909,0.5368894934654236,0.012362160719931126,0.25904756784439087,0.530512273311615,0.01058268640190363,0.20737646520137787,0.6041502952575684,0.006029421929270029,0.21421635150909424,0.5593923330307007,0.007884787395596504,0.22330330312252045,0.5361670851707458,0.010165633633732796,0.23241163790225983,0.5197327733039856,0.011885490268468857,Help
0.21972273290157318,0.7606542110443115,2.1489343637881575e-08,0.2674534022808075,0.7236267328262329,0.0017717659939080477,0.3003786504268646,0.6731765866279602,0.006851175334304571,0.32222622632980347,0.6270477175712585,0.006087408401072025,0.33095091581344604,0.5928314328193665,0.006376901175826788,0.2813791334629059,0.6203740835189819,0.04189862310886383,0.2959310710430145,0.5715516805648804,0.03455901890993118,0.3001002073287964,0.5821571350097656,0.0234820693731308,0.30099451541900635,0.6060239672660828,0.01929282210767269,0.2552523612976074,0.61214280128479,0.03725763037800789,0.27143120765686035,0.5625501275062561,0.027545781806111336,0.2766183614730835,0.5830368995666504,0.012882648967206478,0.2801800072193146,0.6151570081710815,0.008125973865389824,0.22768089175224304,0.6078478097915649,0.028914427384734154,0.24450598657131195,0.5633870363235474,0.020766722038388252,0.25152313709259033,0.5853604078292847,0.014119671657681465,0.2555106580257416,0.6171122789382935,0.014733534306287766,0.19848911464214325,0.6096144914627075,0.02006283774971962,0.2133050411939621,0.5697596669197083,0.019714588299393654,0.22087080776691437,0.5628256797790527,0.02135835587978363,0.22641441226005554,0.5652655363082886,0.025159252807497978,Help
0.22198644280433655,0.778998851776123,1.0349081946969818e-07,0.2797490656375885,0.7337117195129395,0.006481983233243227,0.31065934896469116,0.6836308240890503,0.019142456352710724,0.3284848928451538,0.635847806930542,0.024662397801876068,0.33035945892333984,0.6027029156684875,0.031578149646520615,0.2961370050907135,0.6371602416038513,0.07000302523374557,0.3092813193798065,0.582738995552063,0.074391208589077,0.31276392936706543,0.587760329246521,0.06835046410560608,0.3126833736896515,0.6105015277862549,0.06628690659999847,0.26685136556625366,0.6261754631996155,0.06687954813241959,0.2829434871673584,0.5686198472976685,0.0692029744386673,0.2862222194671631,0.5899597406387329,0.05557971075177193,0.2868506908416748,0.6207142472267151,0.050381992012262344,0.23526647686958313,0.617746114730835,0.05928726866841316,0.25383952260017395,0.5614950656890869,0.05982286483049393,0.257260799407959,0.5871408581733704,0.05284516140818596,0.2575733959674835,0.6231584548950195,0.0517880953848362,0.20324872434139252,0.6185267567634583,0.051269110292196274,0.2195298820734024,0.5761680603027344,0.0550367645919323,0.2262115776538849,0.589143693447113,0.05665658041834831,0.2297014743089676,0.6116504073143005,0.06028075888752937,Help
0.2422896772623062,0.7564222812652588,5.025734139962879e-07,0.291127473115921,0.7257867455482483,-0.01818985864520073,0.329562783241272,0.6659767627716064,-0.020779680460691452,0.35009878873825073,0.6155439019203186,-0.023009568452835083,0.358615517616272,0.5690887570381165,-0.025401316583156586,0.3066396713256836,0.5796612501144409,0.005051430780440569,0.32536429166793823,0.517128050327301,-0.006369244307279587,0.3339996337890625,0.47138512134552,-0.02044963277876377,0.3409751057624817,0.43483519554138184,-0.030538320541381836,0.2766302824020386,0.5644585490226746,0.003199501195922494,0.2907814681529999,0.4924243688583374,-0.006925529334694147,0.29928484559059143,0.4385393261909485,-0.023279746994376183,0.30838969349861145,0.3967372477054596,-0.03456301987171173,0.24347077310085297,0.5653592348098755,-0.002571010496467352,0.24986396729946136,0.49562856554985046,-0.013928066939115524,0.25571873784065247,0.4501672089099884,-0.025713160634040833,0.26339828968048096,0.4137052297592163,-0.03334188833832741,0.20629194378852844,0.5823163986206055,-0.010638986714184284,0.20407648384571075,0.5266014933586121,-0.02208932861685753,0.20376573503017426,0.48917901515960693,-0.027587683871388435,0.20756611227989197,0.4556710720062256,-0.03020792454481125,Help
0.2417936772108078,0.7441089153289795,5.704484919988317e-07,0.2914664149284363,0.7206524610519409,-0.02789786458015442,0.33591529726982117,0.6571181416511536,-0.03769703581929207,0.36703038215637207,0.6062256693840027,-0.04496035352349281,0.3886722922325134,0.5652620196342468,-0.05236747860908508,0.30430907011032104,0.5448496341705322,-0.013367252424359322,0.3222276270389557,0.4678974449634552,-0.02707625739276409,0.3292478919029236,0.4161822497844696,-0.04084639251232147,0.3325490951538086,0.37529778480529785,-0.05105852335691452,0.2708643972873688,0.5377947092056274,-0.013277597725391388,0.2854454815387726,0.4550701379776001,-0.023728838190436363,0.29451891779899597,0.398954838514328,-0.03806064650416374,0.3039863705635071,0.3566299378871918,-0.048276953399181366,0.23486709594726562,0.5514405965805054,-0.017341263592243195,0.24667680263519287,0.47434496879577637,-0.03113469108939171,0.2571781277656555,0.42490899562835693,-0.04530305787920952,0.26917943358421326,0.38512566685676575,-0.05521494895219803,0.19543391466140747,0.5838354229927063,-0.024052154272794724,0.18552781641483307,0.5373493432998657,-0.042131390422582626,0.18036335706710815,0.5056197643280029,-0.051481857895851135,0.17920106649398804,0.4775225520133972,-0.05628295615315437,Help
0.2358558624982834,0.7463135123252869,5.278378125694871e-07,0.28116872906684875,0.7208101749420166,-0.022593118250370026,0.3202551007270813,0.6616300940513611,-0.031059838831424713,0.3486655354499817,0.6190381646156311,-0.03838813304901123,0.36852437257766724,0.5845183730125427,-0.046069465577602386,0.29760992527008057,0.5529558062553406,-0.010018040426075459,0.3169221878051758,0.4821208715438843,-0.026263846084475517,0.32665807008743286,0.43262267112731934,-0.041621044278144836,0.33308547735214233,0.3938654065132141,-0.052610501646995544,0.26696521043777466,0.5443251729011536,-0.01323891244828701,0.2833963632583618,0.46259766817092896,-0.02686844952404499,0.2940884828567505,0.407687783241272,-0.042427632957696915,0.3047740161418915,0.36511749029159546,-0.0529235377907753,0.23253901302814484,0.5566442608833313,-0.020332293584942818,0.24449248611927032,0.4833107590675354,-0.036944177001714706,0.25621095299720764,0.4358873963356018,-0.051423732191324234,0.26897844672203064,0.3972708284854889,-0.06080029904842377,0.19353890419006348,0.588415801525116,-0.02958759479224682,0.1856035590171814,0.5444748401641846,-0.04876450449228287,0.18211783468723297,0.5143431425094604,-0.05763990059494972,0.1814083456993103,0.4873838722705841,-0.06193068251013756,Help
0.22761863470077515,0.7381411790847778,5.470602673085523e-07,0.27040213346481323,0.7190649509429932,-0.026066066697239876,0.3149397075176239,0.6695577502250671,-0.038168102502822876,0.34516239166259766,0.6345556378364563,-0.04822153225541115,0.368792325258255,0.6083617210388184,-0.058923348784446716,0.29050785303115845,0.5696987509727478,-0.020345132797956467,0.31089529395103455,0.5027823448181152,-0.03934726491570473,0.32145577669143677,0.4554579257965088,-0.05583282560110092,0.33008915185928345,0.42014309763908386,-0.06735704094171524,0.25976279377937317,0.5595352649688721,-0.02196587435901165,0.2753448784351349,0.4786999821662903,-0.0386977419257164,0.28438031673431396,0.42165666818618774,-0.055851858109235764,0.2947986125946045,0.3769753575325012,-0.06791780889034271,0.22653409838676453,0.5668943524360657,-0.027121499180793762,0.23682796955108643,0.4957355260848999,-0.04475141689181328,0.24656084179878235,0.4486390948295593,-0.058703940361738205,0.2581191956996918,0.41237199306488037,-0.06791122257709503,0.19000646471977234,0.5911008715629578,-0.0346829779446125,0.18381792306900024,0.5443947911262512,-0.052441395819187164,0.17985770106315613,0.5107667446136475,-0.06079837307333946,0.18020007014274597,0.48174023628234863,-0.06547749042510986,Help
0.2374187707901001,0.7255913019180298,5.603750423688325e-07,0.27849525213241577,0.7087180614471436,-0.024764345958828926,0.3197411298751831,0.6579102277755737,-0.03688325732946396,0.3491016924381256,0.6207984089851379,-0.04693107679486275,0.36973652243614197,0.5920127630233765,-0.05784653127193451,0.29489827156066895,0.5486330389976501,-0.02359139174222946,0.3139713406562805,0.4769817292690277,-0.04254993051290512,0.3211515247821808,0.42549774050712585,-0.05840255692601204,0.32467424869537354,0.38570234179496765,-0.06979946792125702,0.2639089524745941,0.5409672260284424,-0.026564031839370728,0.2812560796737671,0.4591045081615448,-0.04279370233416557,0.28895628452301025,0.40199005603790283,-0.05951604247093201,0.29679685831069946,0.35821962356567383,-0.07134270668029785,0.23050788044929504,0.5542963147163391,-0.03250393643975258,0.24285155534744263,0.481251060962677,-0.0501166433095932,0.2531658411026001,0.4290158152580261,-0.06588484346866608,0.26383742690086365,0.38672757148742676,-0.07684507966041565,0.19405090808868408,0.5864467620849609,-0.04030880331993103,0.18640246987342834,0.5450548529624939,-0.05956641584634781,0.18173092603683472,0.5123354196548462,-0.06920132786035538,0.18007610738277435,0.4837492108345032,-0.07462490350008011,Help
0.22671526670455933,0.7524139881134033,5.598220695901546e-07,0.269618958234787,0.7316703796386719,-0.02549300156533718,0.3131508231163025,0.6736690998077393,-0.03381574526429176,0.3443695902824402,0.6362817287445068,-0.04071175307035446,0.3669557273387909,0.6098795533180237,-0.0473945289850235,0.2869722545146942,0.5687509179115295,-0.007696124259382486,0.3061252236366272,0.4959776997566223,-0.018388250842690468,0.31480884552001953,0.44728195667266846,-0.02896271087229252,0.3222599923610687,0.411655068397522,-0.036589089781045914,0.2543001174926758,0.5618357062339783,-0.007673023268580437,0.26760217547416687,0.4782037138938904,-0.015619177371263504,0.2767457664012909,0.42126503586769104,-0.025907108560204506,0.28813716769218445,0.37869566679000854,-0.03278522193431854,0.22155891358852386,0.5715004205703735,-0.012120328843593597,0.22936967015266418,0.49945470690727234,-0.023166900500655174,0.23683544993400574,0.45573747158050537,-0.0320977084338665,0.24571175873279572,0.4218219518661499,-0.03768858686089516,0.18535101413726807,0.5965205430984497,-0.01966952346265316,0.17822188138961792,0.549776017665863,-0.03373829275369644,0.17406338453292847,0.5159758925437927,-0.03995681554079056,0.17421726882457733,0.4840952157974243,-0.0428033173084259,Help
0.23216399550437927,0.7440177202224731,5.439287633635104e-07,0.27428972721099854,0.7247457504272461,-0.02866177260875702,0.3176339864730835,0.666672945022583,-0.03908606246113777,0.3458439111709595,0.6250192523002625,-0.047121312469244,0.36734604835510254,0.5929471850395203,-0.0551929697394371,0.28916195034980774,0.5553919672966003,-0.014771243557333946,0.3035467565059662,0.4803483188152313,-0.030212709680199623,0.3100931942462921,0.4254416823387146,-0.044134411960840225,0.3150670528411865,0.38568103313446045,-0.054166991263628006,0.256159245967865,0.549889326095581,-0.014149535447359085,0.26811692118644714,0.46795788407325745,-0.027104632928967476,0.275494247674942,0.4146721363067627,-0.04090868681669235,0.2854131758213043,0.3746422529220581,-0.05018513649702072,0.22328254580497742,0.561977744102478,-0.017770916223526,0.2301449179649353,0.48782527446746826,-0.03315162658691406,0.2364313304424286,0.44429028034210205,-0.04271448031067848,0.24538657069206238,0.411089688539505,-0.048458680510520935,0.18741437792778015,0.5909243226051331,-0.02446281909942627,0.1818253993988037,0.5416259169578552,-0.04137652739882469,0.18083909153938293,0.5091762542724609,-0.047522515058517456,0.18448293209075928,0.4813827872276306,-0.049917906522750854,Help
0.23220346868038177,0.746105432510376,6.310401658993214e-07,0.27432483434677124,0.7277646660804749,-0.029465608298778534,0.31968557834625244,0.6740285158157349,-0.04227840155363083,0.35000714659690857,0.6364878416061401,-0.05232031270861626,0.3734970688819885,0.6031625866889954,-0.06263868510723114,0.2908681333065033,0.5593942403793335,-0.02109188213944435,0.30729806423187256,0.48120129108428955,-0.04002954438328743,0.3146969676017761,0.4255148768424988,-0.056654658168554306,0.3206177353858948,0.3817374110221863,-0.06852705776691437,0.2587544023990631,0.551941454410553,-0.021220427006483078,0.27390554547309875,0.46536996960639954,-0.037502601742744446,0.28349700570106506,0.40447092056274414,-0.05482479929924011,0.2953073978424072,0.3589824438095093,-0.06690164655447006,0.2254181206226349,0.5636062622070312,-0.025102490559220314,0.23661769926548004,0.4844841957092285,-0.04297908395528793,0.24897488951683044,0.43207022547721863,-0.056586455553770065,0.2639768123626709,0.3905951976776123,-0.06559695303440094,0.18911048769950867,0.592910647392273,-0.03160973638296127,0.19725355505943298,0.5444884300231934,-0.05006001144647598,0.20754872262477875,0.5122862458229065,-0.057411596179008484,0.2212563306093216,0.4839732050895691,-0.06110412999987602,Help
0.2346353381872177,0.7511582970619202,6.22224604285293e-07,0.276195764541626,0.7319512963294983,-0.030212152749300003,0.3195595443248749,0.6798839569091797,-0.043661974370479584,0.3481561243534088,0.6428080797195435,-0.054289475083351135,0.3697587251663208,0.6093488931655884,-0.06542113423347473,0.2902581989765167,0.560613214969635,-0.02177250012755394,0.3069770932197571,0.4839082360267639,-0.040248848497867584,0.3140335977077484,0.42778822779655457,-0.05709483101963997,0.3186855912208557,0.3838554620742798,-0.06946908682584763,0.2585200369358063,0.5535961389541626,-0.021969860419631004,0.27383822202682495,0.4674363434314728,-0.03753471374511719,0.2825917899608612,0.4066814184188843,-0.055226750671863556,0.293287068605423,0.36041298508644104,-0.06786832958459854,0.2252718210220337,0.5664783716201782,-0.025851158425211906,0.23537346720695496,0.48669010400772095,-0.04351300001144409,0.24579955637454987,0.4362752139568329,-0.05798894912004471,0.2585598826408386,0.39602118730545044,-0.06781484931707382,0.18789002299308777,0.598297655582428,-0.032417550683021545,0.19058194756507874,0.5509665608406067,-0.05183146148920059,0.1964055597782135,0.5178764462471008,-0.060512278228998184,0.20547133684158325,0.4880801737308502,-0.06512255221605301,Help
0.23301751911640167,0.75312340259552,6.084871984057827e-07,0.2836605906486511,0.7200573086738586,-0.016299139708280563,0.31918251514434814,0.654960036277771,-0.019436972215771675,0.342467337846756,0.6081039905548096,-0.022359386086463928,0.35819244384765625,0.5732473731040955,-0.02547943778336048,0.28741368651390076,0.5546217560768127,0.0036434803623706102,0.3056303560733795,0.47864970564842224,-0.005154122598469257,0.3130083382129669,0.42589491605758667,-0.016230616718530655,0.3169097602367401,0.38389548659324646,-0.024513620883226395,0.2547580897808075,0.5482074022293091,0.001103915274143219,0.27126625180244446,0.4668457508087158,-0.004627310670912266,0.27960023283958435,0.41143688559532166,-0.01563967578113079,0.2894037365913391,0.3665596842765808,-0.0231965109705925,0.2201848179101944,0.5609059929847717,-0.0048890789039433,0.22873665392398834,0.4857977330684662,-0.01218861248344183,0.23789909482002258,0.43845808506011963,-0.018262585625052452,0.24868378043174744,0.39933958649635315,-0.022553257644176483,0.1823899745941162,0.5930467844009399,-0.013191220350563526,0.18082350492477417,0.5424145460128784,-0.02235272340476513,0.17983847856521606,0.5083901286125183,-0.02343594841659069,0.1825529932975769,0.4773375988006592,-0.02279473841190338,Help
0.23464009165763855,0.7378844618797302,6.280616844378528e-07,0.2764345705509186,0.7189242839813232,-0.027528725564479828,0.3175598680973053,0.6713396906852722,-0.0413689911365509,0.34689968824386597,0.6363269090652466,-0.052681926637887955,0.36996352672576904,0.6061984896659851,-0.0647442638874054,0.2905794382095337,0.5599641799926758,-0.026279717683792114,0.30892834067344666,0.48124006390571594,-0.045022930949926376,0.31625065207481384,0.4264254570007324,-0.06019341200590134,0.32092413306236267,0.38339656591415405,-0.07109289616346359,0.25748324394226074,0.5523838996887207,-0.027122236788272858,0.2729499340057373,0.4662649929523468,-0.04330980405211449,0.28238916397094727,0.4083615243434906,-0.059376973658800125,0.2929752767086029,0.36513811349868774,-0.07067132741212845,0.22333231568336487,0.5646277070045471,-0.030979512259364128,0.23298370838165283,0.48577454686164856,-0.04776175692677498,0.2431086301803589,0.4350180923938751,-0.060790449380874634,0.25535905361175537,0.39548224210739136,-0.06958352029323578,0.18691158294677734,0.5943841338157654,-0.03706390783190727,0.18423029780387878,0.5439001321792603,-0.05479143187403679,0.18601971864700317,0.5075316429138184,-0.06251253932714462,0.19165757298469543,0.4757257103919983,-0.06644859910011292,Help
0.22816205024719238,0.7445853352546692,5.921318688706378e-07,0.271404892206192,0.7250662446022034,-0.0278258565813303,0.31463098526000977,0.6742720603942871,-0.04092251509428024,0.3445377051830292,0.6358863711357117,-0.05139530450105667,0.3691340684890747,0.6040084362030029,-0.06255288422107697,0.28750649094581604,0.5616858005523682,-0.022179974243044853,0.30554723739624023,0.48329269886016846,-0.03962501138448715,0.3131190240383148,0.42820876836776733,-0.055098675191402435,0.3175859749317169,0.3849286139011383,-0.06646361202001572,0.25591370463371277,0.5542701482772827,-0.023145636543631554,0.273759126663208,0.4676385521888733,-0.038099389523267746,0.28262051939964294,0.4090445637702942,-0.05459769442677498,0.2920261323451996,0.3641045093536377,-0.06641115248203278,0.2225005328655243,0.5656691193580627,-0.027486098930239677,0.23468220233917236,0.4853171110153198,-0.043402835726737976,0.2442176640033722,0.4331105351448059,-0.05621807277202606,0.2555958926677704,0.39201945066452026,-0.06511148810386658,0.18539851903915405,0.5938054323196411,-0.034288279712200165,0.18528440594673157,0.53798907995224,-0.05088092014193535,0.18828526139259338,0.500533401966095,-0.05759815499186516,0.19522196054458618,0.4684300720691681,-0.06117464229464531,Help
0.22853176295757294,0.7373796701431274,5.142834993421275e-07,0.26953575015068054,0.7237298488616943,-0.029071232303977013,0.31303107738494873,0.6740005016326904,-0.04182593151926994,0.3429855406284332,0.6364824771881104,-0.05172867327928543,0.3641737103462219,0.6051334142684937,-0.06151885911822319,0.28492268919944763,0.5683720111846924,-0.02143673598766327,0.3005533218383789,0.49887514114379883,-0.03819889575242996,0.3074057400226593,0.45074132084846497,-0.052410855889320374,0.3136390447616577,0.414575457572937,-0.062093108892440796,0.25333091616630554,0.5609780550003052,-0.01920515112578869,0.26243698596954346,0.48539966344833374,-0.033085428178310394,0.2660359740257263,0.43636298179626465,-0.046237822622060776,0.2725669741630554,0.39761507511138916,-0.05510103702545166,0.22218352556228638,0.5691653490066528,-0.020684177055954933,0.22606535255908966,0.5032631754875183,-0.03423997014760971,0.22816058993339539,0.4594573378562927,-0.04338837042450905,0.23380319774150848,0.42524954676628113,-0.04904226213693619,0.1894395351409912,0.5929484367370605,-0.025224344804883003,0.18694384396076202,0.5420532822608948,-0.038302287459373474,0.18424785137176514,0.5073245763778687,-0.043165482580661774,0.1850721538066864,0.4788438677787781,-0.045171450823545456,Help
0.22470352053642273,0.7339667081832886,6.174221311994188e-07,0.2658977508544922,0.7168121337890625,-0.03310506418347359,0.311482310295105,0.6673932671546936,-0.04926728829741478,0.34181636571884155,0.6315449476242065,-0.06179612874984741,0.3653024733066559,0.6006057262420654,-0.07469664514064789,0.2900465428829193,0.5551519989967346,-0.030206259340047836,0.30610892176628113,0.4749029576778412,-0.051498331129550934,0.3125711679458618,0.41602784395217896,-0.06917564570903778,0.31746625900268555,0.37045836448669434,-0.08163921535015106,0.257953017950058,0.546960711479187,-0.0286201611161232,0.27386754751205444,0.461519718170166,-0.04749045521020889,0.28385332226753235,0.4024549424648285,-0.06524330377578735,0.295064777135849,0.3584473133087158,-0.07741263508796692,0.22477808594703674,0.5567110776901245,-0.030626287683844566,0.23663349449634552,0.4774235785007477,-0.04959644004702568,0.24625426530838013,0.42741313576698303,-0.06225651502609253,0.25767582654953003,0.3889842927455902,-0.07037468999624252,0.18920060992240906,0.5823063850402832,-0.035516999661922455,0.19826096296310425,0.5300004482269287,-0.05331457778811455,0.20629478991031647,0.4975927472114563,-0.05989784374833107,0.21730802953243256,0.47112295031547546,-0.06306719034910202,Help
0.22477684915065765,0.7361815571784973,6.18717422185e-07,0.2670893967151642,0.7197999358177185,-0.03114783577620983,0.3148760497570038,0.668875515460968,-0.045209817588329315,0.3439621925354004,0.6314459443092346,-0.05595741048455238,0.3660602569580078,0.5982105135917664,-0.06698842346668243,0.2894669771194458,0.55323326587677,-0.02569347620010376,0.30531299114227295,0.4741128087043762,-0.045924682170152664,0.3123985528945923,0.4154520034790039,-0.06295527517795563,0.31750568747520447,0.3693441152572632,-0.07494471967220306,0.25811463594436646,0.5459287762641907,-0.024743203073740005,0.27504533529281616,0.46146392822265625,-0.04237658903002739,0.28565239906311035,0.40305280685424805,-0.05958467349410057,0.2970198392868042,0.3586461842060089,-0.07128580659627914,0.22574159502983093,0.5563814043998718,-0.0274396650493145,0.2378539890050888,0.4781782329082489,-0.045653536915779114,0.24820303916931152,0.4281464219093323,-0.058048054575920105,0.260236918926239,0.38857996463775635,-0.06593333184719086,0.19088509678840637,0.582956850528717,-0.03297971934080124,0.20361070334911346,0.5317102074623108,-0.050421714782714844,0.21492139995098114,0.4998704493045807,-0.05693584308028221,0.2289527952671051,0.4727270305156708,-0.05997307598590851,Help
0.22472409904003143,0.7520166039466858,5.849746003150358e-07,0.26823702454566956,0.7282916903495789,-0.026610229164361954,0.31500837206840515,0.6692190170288086,-0.036871347576379776,0.34435030817985535,0.6291071772575378,-0.0450829342007637,0.36597511172294617,0.5942583084106445,-0.05356009677052498,0.28728944063186646,0.558199942111969,-0.013977904804050922,0.3046598434448242,0.4799099266529083,-0.030919274315238,0.3121158480644226,0.4255022406578064,-0.0464271605014801,0.3188474178314209,0.3831172585487366,-0.05755823478102684,0.25391685962677,0.5525357127189636,-0.015456659719347954,0.26908445358276367,0.4654245376586914,-0.03082098998129368,0.27877163887023926,0.40669479966163635,-0.04812509939074516,0.2915342450141907,0.36143821477890015,-0.06023690849542618,0.21968618035316467,0.5646907687187195,-0.02100188471376896,0.23050899803638458,0.4868762195110321,-0.03807319328188896,0.2411300390958786,0.4374581575393677,-0.05140920728445053,0.2559918165206909,0.39894118905067444,-0.06006564944982529,0.1826721578836441,0.5929698348045349,-0.029284438118338585,0.18809767067432404,0.5365567803382874,-0.04603711515665054,0.1946796178817749,0.5015320777893066,-0.05300746485590935,0.20667755603790283,0.47168371081352234,-0.056756507605314255,Help
0.22326834499835968,0.751322329044342,5.601682460110169e-07,0.2671085000038147,0.7276628613471985,-0.026058988645672798,0.3155900239944458,0.6663195490837097,-0.03465734049677849,0.34952521324157715,0.6245385408401489,-0.0411955751478672,0.3737177848815918,0.5914595127105713,-0.047630615532398224,0.2895427346229553,0.553224503993988,-0.008150595240294933,0.30747127532958984,0.474752813577652,-0.020774176344275475,0.3142334520816803,0.421969473361969,-0.034080058336257935,0.31986546516418457,0.3812515139579773,-0.043627455830574036,0.25462040305137634,0.546261191368103,-0.007874170318245888,0.2682875990867615,0.4605107605457306,-0.017299596220254898,0.27614232897758484,0.4034387469291687,-0.03112921305000782,0.28616034984588623,0.35995742678642273,-0.040714386850595474,0.2197655439376831,0.5576865673065186,-0.011739224195480347,0.2284815013408661,0.48214876651763916,-0.02273056097328663,0.23681272566318512,0.4347922205924988,-0.032831624150276184,0.24751316010951996,0.39738643169403076,-0.03975967690348625,0.18202519416809082,0.5860164761543274,-0.018675919622182846,0.18340691924095154,0.535717785358429,-0.030793488025665283,0.18509598076343536,0.5033852458000183,-0.03501974418759346,0.1905996948480606,0.4733462333679199,-0.03673105686903,Help
0.23326461017131805,0.7432909607887268,4.5820098648619023e-07,0.2794983386993408,0.7105004787445068,-0.024612443521618843,0.3187151849269867,0.6375661492347717,-0.03188297897577286,0.34032952785491943,0.5775572657585144,-0.036642830818891525,0.34730297327041626,0.5241376161575317,-0.0426211804151535,0.29300326108932495,0.5495502352714539,-0.020633352920413017,0.3040197789669037,0.4716348648071289,-0.037056270986795425,0.3091520071029663,0.4194457530975342,-0.049479711800813675,0.3119697868824005,0.38032472133636475,-0.05898822844028473,0.2593737840652466,0.5474221706390381,-0.02333003282546997,0.2685207724571228,0.45977306365966797,-0.03923189267516136,0.2755528688430786,0.4033849537372589,-0.05483214929699898,0.28273913264274597,0.36050575971603394,-0.06580755114555359,0.22375363111495972,0.5663315057754517,-0.029549388214945793,0.23215550184249878,0.4834272861480713,-0.05168095976114273,0.24137327075004578,0.43386757373809814,-0.06962823867797852,0.2513483762741089,0.3931831121444702,-0.08123660087585449,0.18720726668834686,0.6014489531517029,-0.037072885781526566,0.17689013481140137,0.5542908310890198,-0.06332691013813019,0.1735578179359436,0.5215215682983398,-0.07771410048007965,0.1726028323173523,0.49113160371780396,-0.08600060641765594,Help
0.2174072116613388,0.7628402709960938,-1.0864975763524853e-07,0.24950164556503296,0.7101882696151733,0.0015896649565547705,0.28029313683509827,0.6370894908905029,0.008396939374506474,0.304494172334671,0.5851578116416931,0.009146783500909805,0.31046271324157715,0.5503666400909424,0.011734453961253166,0.28717494010925293,0.593572735786438,0.040353529155254364,0.3044571578502655,0.5389742851257324,0.02769571915268898,0.30245184898376465,0.5591635704040527,0.015792248770594597,0.29753610491752625,0.5898212790489197,0.012084387242794037,0.25997018814086914,0.5906965732574463,0.03420531004667282,0.2772667109966278,0.5374605655670166,0.018817761912941933,0.27312713861465454,0.5814756155014038,0.008205100893974304,0.27019166946411133,0.6208159327507019,0.0090193971991539,0.23309314250946045,0.5956161022186279,0.023591553792357445,0.2518937587738037,0.5408856868743896,0.006128342822194099,0.24989411234855652,0.5897254943847656,0.006600940600037575,0.2456969916820526,0.6314865350723267,0.015485458076000214,0.20598261058330536,0.6083939671516418,0.012561663053929806,0.22127708792686462,0.5659621953964233,0.002221557544544339,0.2227734923362732,0.5967133045196533,0.0075370133854448795,0.22309575974941254,0.6258252263069153,0.017349906265735626,Help
0.22130858898162842,0.7661557197570801,-1.17159952850443e-08,0.27339497208595276,0.7280250787734985,-0.0024998581502586603,0.3065507411956787,0.6660594344139099,0.00414271280169487,0.32615822553634644,0.6147773265838623,0.005883344914764166,0.3295145630836487,0.5763816833496094,0.009456559084355831,0.2877517342567444,0.6140487194061279,0.041099730879068375,0.3031002879142761,0.5631814002990723,0.031649813055992126,0.30671241879463196,0.5810633897781372,0.02001183107495308,0.3057713508605957,0.6114398837089539,0.015938028693199158,0.25791364908218384,0.6058443188667297,0.03879767656326294,0.27641430497169495,0.5554072856903076,0.027322597801685333,0.28082075715065,0.5872209072113037,0.013897365890443325,0.2812713384628296,0.6235605478286743,0.011108718812465668,0.2267950028181076,0.6048230528831482,0.03191916644573212,0.2485959529876709,0.5572924613952637,0.019433457404375076,0.25291967391967773,0.594039261341095,0.014702542684972286,0.2504509389400482,0.6309775114059448,0.01804715394973755,0.19492466747760773,0.6112179756164551,0.024396561086177826,0.21650759875774384,0.5723567008972168,0.017895789816975594,0.22345687448978424,0.5949281454086304,0.020250726491212845,0.2238590270280838,0.6204684972763062,0.02647026628255844,Help
0.23897677659988403,0.7639171481132507,2.9313170557543344e-07,0.28128284215927124,0.7375519871711731,-0.011923960410058498,0.31989696621894836,0.6735414266586304,-0.013006065972149372,0.3383616507053375,0.6251673698425293,-0.01412746962159872,0.34406954050064087,0.5887017846107483,-0.01377722155302763,0.296150267124176,0.602963924407959,0.0070119621232151985,0.316570520401001,0.5570493936538696,-0.0052026002667844296,0.3250976502895355,0.5496618747711182,-0.01623695157468319,0.3289065659046173,0.5540024042129517,-0.021867208182811737,0.2678241729736328,0.5889359712600708,0.00452253594994545,0.28020456433296204,0.5308491587638855,-0.004327068105340004,0.2849479913711548,0.49518296122550964,-0.016491632908582687,0.2886055111885071,0.4690414369106293,-0.024269893765449524,0.237290620803833,0.5889929533004761,-0.0015889594797044992,0.24172301590442657,0.5275881886482239,-0.01175857987254858,0.24574014544487,0.4871315062046051,-0.020676743239164352,0.24955007433891296,0.45473551750183105,-0.02609226107597351,0.20553821325302124,0.6023276448249817,-0.009082089178264141,0.20876125991344452,0.5488075613975525,-0.01719835214316845,0.21135805547237396,0.5119132399559021,-0.019758859649300575,0.2156754732131958,0.47844398021698,-0.020652802661061287,Help
0.2258022576570511,0.7501744031906128,6.106694172558491e-07,0.28437748551368713,0.7087364792823792,-0.007793482393026352,0.31836020946502686,0.6391643285751343,-0.004370572976768017,0.3352469503879547,0.5859663486480713,-0.00302392547018826,0.34262749552726746,0.5387436151504517,-0.00245792418718338,0.2894878089427948,0.5550521016120911,0.02145923674106598,0.30395030975341797,0.46955186128616333,0.01748770661652088,0.3117084205150604,0.4130552411079407,0.008470739237964153,0.3167019486427307,0.3683614730834961,0.001212247647345066,0.25789639353752136,0.5475313067436218,0.015341364778578281,0.27214959263801575,0.4587966203689575,0.013575674965977669,0.2819191515445709,0.39650946855545044,0.0015496001578867435,0.29211440682411194,0.3500605821609497,-0.0072096181102097034,0.2242947518825531,0.556829035282135,0.0053713275119662285,0.23485907912254333,0.4762852191925049,0.001462771324440837,0.24501749873161316,0.4266468286514282,-0.006546629127115011,0.25726574659347534,0.3858823776245117,-0.01284557394683361,0.18715737760066986,0.5821178555488586,-0.006463482975959778,0.1926378458738327,0.5242052674293518,-0.012812715955078602,0.1984044313430786,0.4882224202156067,-0.014966278336942196,0.20883208513259888,0.4531528949737549,-0.016031866893172264,Help
0.21993139386177063,0.7534214854240417,4.980589665137813e-07,0.2712959051132202,0.7254472970962524,-0.019765933975577354,0.31726402044296265,0.660148561000824,-0.021524012088775635,0.33827129006385803,0.6112603545188904,-0.022326594218611717,0.34427422285079956,0.5687760710716248,-0.0230927262455225,0.2863878607749939,0.5678984522819519,0.0043924180790781975,0.30490171909332275,0.5020964741706848,-0.004674648866057396,0.31569209694862366,0.4577155113220215,-0.015712818130850792,0.3237353563308716,0.4258471727371216,-0.02379545569419861,0.2548122704029083,0.5595932602882385,0.0029663019813597202,0.27052801847457886,0.4848797023296356,-0.00499756820499897,0.2805926501750946,0.43141117691993713,-0.018907269462943077,0.2907567024230957,0.3901708722114563,-0.02821078523993492,0.22273331880569458,0.5674451589584351,-0.002798470202833414,0.23094813525676727,0.49413806200027466,-0.013699744828045368,0.2390136420726776,0.44579529762268066,-0.02501991018652916,0.24856595695018768,0.4063494801521301,-0.03222191706299782,0.18712545931339264,0.5922011137008667,-0.011022173799574375,0.1873863935470581,0.5394408702850342,-0.023475319147109985,0.18874818086624146,0.5032532215118408,-0.029150983318686485,0.1946830451488495,0.4699483811855316,-0.03183988854289055,Help
0.22020524740219116,0.7499632239341736,6.135002195151174e-07,0.2685186564922333,0.7239629626274109,-0.030833091586828232,0.31370145082473755,0.6626569628715515,-0.04560049995779991,0.34527814388275146,0.6184636950492859,-0.057557299733161926,0.3690377175807953,0.5824905633926392,-0.06976284086704254,0.28257548809051514,0.544791042804718,-0.022935040295124054,0.2998391091823578,0.4639109969139099,-0.04308374226093292,0.3076220452785492,0.4085521996021271,-0.060565266758203506,0.3146929442882538,0.3664076626300812,-0.07276472449302673,0.24871085584163666,0.5410497188568115,-0.02263225056231022,0.2653775215148926,0.45771193504333496,-0.039828378707170486,0.2744937539100647,0.4006827473640442,-0.05771348997950554,0.28611329197883606,0.3552367091178894,-0.07009956240653992,0.21355532109737396,0.5569241046905518,-0.026373477652668953,0.22415179014205933,0.48045921325683594,-0.04432285577058792,0.23158474266529083,0.43019652366638184,-0.05890947952866554,0.24218429625034332,0.39028024673461914,-0.06865593791007996,0.17585450410842896,0.5909697413444519,-0.03300958871841431,0.16972237825393677,0.5403445959091187,-0.05172347277402878,0.16651327908039093,0.5053538680076599,-0.060858845710754395,0.16849365830421448,0.4739029109477997,-0.0658087283372879,Help
0.22036826610565186,0.7507050037384033,6.296037895481277e-07,0.2649911046028137,0.7281309962272644,-0.028879713267087936,0.30662018060684204,0.671291708946228,-0.04378541558980942,0.3355858027935028,0.631841242313385,-0.0563431978225708,0.35806840658187866,0.6008961200714111,-0.06916714459657669,0.2803352475166321,0.5524128675460815,-0.02157609537243843,0.29789429903030396,0.47567877173423767,-0.042436596006155014,0.307556688785553,0.42042165994644165,-0.06085468456149101,0.3160203695297241,0.379094660282135,-0.0737704411149025,0.24761244654655457,0.5458757877349854,-0.02309374511241913,0.26364564895629883,0.46432286500930786,-0.041087180376052856,0.2744120657444,0.4069055914878845,-0.05890649929642677,0.28614574670791626,0.35866302251815796,-0.07107856124639511,0.21259698271751404,0.5590322613716125,-0.028647612780332565,0.22112910449504852,0.4844571352005005,-0.04749928414821625,0.23060652613639832,0.43590742349624634,-0.06071562319993973,0.24205976724624634,0.393521785736084,-0.06914497911930084,0.174771249294281,0.5910274386405945,-0.037026986479759216,0.1703336536884308,0.5381277203559875,-0.05608292669057846,0.1689957231283188,0.5025054216384888,-0.06392672657966614,0.17179353535175323,0.47025614976882935,-0.06774947047233582,Help
0.22157827019691467,0.7511104345321655,6.066249511604838e-07,0.2618374228477478,0.7272684574127197,-0.02350800298154354,0.3018885552883148,0.6718548536300659,-0.03579936921596527,0.33409297466278076,0.6358788013458252,-0.04766692593693733,0.35567817091941833,0.6028228998184204,-0.059572383761405945,0.25928330421447754,0.5781177878379822,-0.020742271095514297,0.2654305100440979,0.5032824873924255,-0.0428764633834362,0.26886916160583496,0.44932207465171814,-0.05970979481935501,0.2723795771598816,0.408047616481781,-0.07079370319843292,0.23239998519420624,0.5748293399810791,-0.02399243414402008,0.24037249386310577,0.4955240786075592,-0.04673248156905174,0.24976198375225067,0.43843382596969604,-0.06462734192609787,0.26072412729263306,0.39122873544692993,-0.07630502432584763,0.2036176174879074,0.5868889093399048,-0.030556175857782364,0.2154223471879959,0.528479814529419,-0.057906217873096466,0.2425285428762436,0.5295642018318176,-0.068973109126091,0.2676391899585724,0.5369167327880859,-0.07185591012239456,0.17445425689220428,0.6126845479011536,-0.03916589915752411,0.19035662710666656,0.5643723011016846,-0.062401723116636276,0.2144661247730255,0.5475068092346191,-0.06986120343208313,0.23844368755817413,0.5395352244377136,-0.07209815829992294,Help
0.21565333008766174,0.773461103439331,5.650862817674351e-07,0.2562447488307953,0.7449168562889099,-0.023131106048822403,0.29495951533317566,0.6911168098449707,-0.034491412341594696,0.3245168924331665,0.6519080996513367,-0.04441560059785843,0.34184736013412476,0.6193850040435791,-0.054301194846630096,0.2532810568809509,0.5978807210922241,-0.014830420725047588,0.26525166630744934,0.5279480218887329,-0.032539401203393936,0.27359944581985474,0.48119738698005676,-0.04692256450653076,0.2807302474975586,0.44669902324676514,-0.05649511516094208,0.22648301720619202,0.5916599035263062,-0.01756042055785656,0.23908266425132751,0.5153143405914307,-0.0346505343914032,0.24706213176250458,0.4579806327819824,-0.05021558701992035,0.256363183259964,0.408173531293869,-0.060636136680841446,0.19854533672332764,0.5998145937919617,-0.023954881355166435,0.20456230640411377,0.5296108722686768,-0.040732815861701965,0.21392664313316345,0.49091124534606934,-0.049165815114974976,0.22537781298160553,0.45895063877105713,-0.053532280027866364,0.16877375543117523,0.62384432554245,-0.03303077071905136,0.17142552137374878,0.5630988478660583,-0.047476764768362045,0.1771877110004425,0.5249143838882446,-0.05143285170197487,0.1863577961921692,0.4938955008983612,-0.05284498631954193,Help
0.2215283364057541,0.7570379972457886,6.27239955974801e-07,0.2623019516468048,0.7404119372367859,-0.0297849178314209,0.3059299886226654,0.6804575324058533,-0.043238427489995956,0.3351600468158722,0.6398126482963562,-0.05434529855847359,0.35413336753845215,0.6034592986106873,-0.06545770913362503,0.2648506760597229,0.5808513760566711,-0.026170434430241585,0.2727707028388977,0.5074982643127441,-0.04970366507768631,0.2771362364292145,0.45424771308898926,-0.06720201671123505,0.28142595291137695,0.41345375776290894,-0.07862689346075058,0.23286893963813782,0.5779306292533875,-0.02687814086675644,0.24031874537467957,0.498920738697052,-0.05032144486904144,0.24762524664402008,0.4392622113227844,-0.0681687518954277,0.25796958804130554,0.38857582211494446,-0.07952864468097687,0.2006072849035263,0.5923952460289001,-0.031524498015642166,0.2077995240688324,0.5290073752403259,-0.05957818403840065,0.22309495508670807,0.5149020552635193,-0.07089050859212875,0.2401958853006363,0.5058031678199768,-0.07429071515798569,0.16766883432865143,0.6227917671203613,-0.03861032798886299,0.17819291353225708,0.5785136222839355,-0.06331740319728851,0.19320638477802277,0.5591199398040771,-0.07089021056890488,0.2096775621175766,0.5449304580688477,-0.07298728078603745,Help
0.20988884568214417,0.7564365863800049,6.915155381648219e-07,0.25814029574394226,0.7348261475563049,-0.030280616134405136,0.3012906610965729,0.6854432821273804,-0.04812012240290642,0.3345871567726135,0.6468594074249268,-0.0630868598818779,0.3603382408618927,0.6154430508613586,-0.0787830576300621,0.2761715352535248,0.5647639036178589,-0.032874930649995804,0.2962317168712616,0.48349520564079285,-0.05658533051609993,0.30602025985717773,0.42320168018341064,-0.07649632543325424,0.31305837631225586,0.3747556209564209,-0.09079662710428238,0.243553027510643,0.5565391778945923,-0.03404756262898445,0.25832638144493103,0.4720647931098938,-0.05621376633644104,0.26732322573661804,0.4099658131599426,-0.07726865261793137,0.27883583307266235,0.3566930592060089,-0.09204702079296112,0.20942077040672302,0.5698180198669434,-0.03782609477639198,0.21797682344913483,0.49138036370277405,-0.058473870158195496,0.227934792637825,0.43618643283843994,-0.07223247736692429,0.24071186780929565,0.3892219066619873,-0.08149335533380508,0.173764169216156,0.6030644178390503,-0.04407033324241638,0.17491492629051208,0.5473934412002563,-0.06299564242362976,0.17841805517673492,0.5110346674919128,-0.06932390481233597,0.18436554074287415,0.47995927929878235,-0.07232663035392761,Help
0.2115027904510498,0.7560687065124512,5.649590093526058e-07,0.2680498957633972,0.718509316444397,-0.015763578936457634,0.3038032054901123,0.6488040685653687,-0.021739937365055084,0.3227601647377014,0.5858423709869385,-0.026212021708488464,0.32545632123947144,0.5365239977836609,-0.03185615688562393,0.2870054841041565,0.5737711191177368,-0.02102045714855194,0.3076733350753784,0.4888461232185364,-0.03981843218207359,0.3166864812374115,0.42824500799179077,-0.055130284279584885,0.32313159108161926,0.37814414501190186,-0.06611187756061554,0.2551139295101166,0.5619643926620483,-0.025541719049215317,0.27309900522232056,0.47626468539237976,-0.04803837090730667,0.2801092267036438,0.4101863503456116,-0.06939035654067993,0.2879927456378937,0.35574591159820557,-0.08370841294527054,0.21987619996070862,0.5722852349281311,-0.030640892684459686,0.22962075471878052,0.49244222044944763,-0.050949547439813614,0.23903287947177887,0.43259188532829285,-0.06408729404211044,0.24986214935779572,0.38211315870285034,-0.07259438931941986,0.1808108240365982,0.6007832884788513,-0.036338429898023605,0.17786286771297455,0.5435425043106079,-0.05477273464202881,0.1810632050037384,0.5063661336898804,-0.06007470190525055,0.18501457571983337,0.46934032440185547,-0.062327492982149124,Help
0.21374666690826416,0.7589316368103027,5.731993724111817e-07,0.269227534532547,0.725242018699646,-0.022913455963134766,0.30801916122436523,0.6589261293411255,-0.030994398519396782,0.3347719609737396,0.6001552939414978,-0.03685056045651436,0.3521885871887207,0.5566730499267578,-0.04298204183578491,0.2895735800266266,0.5661517977714539,-0.018991651013493538,0.3083110749721527,0.47952085733413696,-0.035399630665779114,0.3150483965873718,0.4198731780052185,-0.05024410039186478,0.32025739550590515,0.3702479302883148,-0.06179676949977875,0.2553989291191101,0.5551226139068604,-0.02068168856203556,0.2719336748123169,0.4647802710533142,-0.03995655104517937,0.2794836163520813,0.3997113108634949,-0.060905616730451584,0.2880188822746277,0.3461182415485382,-0.075621597468853,0.21916553378105164,0.567269504070282,-0.024141255766153336,0.22850577533245087,0.48142126202583313,-0.04297514632344246,0.23788627982139587,0.4246301054954529,-0.05720454454421997,0.24876171350479126,0.3774438500404358,-0.06694846600294113,0.1813080906867981,0.5995309948921204,-0.029258761554956436,0.1771237850189209,0.5405418872833252,-0.048304181545972824,0.17726394534111023,0.5068740844726562,-0.05524921789765358,0.17880529165267944,0.47326380014419556,-0.058827608823776245,Help
0.22116020321846008,0.7531699538230896,5.582509743362607e-07,0.2736152410507202,0.733579158782959,-0.03577956184744835,0.31249764561653137,0.6628230810165405,-0.04656964913010597,0.3237079381942749,0.59608393907547,-0.05253303423523903,0.316739559173584,0.5413907170295715,-0.05861953645944595,0.3056390583515167,0.5881150960922241,-0.028878947719931602,0.3280908763408661,0.5084692239761353,-0.04971297085285187,0.3369717597961426,0.44881248474121094,-0.06590762734413147,0.3412194848060608,0.4024938642978668,-0.07702203840017319,0.27416709065437317,0.5675027370452881,-0.023318659514188766,0.29183971881866455,0.48006826639175415,-0.0445060208439827,0.30111581087112427,0.4143064618110657,-0.06372638046741486,0.30863672494888306,0.3635968565940857,-0.07597192376852036,0.23934637010097504,0.5666255354881287,-0.021828491240739822,0.250153124332428,0.4794607162475586,-0.04514727741479874,0.2590475082397461,0.4194211959838867,-0.0641990527510643,0.26676905155181885,0.3711854815483093,-0.075289785861969,0.2021906077861786,0.5794835090637207,-0.022625228390097618,0.20720674097537994,0.5127637386322021,-0.04556526988744736,0.20947076380252838,0.4653332233428955,-0.05896708369255066,0.21296772360801697,0.42401862144470215,-0.06635207682847977,Help
0.23710402846336365,0.7566861510276794,5.181657911634829e-07,0.2851778268814087,0.7213103771209717,-0.015110594220459461,0.3236062824726105,0.6597797870635986,-0.01773921027779579,0.347301721572876,0.6221235990524292,-0.02081591822206974,0.3653727173805237,0.5885987877845764,-0.024652201682329178,0.2866647243499756,0.5639769434928894,0.001121601788327098,0.304099440574646,0.48945948481559753,-0.010541069321334362,0.31240105628967285,0.43515557050704956,-0.023039914667606354,0.31877243518829346,0.3927745819091797,-0.032638661563396454,0.25496938824653625,0.558298647403717,-0.0034951670095324516,0.268880158662796,0.4793160557746887,-0.013923143967986107,0.27774176001548767,0.4230263829231262,-0.0291155856102705,0.28790295124053955,0.3789663314819336,-0.040296364575624466,0.22120821475982666,0.5694428086280823,-0.011575763113796711,0.227122962474823,0.4969080984592438,-0.024586360901594162,0.23450660705566406,0.45352110266685486,-0.03654632717370987,0.24400420486927032,0.41748589277267456,-0.04483233764767647,0.18380418419837952,0.596300482749939,-0.021484408527612686,0.17659899592399597,0.5459257364273071,-0.03643917292356491,0.17587846517562866,0.51194828748703,-0.043728526681661606,0.17973574995994568,0.47938913106918335,-0.04786476492881775,Help
0.2291792631149292,0.7498281002044678,4.576905325848202e-07,0.2782677710056305,0.7261149287223816,-0.02381621114909649,0.3255043625831604,0.6635918617248535,-0.030417390167713165,0.3527785837650299,0.6176744699478149,-0.034797023981809616,0.36919450759887695,0.5747890472412109,-0.03979792073369026,0.28865233063697815,0.5665150284767151,-0.015555957332253456,0.30290818214416504,0.4921763837337494,-0.03101007640361786,0.3100060522556305,0.4358568787574768,-0.04421644285321236,0.3136741816997528,0.39403092861175537,-0.054025810211896896,0.2556484341621399,0.5618407726287842,-0.01705220714211464,0.2686615288257599,0.4816640019416809,-0.0307276900857687,0.2771640121936798,0.42782706022262573,-0.04516008123755455,0.28599295020103455,0.38771119713783264,-0.05554978922009468,0.22223833203315735,0.5749257206916809,-0.022192714735865593,0.2300802767276764,0.49903547763824463,-0.039002954959869385,0.23778660595417023,0.4522784948348999,-0.05070754140615463,0.24700725078582764,0.41345804929733276,-0.058376431465148926,0.1856456995010376,0.6032236814498901,-0.029509205371141434,0.18126153945922852,0.5506928563117981,-0.04832176864147186,0.1807345747947693,0.5152133107185364,-0.056422531604766846,0.1839182823896408,0.4809994697570801,-0.06077001616358757,Help
0.22724899649620056,0.7679684162139893,6.146118494143593e-07,0.27343928813934326,0.7430397868156433,-0.03039090521633625,0.31460586190223694,0.6861910820007324,-0.041911531239748,0.3431077003479004,0.6418691277503967,-0.05125280097126961,0.3662882447242737,0.6095433831214905,-0.0594668947160244,0.28553903102874756,0.5491282939910889,-0.0033822301775217056,0.29417112469673157,0.4685925841331482,-0.011438499204814434,0.2968488037586212,0.4151657819747925,-0.022787246853113174,0.2986261248588562,0.3741847276687622,-0.03151028975844383,0.2507912814617157,0.543872594833374,-0.0008901646942831576,0.2587282657623291,0.4573744535446167,-0.0033231282141059637,0.2630710005760193,0.40234440565109253,-0.012330569326877594,0.2704823911190033,0.3600572943687439,-0.018822014331817627,0.21680808067321777,0.5580359101295471,-0.003521901788190007,0.2218385636806488,0.4795064926147461,-0.009032643400132656,0.22802166640758514,0.43146437406539917,-0.014424302615225315,0.2361387014389038,0.3920489549636841,-0.01823464408516884,0.1799280196428299,0.5915234684944153,-0.010174994356930256,0.17639422416687012,0.5314034819602966,-0.019153965637087822,0.17544229328632355,0.49606114625930786,-0.020485902205109596,0.1782589703798294,0.46385857462882996,-0.019732031971216202,Help
0.23274752497673035,0.7444998621940613,6.350937837851234e-07,0.2750914692878723,0.7262470722198486,-0.02740122564136982,0.31949761509895325,0.6751615405082703,-0.04021520912647247,0.349504292011261,0.6401358246803284,-0.05113911256194115,0.3707924485206604,0.6077063083648682,-0.06201498210430145,0.2855934500694275,0.5493634343147278,-0.01681845262646675,0.2977365255355835,0.4714077115058899,-0.03315224498510361,0.30359557271003723,0.41626811027526855,-0.04858209565281868,0.3076723515987396,0.3714776635169983,-0.05977286770939827,0.25034481287002563,0.5447543859481812,-0.017980070784687996,0.25876176357269287,0.45963382720947266,-0.02995029278099537,0.2647492289543152,0.40071505308151245,-0.04485209286212921,0.2738502323627472,0.35518985986709595,-0.05551480874419212,0.21682791411876678,0.559921145439148,-0.022813647985458374,0.2218300700187683,0.4824538826942444,-0.03668360039591789,0.22918206453323364,0.4310833215713501,-0.0474402979016304,0.23996180295944214,0.3893401622772217,-0.054405830800533295,0.18222320079803467,0.5955017805099487,-0.030544692650437355,0.1816960573196411,0.5396420955657959,-0.045623358339071274,0.18385684490203857,0.5022313594818115,-0.05045997351408005,0.18994802236557007,0.46982240676879883,-0.05206465721130371,Help
0.24594372510910034,0.7532061338424683,6.297423738033103e-07,0.2869884669780731,0.7244614958763123,-0.025213925167918205,0.3265419900417328,0.6630533337593079,-0.034646205604076385,0.35958659648895264,0.6250128149986267,-0.04258302226662636,0.3816066384315491,0.5909202694892883,-0.05145455151796341,0.28391775488853455,0.565801203250885,-0.012623794376850128,0.29164114594459534,0.49687206745147705,-0.02918875217437744,0.29479387402534485,0.44110777974128723,-0.04400672763586044,0.29870879650115967,0.40110689401626587,-0.05451150983572006,0.24981620907783508,0.5635038614273071,-0.013929038308560848,0.25411665439605713,0.4845227897167206,-0.028020726516842842,0.2575511932373047,0.42774301767349243,-0.043649084866046906,0.2663532495498657,0.3828177750110626,-0.05446843430399895,0.2163892388343811,0.5787065029144287,-0.01898454874753952,0.21782678365707397,0.502010703086853,-0.03827781230211258,0.22339487075805664,0.4559010863304138,-0.05123607814311981,0.23229847848415375,0.41957804560661316,-0.059117015451192856,0.18206055462360382,0.6115370392799377,-0.02613941952586174,0.1891210377216339,0.5689719915390015,-0.04637551307678223,0.20147261023521423,0.5539330244064331,-0.05255288630723953,0.21535806357860565,0.5427384376525879,-0.05483810231089592,Help
0.2366187423467636,0.7595527172088623,5.70051440718089e-07,0.2794196605682373,0.7322898507118225,-0.02653447538614273,0.32290521264076233,0.6757526993751526,-0.039284516125917435,0.35771775245666504,0.6386480927467346,-0.05030949041247368,0.3827854096889496,0.6082989573478699,-0.06155436858534813,0.27238136529922485,0.5635135769844055,-0.016026213765144348,0.27611660957336426,0.4866334795951843,-0.033357370644807816,0.27820077538490295,0.43117231130599976,-0.04864341393113136,0.2803804278373718,0.38936465978622437,-0.05942680686712265,0.24040521681308746,0.562735378742218,-0.0172736756503582,0.24240200221538544,0.4793217182159424,-0.03201228380203247,0.2449980527162552,0.41983920335769653,-0.04708249494433403,0.2515479624271393,0.3737226128578186,-0.05741210654377937,0.21018610894680023,0.5769076347351074,-0.022446805611252785,0.20919963717460632,0.4971027970314026,-0.03852173686027527,0.21372632682323456,0.4449734091758728,-0.049103960394859314,0.221962109208107,0.4030908942222595,-0.05543817952275276,0.17792634665966034,0.6083775162696838,-0.030434362590312958,0.17337077856063843,0.5495992302894592,-0.04652225971221924,0.17362838983535767,0.5102484226226807,-0.05231219530105591,0.17831599712371826,0.4749370813369751,-0.054569557309150696,Help
0.23491108417510986,0.7675806283950806,5.892762260373274e-07,0.2783562242984772,0.7387892007827759,-0.02425445057451725,0.3193923234939575,0.6813455820083618,-0.03465994819998741,0.3528105616569519,0.6455624103546143,-0.04417222738265991,0.3755943179130554,0.616861879825592,-0.05386313423514366,0.2721211314201355,0.5669803023338318,-0.0076845805160701275,0.2753535509109497,0.49161097407341003,-0.02350050024688244,0.27674639225006104,0.4355466365814209,-0.03941155597567558,0.27842068672180176,0.3921270966529846,-0.050841644406318665,0.2404853105545044,0.5673200488090515,-0.010149161331355572,0.2452058494091034,0.4849194288253784,-0.023129422217607498,0.24882292747497559,0.4256340265274048,-0.03892892226576805,0.25657516717910767,0.37927156686782837,-0.04980631172657013,0.20984891057014465,0.5815582275390625,-0.016732335090637207,0.21142339706420898,0.5042557716369629,-0.03150099143385887,0.21648243069648743,0.45291441679000854,-0.04135686531662941,0.22582246363162994,0.41084960103034973,-0.04714878648519516,0.17554539442062378,0.6134682893753052,-0.0263051837682724,0.17324736714363098,0.5552960634231567,-0.04124624282121658,0.1747545599937439,0.5166115760803223,-0.045626986771821976,0.1815006136894226,0.48083916306495667,-0.04687488451600075,Help
0.2246275544166565,0.7661487460136414,3.948157427657861e-07,0.26651209592819214,0.7411810159683228,-0.022227289155125618,0.3073714077472687,0.6857699751853943,-0.03302895650267601,0.3384700417518616,0.6494042277336121,-0.043105725198984146,0.35985487699508667,0.622039794921875,-0.053160157054662704,0.2696329355239868,0.6002793312072754,-0.011138017289340496,0.2765542268753052,0.5481617450714111,-0.02789657562971115,0.28782063722610474,0.5219791531562805,-0.04247718304395676,0.30011504888534546,0.510774552822113,-0.05199841037392616,0.2388906627893448,0.596235454082489,-0.011259615421295166,0.24114161729812622,0.5419691801071167,-0.02472734823822975,0.25176048278808594,0.5220105051994324,-0.03649148344993591,0.26596125960350037,0.5094197988510132,-0.04489749297499657,0.20757541060447693,0.6041920781135559,-0.015258461236953735,0.20911473035812378,0.5554907321929932,-0.0301123708486557,0.22569775581359863,0.5521235466003418,-0.03420209139585495,0.24355487525463104,0.5562615990638733,-0.03601923957467079,0.1762862503528595,0.6240505576133728,-0.021806946024298668,0.17675161361694336,0.5824294686317444,-0.034987978637218475,0.1902678906917572,0.5783795714378357,-0.03571700677275658,0.2054985761642456,0.5814123749732971,-0.03467338904738426,Help
0.2256537675857544,0.7726492881774902,3.298196133982856e-07,0.2676957845687866,0.7413424849510193,-0.01643623784184456,0.31257760524749756,0.6855167746543884,-0.022862263023853302,0.34469160437583923,0.6484826803207397,-0.029547717422246933,0.362821489572525,0.617495059967041,-0.03586936742067337,0.26711365580558777,0.6122685074806213,-0.0007905630627647042,0.2705352306365967,0.5646055340766907,-0.015011806972324848,0.2832636535167694,0.5542364716529846,-0.028411589562892914,0.29657042026519775,0.55690598487854,-0.03662553057074547,0.23779454827308655,0.6093558669090271,-0.001945675234310329,0.2424197942018509,0.5617499351501465,-0.01446615532040596,0.25666454434394836,0.5542438626289368,-0.026567034423351288,0.27190321683883667,0.5565071105957031,-0.03431945666670799,0.2078186273574829,0.6144249439239502,-0.006735631730407476,0.21375657618045807,0.5683503150939941,-0.02012183703482151,0.230392187833786,0.5637426376342773,-0.02495555393397808,0.2482326626777649,0.5673087239265442,-0.026948232203722,0.17732110619544983,0.6299182772636414,-0.013598263263702393,0.18533025681972504,0.5893588662147522,-0.025171812623739243,0.20197759568691254,0.5801659226417542,-0.026578685268759727,0.21982279419898987,0.5789415836334229,-0.025935465469956398,Help
0.21705621480941772,0.7699276208877563,5.959053055448749e-07,0.27242133021354675,0.7318534851074219,-0.014998494647443295,0.31175315380096436,0.6752438545227051,-0.02248021587729454,0.3424755036830902,0.634840726852417,-0.02957199700176716,0.3577680289745331,0.6028711199760437,-0.03694621101021767,0.26836273074150085,0.5717964172363281,-0.012370201759040356,0.275406152009964,0.4904075264930725,-0.025382142513990402,0.2776981294155121,0.4318317174911499,-0.0357547327876091,0.27933213114738464,0.3850666284561157,-0.04426329955458641,0.23784105479717255,0.5670406222343445,-0.01881735771894455,0.24554391205310822,0.4789053201675415,-0.03678245097398758,0.2491292804479599,0.4174874424934387,-0.05484909936785698,0.25718066096305847,0.3678223490715027,-0.0673142671585083,0.2054082304239273,0.5812772512435913,-0.026409264653921127,0.20630088448524475,0.4971454441547394,-0.043957147747278214,0.21016854047775269,0.4413401782512665,-0.054252300411462784,0.21871760487556458,0.3960533142089844,-0.060820698738098145,0.17200163006782532,0.613446831703186,-0.03523958474397659,0.17111924290657043,0.5500549674034119,-0.05210687592625618,0.1732621192932129,0.5120205283164978,-0.05670318379998207,0.17862319946289062,0.4759858548641205,-0.05853942409157753,Help
0.219480961561203,0.7701975107192993,5.908908065066498e-07,0.2675207257270813,0.7397451400756836,-0.02334274910390377,0.3098789155483246,0.6854668259620667,-0.03392041474580765,0.3434121310710907,0.6513412594795227,-0.0432465560734272,0.3634381890296936,0.619243860244751,-0.0528518371284008,0.26856905221939087,0.577809751033783,-0.01369275152683258,0.2776305675506592,0.5002318620681763,-0.030964039266109467,0.2820422649383545,0.4413681924343109,-0.04591354727745056,0.2847883999347687,0.3951660990715027,-0.05694374069571495,0.23817171156406403,0.5723495483398438,-0.01748778484761715,0.24579790234565735,0.4857997000217438,-0.03480765223503113,0.2513051927089691,0.4217010736465454,-0.053300730884075165,0.25900954008102417,0.37067919969558716,-0.06585231423377991,0.2063770294189453,0.5835610628128052,-0.024674491956830025,0.208823561668396,0.4988579750061035,-0.044231511652469635,0.21532054245471954,0.4419829249382019,-0.05865621939301491,0.22490203380584717,0.39336153864860535,-0.06732339411973953,0.17204266786575317,0.6123455166816711,-0.033972978591918945,0.17222553491592407,0.5516076683998108,-0.05397109314799309,0.17414256930351257,0.5100606679916382,-0.06266453117132187,0.18044443428516388,0.47085994482040405,-0.06684591621160507,Help
0.22895030677318573,0.7553272247314453,6.155476057756459e-07,0.2736641466617584,0.7248032093048096,-0.020899327471852303,0.31314897537231445,0.6674052476882935,-0.0314779169857502,0.34513935446739197,0.6311511993408203,-0.04086223617196083,0.36711204051971436,0.598968505859375,-0.05061781406402588,0.2688429355621338,0.5613789558410645,-0.019822726026177406,0.27547869086265564,0.47693127393722534,-0.03760099411010742,0.279355525970459,0.41868260502815247,-0.05098272114992142,0.28344014286994934,0.3723505735397339,-0.06105343997478485,0.23697267472743988,0.5607473254203796,-0.025187185034155846,0.24452203512191772,0.4686242938041687,-0.04517260938882828,0.2510019838809967,0.4030073881149292,-0.06373017281293869,0.26165738701820374,0.35334640741348267,-0.07641094923019409,0.20562590658664703,0.5791100859642029,-0.032863400876522064,0.20896585285663605,0.49258220195770264,-0.055808279663324356,0.21671277284622192,0.4356854557991028,-0.07052392512559891,0.22899039089679718,0.3901364803314209,-0.07939356565475464,0.17483097314834595,0.6152299046516418,-0.04182906076312065,0.18191292881965637,0.5588489174842834,-0.064568430185318,0.19240236282348633,0.5274839997291565,-0.07293876260519028,0.20576655864715576,0.4997231960296631,-0.07702993601560593,Help
0.22295618057250977,0.7733190655708313,5.28608893546334e-07,0.26665207743644714,0.7437955141067505,-0.023699697107076645,0.3078090250492096,0.6900891065597534,-0.03511769324541092,0.33913281559944153,0.6555245518684387,-0.045774850994348526,0.3584914207458496,0.622689962387085,-0.056612368673086166,0.2615503668785095,0.5778622031211853,-0.008215378038585186,0.26685088872909546,0.5026699900627136,-0.02452329359948635,0.26883891224861145,0.44656991958618164,-0.039800938218832016,0.2717675566673279,0.4068736433982849,-0.05017556995153427,0.231394425034523,0.5765872001647949,-0.010355522856116295,0.23451802134513855,0.4952266812324524,-0.023961540311574936,0.2359093278646469,0.43612825870513916,-0.039470069110393524,0.2433701455593109,0.3904324173927307,-0.050066232681274414,0.2024388611316681,0.587885320186615,-0.01662250980734825,0.20257031917572021,0.5124735832214355,-0.030515071004629135,0.2070806324481964,0.4626312851905823,-0.04015350714325905,0.2164590060710907,0.425054669380188,-0.04617103561758995,0.17114219069480896,0.6160473227500916,-0.025909939780831337,0.16823263466358185,0.5598729848861694,-0.03937087580561638,0.16859963536262512,0.5219530463218689,-0.04387051239609718,0.1744927316904068,0.49045711755752563,-0.04553283005952835,Help
0.22763167321681976,0.7628190517425537,5.590695764112752e-07,0.27523690462112427,0.7301107048988342,-0.019015243276953697,0.3165130913257599,0.6751440167427063,-0.02885735221207142,0.3490183353424072,0.6371766924858093,-0.03861900418996811,0.3699345886707306,0.6063265204429626,-0.04889627546072006,0.2679431438446045,0.5595886707305908,-0.0073639447800815105,0.2721371352672577,0.4809335768222809,-0.021582260727882385,0.27247390151023865,0.4247859716415405,-0.03481917828321457,0.2740787863731384,0.3835180401802063,-0.044120218604803085,0.2363416701555252,0.559124231338501,-0.011772598139941692,0.24095188081264496,0.4741405248641968,-0.023604251444339752,0.24224057793617249,0.41449955105781555,-0.037456266582012177,0.2492104172706604,0.36819419264793396,-0.04692196846008301,0.2058214545249939,0.5747907161712646,-0.019361665472388268,0.20658403635025024,0.4929409623146057,-0.032472990453243256,0.21069705486297607,0.4397798180580139,-0.04110072925686836,0.21920245885849,0.39762499928474426,-0.04668344184756279,0.17374971508979797,0.6085402965545654,-0.029157763347029686,0.17046499252319336,0.5483124256134033,-0.04270048439502716,0.17134100198745728,0.5111292004585266,-0.04568479582667351,0.17703667283058167,0.4791443347930908,-0.04612475633621216,Help
0.22491970658302307,0.7568439841270447,5.423391371550679e-07,0.2776387333869934,0.7220836877822876,-0.012308427132666111,0.31702011823654175,0.6624644994735718,-0.01778557524085045,0.3433797359466553,0.6202442646026611,-0.023554883897304535,0.36027294397354126,0.5866895914077759,-0.029624763876199722,0.2747529447078705,0.5549526214599609,-0.002623191336169839,0.2796793580055237,0.47835737466812134,-0.013682899065315723,0.27896979451179504,0.4237876534461975,-0.024507196620106697,0.27865585684776306,0.3807861804962158,-0.03269929438829422,0.2435751110315323,0.5537951588630676,-0.00917318370193243,0.2485940158367157,0.4701838493347168,-0.02059018425643444,0.24857161939144135,0.40966707468032837,-0.03421895205974579,0.2525688409805298,0.3611466884613037,-0.04351164028048515,0.21230986714363098,0.5695897936820984,-0.017868418246507645,0.214739590883255,0.48855721950531006,-0.03146449103951454,0.21818949282169342,0.4343715310096741,-0.03998022526502609,0.22454974055290222,0.38936829566955566,-0.045266639441251755,0.18128859996795654,0.6024031043052673,-0.027783364057540894,0.18893924355506897,0.5416991710662842,-0.04050207883119583,0.19842183589935303,0.5068552494049072,-0.042289018630981445,0.21038711071014404,0.4760148525238037,-0.04215039685368538,Help
0.22497878968715668,0.7606596946716309,5.924663923906337e-07,0.2784879207611084,0.7244696021080017,-0.01546206884086132,0.31836023926734924,0.6720780730247498,-0.025144288316369057,0.3488731384277344,0.6337379813194275,-0.034908145666122437,0.3696828782558441,0.6034457683563232,-0.045319024473428726,0.27623051404953003,0.5597666501998901,-0.01160968467593193,0.28161153197288513,0.4750898778438568,-0.024728698655962944,0.28395992517471313,0.41700509190559387,-0.03616377338767052,0.2866404950618744,0.371220201253891,-0.044681474566459656,0.2435852736234665,0.5580587983131409,-0.01743398793041706,0.24868397414684296,0.4675622582435608,-0.029693981632590294,0.25158190727233887,0.4055253863334656,-0.04277109354734421,0.25938618183135986,0.3562241792678833,-0.05208384618163109,0.2113437056541443,0.5735503435134888,-0.02528589405119419,0.21390265226364136,0.4867675006389618,-0.03859258070588112,0.21735984086990356,0.4301838278770447,-0.04626747593283653,0.22461682558059692,0.38401997089385986,-0.05129699409008026,0.1793142557144165,0.6056525111198425,-0.03471850976347923,0.18057489395141602,0.5373299717903137,-0.04872392863035202,0.18350058794021606,0.4946044683456421,-0.05182245746254921,0.18935412168502808,0.45529764890670776,-0.05253530293703079,Help
0.22619464993476868,0.7610327005386353,5.256557074062584e-07,0.2787702679634094,0.7184814810752869,-0.009415748529136181,0.3144233524799347,0.656694769859314,-0.013974043540656567,0.3394050598144531,0.6095582246780396,-0.019300494343042374,0.3506815433502197,0.5744096040725708,-0.02521047554910183,0.2731375992298126,0.5597558617591858,-0.0033412515185773373,0.2772367000579834,0.47733932733535767,-0.014647932723164558,0.27648454904556274,0.4209557771682739,-0.024728834629058838,0.2757769525051117,0.3774607479572296,-0.03227095305919647,0.24226820468902588,0.5581851005554199,-0.011072254739701748,0.24765096604824066,0.4674242436885834,-0.023111404851078987,0.2482253611087799,0.40650296211242676,-0.03584913909435272,0.25286194682121277,0.35826414823532104,-0.04439590498805046,0.2101728320121765,0.5739174485206604,-0.02051776461303234,0.2128293663263321,0.4890645444393158,-0.033910561352968216,0.21577592194080353,0.43452566862106323,-0.04133537784218788,0.22204966843128204,0.3898772597312927,-0.04596090689301491,0.17668573558330536,0.6066458225250244,-0.030877919867634773,0.17768827080726624,0.5430750250816345,-0.04433460161089897,0.18132515251636505,0.5042020678520203,-0.04647040739655495,0.1879810094833374,0.4686550498008728,-0.046480558812618256,Help
0.21859921514987946,0.7639018297195435,5.185736426938092e-07,0.27559715509414673,0.7246500253677368,-0.01467894483357668,0.31430408358573914,0.666792094707489,-0.02126544900238514,0.34161996841430664,0.6240379810333252,-0.027543064206838608,0.3580024242401123,0.5964080691337585,-0.03324764221906662,0.2726028561592102,0.558544933795929,-0.004013453144580126,0.275565505027771,0.4779507517814636,-0.01480183843523264,0.27330172061920166,0.42068564891815186,-0.024527769535779953,0.27147233486175537,0.3772483468055725,-0.03178068995475769,0.24249547719955444,0.5563998222351074,-0.00842086412012577,0.2459447681903839,0.47067990899086,-0.022089404985308647,0.24230845272541046,0.41036808490753174,-0.034445952624082565,0.24338340759277344,0.3595186471939087,-0.04187316820025444,0.21007488667964935,0.5725440382957458,-0.014875033870339394,0.21227669715881348,0.49355360865592957,-0.029163623228669167,0.21161243319511414,0.43737930059432983,-0.03241490572690964,0.21465317904949188,0.39093220233917236,-0.032970670610666275,0.1791304051876068,0.6075261831283569,-0.022963158786296844,0.18023283779621124,0.5420267581939697,-0.03545559570193291,0.18248948454856873,0.5044066905975342,-0.03356421738862991,0.18517722189426422,0.46829140186309814,-0.02983040176331997,Help
0.2313079982995987,0.7616192102432251,5.336514163900574e-07,0.28083646297454834,0.72889244556427,-0.018769923597574234,0.3218519389629364,0.673704981803894,-0.027956584468483925,0.3518106937408447,0.6331641674041748,-0.036891236901283264,0.3719801902770996,0.6016449928283691,-0.046305153518915176,0.2779189646244049,0.5641323328018188,-0.011947252787649632,0.2794054448604584,0.4826602041721344,-0.02645820379257202,0.2783234715461731,0.4240844249725342,-0.03920393064618111,0.2768399715423584,0.3771694302558899,-0.04889369755983353,0.2476947158575058,0.5609524846076965,-0.017724715173244476,0.2511451244354248,0.4699172377586365,-0.03293711692094803,0.25146010518074036,0.40499240159988403,-0.04916934669017792,0.25371479988098145,0.3549864888191223,-0.060220230370759964,0.21746563911437988,0.5751350522041321,-0.026118600741028786,0.2156345248222351,0.48559367656707764,-0.043210115283727646,0.21525579690933228,0.4270210266113281,-0.055219490081071854,0.21675539016723633,0.3798832297325134,-0.062272507697343826,0.18418413400650024,0.6054114699363708,-0.036303166300058365,0.18247905373573303,0.5331200957298279,-0.053811073303222656,0.18274523317813873,0.48797380924224854,-0.06041840836405754,0.1852312982082367,0.4477080702781677,-0.06315906345844269,Help
0.22682791948318481,0.7595938444137573,5.024502343076165e-07,0.2779799699783325,0.7243870496749878,-0.013953057117760181,0.31414034962654114,0.6687287092208862,-0.02280614711344242,0.34331414103507996,0.629114031791687,-0.032481707632541656,0.3614906966686249,0.5973612666130066,-0.04311531037092209,0.27568674087524414,0.5633248090744019,-0.011626887135207653,0.27578112483024597,0.47803592681884766,-0.02677113004028797,0.2739447057247162,0.4184945821762085,-0.04023453965783119,0.2717161178588867,0.37047815322875977,-0.05047096684575081,0.24659334123134613,0.5612103343009949,-0.019749244675040245,0.2506228983402252,0.4692094922065735,-0.03603855520486832,0.24992237985134125,0.40322381258010864,-0.05287913605570793,0.25178322196006775,0.3526303172111511,-0.06455264240503311,0.21674707531929016,0.576331615447998,-0.02970173954963684,0.21808989346027374,0.487837553024292,-0.04578035697340965,0.21772846579551697,0.4279095232486725,-0.056467704474925995,0.21958868205547333,0.38052690029144287,-0.06316249072551727,0.18414761126041412,0.6073921322822571,-0.0410350002348423,0.18422092497348785,0.536522388458252,-0.05719100311398506,0.18468806147575378,0.49203553795814514,-0.06218278035521507,0.18722543120384216,0.4521753191947937,-0.06407127529382706,Help
0.23708659410476685,0.7554401755332947,5.514262397809944e-07,0.28240713477134705,0.7223545908927917,-0.01913507468998432,0.31974366307258606,0.6675049662590027,-0.028637021780014038,0.3454729914665222,0.6269792318344116,-0.036813583225011826,0.3598393499851227,0.5947701334953308,-0.04555210471153259,0.2744855284690857,0.5674435496330261,-0.018139081075787544,0.2742910385131836,0.485084593296051,-0.034872543066740036,0.2715657949447632,0.42814546823501587,-0.048731233924627304,0.2696579396724701,0.3813687562942505,-0.05930666998028755,0.2448417991399765,0.5660504102706909,-0.023342441767454147,0.2433374524116516,0.4742395579814911,-0.043077562004327774,0.24190571904182434,0.4088599681854248,-0.062257684767246246,0.24360577762126923,0.36085620522499084,-0.07529065757989883,0.21479931473731995,0.5844532251358032,-0.03024459071457386,0.2106451392173767,0.49758845567703247,-0.05252892151474953,0.21114729344844818,0.4351085424423218,-0.06671374291181564,0.21629664301872253,0.3858990967273712,-0.07500497251749039,0.18393081426620483,0.6198460459709167,-0.0380740724503994,0.18631593883037567,0.5593617558479309,-0.05880717560648918,0.19417409598827362,0.5226362943649292,-0.06555016338825226,0.20408371090888977,0.48941686749458313,-0.0686696320772171,Help
0.22913064062595367,0.7681143283843994,5.648906267197162e-07,0.2814774811267853,0.7346750497817993,-0.019859381020069122,0.32147377729415894,0.6827191710472107,-0.031053537502884865,0.3543805778026581,0.6470729112625122,-0.041768573224544525,0.376840204000473,0.616534948348999,-0.05352882668375969,0.278693288564682,0.5669832229614258,-0.01657284051179886,0.27739688754081726,0.4790458381175995,-0.030846018344163895,0.2747310400009155,0.41817307472229004,-0.04417937621474266,0.2714313566684723,0.3677259087562561,-0.054659511893987656,0.24813933670520782,0.5641564130783081,-0.022446615621447563,0.2493712306022644,0.4708036780357361,-0.03782270848751068,0.24629677832126617,0.40253183245658875,-0.056006237864494324,0.24545949697494507,0.35140302777290344,-0.06892754882574081,0.21710383892059326,0.5802652835845947,-0.030266400426626205,0.2161446064710617,0.4888535141944885,-0.046627018600702286,0.2134484201669693,0.42565539479255676,-0.059452131390571594,0.21471810340881348,0.37445878982543945,-0.06770739704370499,0.18360038101673126,0.6124759912490845,-0.0398096889257431,0.18280556797981262,0.5394220352172852,-0.05654556676745415,0.1825314164161682,0.49271103739738464,-0.062263958156108856,0.18585848808288574,0.4492250084877014,-0.06480228900909424,Help
0.23246443271636963,0.770026683807373,5.369166728996788e-07,0.28475791215896606,0.7313777208328247,-0.015103246085345745,0.3232326805591583,0.6780027747154236,-0.02430155500769615,0.3538036644458771,0.640652060508728,-0.033769845962524414,0.37475576996803284,0.6122834086418152,-0.043962858617305756,0.28017255663871765,0.5669947266578674,-0.010746922343969345,0.2782735824584961,0.47949060797691345,-0.02172495424747467,0.2754897475242615,0.4198068082332611,-0.03213658556342125,0.27243998646736145,0.37173372507095337,-0.0407429002225399,0.24949440360069275,0.5640997290611267,-0.01790197193622589,0.2507319152355194,0.4702204465866089,-0.03015860915184021,0.24765512347221375,0.4049087166786194,-0.044930532574653625,0.2476883828639984,0.35418885946273804,-0.055725082755088806,0.2180401086807251,0.57957524061203,-0.026775233447551727,0.21716174483299255,0.4887790083885193,-0.03982856497168541,0.21496418118476868,0.42765551805496216,-0.04969443008303642,0.2162761241197586,0.3783654570579529,-0.05658891424536705,0.18484723567962646,0.6122633218765259,-0.0372261144220829,0.18313664197921753,0.538475513458252,-0.052045680582523346,0.18242663145065308,0.4918968975543976,-0.05684956535696983,0.1841711401939392,0.4477907717227936,-0.05905204638838768,Help
0.2157765030860901,0.7613508701324463,5.10824293087353e-07,0.2765199840068817,0.7205990552902222,-0.01389527041465044,0.31788089871406555,0.6747916340827942,-0.018398815765976906,0.34840863943099976,0.6341445446014404,-0.020916884765028954,0.367814302444458,0.6078566908836365,-0.020978588610887527,0.27130255103111267,0.558019757270813,-0.006940571125596762,0.27310872077941895,0.47137215733528137,-0.02124040573835373,0.27055880427360535,0.41272199153900146,-0.032781414687633514,0.2687825858592987,0.3681476414203644,-0.04027149826288223,0.2436654269695282,0.5588882565498352,-0.011681150645017624,0.24171848595142365,0.4661130905151367,-0.031754299998283386,0.23684555292129517,0.4034233093261719,-0.047023989260196686,0.237164705991745,0.35354501008987427,-0.05548021197319031,0.20994864404201508,0.579307496547699,-0.017687588930130005,0.20997187495231628,0.5001035928726196,-0.041313286870718,0.21131311357021332,0.4427250027656555,-0.046755749732255936,0.21754974126815796,0.39622098207473755,-0.0459897555410862,0.1832684874534607,0.6246510148048401,-0.024160344153642654,0.18794392049312592,0.5703244805335999,-0.03410829231142998,0.20118984580039978,0.5698213577270508,-0.02273205667734146,0.20777805149555206,0.5782521963119507,-0.012007839977741241,Help
0.22511890530586243,0.7617455720901489,4.900261387774663e-07,0.27624860405921936,0.7278658151626587,-0.019113846123218536,0.316478431224823,0.6764580011367798,-0.030383849516510963,0.34703904390335083,0.6399015784263611,-0.041076306253671646,0.3676646947860718,0.6079022288322449,-0.052640415728092194,0.2746756970882416,0.568098247051239,-0.01725606434047222,0.275158554315567,0.4820375442504883,-0.03507302328944206,0.2721032202243805,0.42063042521476746,-0.0503203347325325,0.26915663480758667,0.37250885367393494,-0.061229459941387177,0.24508732557296753,0.5666843056678772,-0.02242336980998516,0.2461981475353241,0.4749346077442169,-0.0411798432469368,0.24261806905269623,0.4080904722213745,-0.05965207517147064,0.24249352514743805,0.3569127917289734,-0.07220190763473511,0.21507981419563293,0.5833137035369873,-0.029593637213110924,0.2148459255695343,0.4962720572948456,-0.04849455505609512,0.2127983272075653,0.4343806505203247,-0.060260217636823654,0.21438255906105042,0.38508182764053345,-0.06717822700738907,0.18316155672073364,0.615365743637085,-0.038255948573350906,0.18269959092140198,0.5496062636375427,-0.05551852658390999,0.1849415898323059,0.5073592662811279,-0.06017574667930603,0.1896306276321411,0.4693421721458435,-0.06170349195599556,Help
0.22934457659721375,0.754402756690979,4.948943796989624e-07,0.277466744184494,0.7245273590087891,-0.01951649785041809,0.3186395764350891,0.6717201471328735,-0.029844140633940697,0.3473750054836273,0.6351077556610107,-0.03915584087371826,0.3672873377799988,0.6053547859191895,-0.04953017458319664,0.2745947241783142,0.5663438439369202,-0.01939753070473671,0.27465111017227173,0.48321422934532166,-0.03851297125220299,0.2720727324485779,0.4227950870990753,-0.054458536207675934,0.2700662910938263,0.37510374188423157,-0.06617709249258041,0.24531973898410797,0.56582111120224,-0.025411080569028854,0.24356985092163086,0.4754541516304016,-0.04612815007567406,0.24064338207244873,0.4075873792171478,-0.06626690179109573,0.2417445182800293,0.3581172227859497,-0.07997318357229233,0.21585014462471008,0.5857112407684326,-0.03331456705927849,0.2131691575050354,0.4976035952568054,-0.056696970015764236,0.21293014287948608,0.43365854024887085,-0.07198040187358856,0.21703596413135529,0.3844389319419861,-0.08100531250238419,0.18491631746292114,0.6230682134628296,-0.04218613728880882,0.1861661970615387,0.5660519599914551,-0.06449709832668304,0.19403094053268433,0.5329222679138184,-0.0714060366153717,0.20393124222755432,0.5045138597488403,-0.07415807247161865,Help
0.22434991598129272,0.7690796256065369,5.365221795727848e-07,0.27700355648994446,0.7311509251594543,-0.018328867852687836,0.31715551018714905,0.6755227446556091,-0.02948056347668171,0.34920594096183777,0.637311577796936,-0.04063436761498451,0.3718375563621521,0.6036458611488342,-0.052578799426555634,0.2785855233669281,0.5661113262176514,-0.01589999720454216,0.28052839636802673,0.4780627191066742,-0.03406095132231712,0.27878421545028687,0.41634148359298706,-0.049456894397735596,0.2772583067417145,0.367368221282959,-0.0608888640999794,0.2481081783771515,0.5646799206733704,-0.022944601252675056,0.2529820501804352,0.468746542930603,-0.043375398963689804,0.25188344717025757,0.4009813368320465,-0.06314219534397125,0.2545440196990967,0.3478669822216034,-0.07660140842199326,0.21624313294887543,0.5825701951980591,-0.03209376707673073,0.21745485067367554,0.4913986921310425,-0.052363622933626175,0.21481546759605408,0.4285462200641632,-0.0641942024230957,0.2169472575187683,0.3789902925491333,-0.07113083451986313,0.1809738278388977,0.6164741516113281,-0.042807552963495255,0.17996594309806824,0.5469102263450623,-0.0613468736410141,0.1811356544494629,0.5041074752807617,-0.0662105605006218,0.18522128462791443,0.46553999185562134,-0.06779854744672775,Help
0.2315644770860672,0.7642888426780701,6.011184723320184e-07,0.2812929153442383,0.7283144593238831,-0.020526796579360962,0.32010960578918457,0.6750510931015015,-0.03376690298318863,0.350174218416214,0.6417350769042969,-0.04609675705432892,0.370251327753067,0.610130250453949,-0.059851083904504776,0.27760249376296997,0.567976713180542,-0.026651626452803612,0.27915456891059875,0.4792911410331726,-0.04938075691461563,0.27695122361183167,0.41813480854034424,-0.06748968362808228,0.2754402458667755,0.36841797828674316,-0.08083204180002213,0.24534788727760315,0.5686466693878174,-0.034531377255916595,0.24813447892665863,0.47163301706314087,-0.06221446767449379,0.24735084176063538,0.40317219495773315,-0.08720514178276062,0.2499895989894867,0.3527991473674774,-0.10387477278709412,0.2122819721698761,0.592113196849823,-0.0435890294611454,0.20906484127044678,0.49945589900016785,-0.07149527221918106,0.20719420909881592,0.4335278570652008,-0.08777634799480438,0.21175739169120789,0.3825228214263916,-0.09706541150808334,0.17706957459449768,0.6319323182106018,-0.05344255268573761,0.17157821357250214,0.5699681639671326,-0.07711032778024673,0.1748160868883133,0.5354157090187073,-0.08316238224506378,0.18131662905216217,0.5039951801300049,-0.0854685828089714,Help
0.2273838222026825,0.7507695555686951,4.887709792456008e-07,0.27554619312286377,0.7262932062149048,-0.021946797147393227,0.31993040442466736,0.6678594350814819,-0.02954379841685295,0.3464723229408264,0.6269834041595459,-0.03571576997637749,0.36352553963661194,0.5898597240447998,-0.041923537850379944,0.2888262867927551,0.5591922402381897,-0.012682025320827961,0.29438596963882446,0.47846508026123047,-0.027871746569871902,0.29528817534446716,0.42177388072013855,-0.041229233145713806,0.29497334361076355,0.3771620988845825,-0.05097057297825813,0.25718772411346436,0.5553381443023682,-0.015323454514145851,0.2614080011844635,0.46628791093826294,-0.030551817268133163,0.2634647786617279,0.40306973457336426,-0.04636819660663605,0.2660706341266632,0.35550937056541443,-0.0566774420440197,0.2246829718351364,0.5681232213973999,-0.02132098563015461,0.22512006759643555,0.47935694456100464,-0.03990614041686058,0.22600829601287842,0.423343300819397,-0.05359800532460213,0.228586345911026,0.37688517570495605,-0.06114666163921356,0.19003182649612427,0.5963354110717773,-0.029107362031936646,0.19020023941993713,0.5295475721359253,-0.048674676567316055,0.18953675031661987,0.48541057109832764,-0.05746601149439812,0.19129320979118347,0.4443284869194031,-0.061273932456970215,Help
0.23051708936691284,0.7557957172393799,5.162887077858613e-07,0.2787424325942993,0.726364016532898,-0.025783272460103035,0.3217736482620239,0.6681458950042725,-0.035268303006887436,0.3484484553337097,0.6281391978263855,-0.04292922094464302,0.36718276143074036,0.5890580415725708,-0.05077958479523659,0.2903227210044861,0.5585760474205017,-0.014378117397427559,0.29718953371047974,0.4777340292930603,-0.030591120943427086,0.29901322722435,0.4195970296859741,-0.04549061134457588,0.2990031838417053,0.374350368976593,-0.056285757571458817,0.2572595477104187,0.5552800297737122,-0.016361577436327934,0.2617660462856293,0.46542179584503174,-0.03202736750245094,0.2631598711013794,0.399511456489563,-0.04898152872920036,0.26455801725387573,0.35157468914985657,-0.06026339903473854,0.2242262065410614,0.5697862505912781,-0.022300690412521362,0.22614425420761108,0.4817560911178589,-0.04116470366716385,0.22749215364456177,0.42492127418518066,-0.05515146628022194,0.23094148933887482,0.3779062032699585,-0.06313673406839371,0.1882699429988861,0.6004179120063782,-0.0305769219994545,0.1887046992778778,0.534156322479248,-0.050634708255529404,0.1890786588191986,0.4895491600036621,-0.05934930592775345,0.19285714626312256,0.4474567770957947,-0.063216432929039,Help
0.22286628186702728,0.7544952630996704,4.761959644383751e-07,0.2676098942756653,0.7085905075073242,-0.01506467629224062,0.2952697277069092,0.6393933296203613,-0.019324149936437607,0.29946571588516235,0.5861173272132874,-0.023803237825632095,0.2858211398124695,0.5444502830505371,-0.029137536883354187,0.2782441973686218,0.5740171670913696,-0.00307696545496583,0.290045827627182,0.5061018466949463,-0.0190756693482399,0.29335686564445496,0.4547213912010193,-0.03425922989845276,0.29418283700942993,0.4122454524040222,-0.044544827193021774,0.25051891803741455,0.5690562725067139,-0.0064932783134281635,0.2608641982078552,0.4964068531990051,-0.020098283886909485,0.2633729577064514,0.4420633316040039,-0.03482440859079361,0.26624494791030884,0.3967970609664917,-0.04408732056617737,0.22098860144615173,0.5807207226753235,-0.012839149683713913,0.22510436177253723,0.511322021484375,-0.02729089744389057,0.22588863968849182,0.4638233780860901,-0.036599528044462204,0.226797416806221,0.42310357093811035,-0.041555676609277725,0.18861326575279236,0.6076998710632324,-0.020804041996598244,0.1926916092634201,0.5595481395721436,-0.03398763760924339,0.19532939791679382,0.5244117379188538,-0.03734108805656433,0.1982102394104004,0.49227774143218994,-0.03767068684101105,Help
0.20988106727600098,0.7659679651260376,4.833159437112045e-07,0.2548411786556244,0.7118261456489563,-0.005418028682470322,0.28237831592559814,0.6461640000343323,-0.008785278536379337,0.29500192403793335,0.5999730229377747,-0.014908282086253166,0.2958778142929077,0.5569934844970703,-0.022487131878733635,0.24891497194766998,0.5953694581985474,0.0033592942636460066,0.2631942629814148,0.5446946620941162,-0.015277892351150513,0.2764182686805725,0.5046733617782593,-0.032763589173555374,0.28836068511009216,0.4743843674659729,-0.04451447352766991,0.22630292177200317,0.593618631362915,-0.006456837989389896,0.24029241502285004,0.5328136682510376,-0.022922055795788765,0.24961543083190918,0.48362571001052856,-0.038631703704595566,0.2606202960014343,0.44634467363357544,-0.04946630075573921,0.20327553153038025,0.6046338081359863,-0.019222715869545937,0.2178732007741928,0.5454187393188477,-0.03747953847050667,0.23322081565856934,0.5065449476242065,-0.047157272696495056,0.25021979212760925,0.47582414746284485,-0.052940547466278076,0.18119098246097565,0.6296162009239197,-0.032869383692741394,0.20356787741184235,0.5931376814842224,-0.04998702183365822,0.22746053338050842,0.5721037983894348,-0.05501937493681908,0.25097671151161194,0.5560101270675659,-0.05736912786960602,Help
0.19864457845687866,0.7544828653335571,5.115206818118168e-07,0.2428233027458191,0.7122770547866821,-0.014384125359356403,0.2726128399372101,0.6542946100234985,-0.017454013228416443,0.28793027997016907,0.6006553769111633,-0.021502573043107986,0.2825087010860443,0.5516267418861389,-0.025456683710217476,0.2504875063896179,0.5645139217376709,0.01551475003361702,0.2644292712211609,0.4994410276412964,0.007598672062158585,0.2708660960197449,0.45234131813049316,-0.004477186128497124,0.2755184471607208,0.4161566495895386,-0.012659821659326553,0.22270582616329193,0.555412232875824,0.01289317850023508,0.23097825050354004,0.48242509365081787,0.0077393739484250546,0.23390978574752808,0.4298942983150482,-0.004652541130781174,0.23934270441532135,0.3869028091430664,-0.012655182741582394,0.1934037208557129,0.5601742267608643,0.006316457875072956,0.19589027762413025,0.4935305714607239,0.0003093442937824875,0.19827406108379364,0.4475800395011902,-0.005292183719575405,0.20301303267478943,0.41251713037490845,-0.008169002830982208,0.16102902591228485,0.5821433663368225,-0.002848273841664195,0.1602228730916977,0.5248562097549438,-0.009023015387356281,0.16048583388328552,0.48503726720809937,-0.008883594535291195,0.164472758769989,0.45222023129463196,-0.006938499864190817,Help
0.19535528123378754,0.7486728429794312,4.842441967412014e-07,0.24071745574474335,0.7130272388458252,-0.016083357855677605,0.26673105359077454,0.6523427963256836,-0.020510470494627953,0.2771350145339966,0.6025264263153076,-0.024566013365983963,0.27885448932647705,0.5635949969291687,-0.028737641870975494,0.2539062798023224,0.560663640499115,0.0012315004132688046,0.2700025141239166,0.4902656078338623,-0.009290509857237339,0.27768418192863464,0.43826785683631897,-0.02191668562591076,0.28265953063964844,0.3980400264263153,-0.03110499493777752,0.2259475290775299,0.5510584115982056,-0.0013045499799773097,0.237501859664917,0.4752340614795685,-0.010590878315269947,0.24252425134181976,0.41941404342651367,-0.024536486715078354,0.24864116311073303,0.37349599599838257,-0.034155167639255524,0.19573825597763062,0.5587261319160461,-0.00699197594076395,0.20357632637023926,0.4863884150981903,-0.01635129004716873,0.2100292295217514,0.43686971068382263,-0.025808880105614662,0.21730709075927734,0.39487946033477783,-0.0323488786816597,0.16149991750717163,0.5826584100723267,-0.014725843444466591,0.16281409561634064,0.5253205895423889,-0.024878861382603645,0.16523107886314392,0.4872291088104248,-0.028446923941373825,0.1708114892244339,0.4514269530773163,-0.029891667887568474,Help
0.1955571174621582,0.7417884469032288,1.9949114005157753e-07,0.23491472005844116,0.709863007068634,-0.011434836313128471,0.26242807507514954,0.6486631631851196,-0.015205778181552887,0.2730249762535095,0.5980544090270996,-0.020148465409874916,0.2725195288658142,0.556635320186615,-0.025026384741067886,0.23425710201263428,0.587174654006958,0.0015261078951880336,0.2439289689064026,0.5399619340896606,-0.012883951887488365,0.25442296266555786,0.5209541916847229,-0.025426415726542473,0.26470208168029785,0.5132691860198975,-0.03332730010151863,0.2068985253572464,0.5826830863952637,-0.0014939997345209122,0.21728618443012238,0.534400463104248,-0.015481249429285526,0.23052658140659332,0.5232550501823425,-0.025895658880472183,0.24320310354232788,0.5222707390785217,-0.03162276744842529,0.177561417222023,0.5880385637283325,-0.0077980682253837585,0.18637841939926147,0.5395757555961609,-0.02332824468612671,0.2035374641418457,0.5261464715003967,-0.027780968695878983,0.21830697357654572,0.5208191275596619,-0.028827901929616928,0.14846013486385345,0.6035961508750916,-0.01534648984670639,0.15876202285289764,0.5609795451164246,-0.029188061133027077,0.17788615822792053,0.5479484796524048,-0.03082996979355812,0.1957634538412094,0.5428051948547363,-0.029941903427243233,Help
0.19009089469909668,0.7430113554000854,4.763992080825119e-07,0.23370081186294556,0.7171395421028137,-0.018599774688482285,0.26766249537467957,0.6475125551223755,-0.024742120876908302,0.2812894880771637,0.5935549139976501,-0.030095728114247322,0.2850983738899231,0.5506345629692078,-0.03591272979974747,0.24091242253780365,0.5627179741859436,-0.008346132934093475,0.25150978565216064,0.49310392141342163,-0.023997154086828232,0.2539540231227875,0.4401806592941284,-0.037839606404304504,0.25746724009513855,0.4013751745223999,-0.04755788668990135,0.21087545156478882,0.5576090812683105,-0.01114487275481224,0.2189686894416809,0.48126471042633057,-0.02576581761240959,0.22241570055484772,0.42830318212509155,-0.0403294563293457,0.2284223884344101,0.38518327474594116,-0.049715567380189896,0.17943090200424194,0.5683647990226746,-0.017042821273207664,0.1832844316959381,0.49700605869293213,-0.03277004510164261,0.18911883234977722,0.4491797089576721,-0.04179617762565613,0.1971442848443985,0.40709948539733887,-0.04732628911733627,0.14546163380146027,0.5952652096748352,-0.024797288700938225,0.14601221680641174,0.5439291000366211,-0.03996368497610092,0.14947563409805298,0.5096004009246826,-0.04386763647198677,0.15562140941619873,0.4788803458213806,-0.04511110484600067,Help
0.18295592069625854,0.7500956654548645,4.426826762937708e-07,0.22879672050476074,0.7261214256286621,-0.022936459630727768,0.26107537746429443,0.665583610534668,-0.032723888754844666,0.2722717821598053,0.6125105023384094,-0.04102082923054695,0.26969289779663086,0.5741294026374817,-0.04978932812809944,0.2373005896806717,0.5859159827232361,-0.014795852825045586,0.24395090341567993,0.5206438899040222,-0.03208433836698532,0.24659352004528046,0.4684578776359558,-0.046124204993247986,0.2510901391506195,0.43271398544311523,-0.05534614995121956,0.20645900070667267,0.5798766016960144,-0.01452136691659689,0.21115492284297943,0.510211706161499,-0.02966614067554474,0.21453259885311127,0.4609162211418152,-0.042328476905822754,0.22008459270000458,0.42235642671585083,-0.04999740421772003,0.1749163419008255,0.5860387086868286,-0.017598383128643036,0.1738685667514801,0.5206855535507202,-0.03265112265944481,0.17856256663799286,0.47454163432121277,-0.03917332738637924,0.1841951310634613,0.43540340662002563,-0.042555343359708786,0.1422758400440216,0.6052097082138062,-0.02305079996585846,0.14009331166744232,0.5537413954734802,-0.03677307069301605,0.14381751418113708,0.5202757120132446,-0.03922291845083237,0.1493179351091385,0.4931813180446625,-0.03927469626069069,Help
0.19570501148700714,0.7419135570526123,4.772064130520448e-07,0.23525407910346985,0.7111087441444397,-0.015945320948958397,0.26412150263786316,0.6403956413269043,-0.020080072805285454,0.2764999270439148,0.5863050818443298,-0.023556839674711227,0.28176212310791016,0.5448889136314392,-0.027663283050060272,0.2315281629562378,0.5688226222991943,-0.00648647453635931,0.23770679533481598,0.5002979040145874,-0.02043192647397518,0.2412581741809845,0.44609713554382324,-0.032747890800237656,0.24659718573093414,0.4081510901451111,-0.04102880135178566,0.20112785696983337,0.5647525191307068,-0.009147807024419308,0.20501768589019775,0.4884854257106781,-0.02150082215666771,0.20959697663784027,0.43517231941223145,-0.033880814909935,0.2176658809185028,0.3934798240661621,-0.04176211357116699,0.1708393394947052,0.5735757350921631,-0.014614054001867771,0.1708548367023468,0.5029668211936951,-0.027559857815504074,0.1769818365573883,0.4557512402534485,-0.0340765006840229,0.18599218130111694,0.4167935252189636,-0.03770966827869415,0.13859617710113525,0.5983922481536865,-0.021838422864675522,0.1352090984582901,0.5440077185630798,-0.03376714140176773,0.13729342818260193,0.5088719725608826,-0.03549410402774811,0.143273264169693,0.479478120803833,-0.035249099135398865,Help
0.18644870817661285,0.751292884349823,5.171610837351182e-07,0.23414194583892822,0.7219976782798767,-0.01969609595835209,0.2712002098560333,0.6609210968017578,-0.02944996953010559,0.2952292561531067,0.6177822947502136,-0.03900652006268501,0.3108592629432678,0.5854334831237793,-0.04947059974074364,0.2390262484550476,0.5591943264007568,-0.008691159076988697,0.24760612845420837,0.48581433296203613,-0.0247709508985281,0.250858336687088,0.43176764249801636,-0.040348414331674576,0.25477805733680725,0.39202240109443665,-0.05121846869587898,0.2087617814540863,0.556637704372406,-0.011689922772347927,0.2138836681842804,0.48029500246047974,-0.02498043142259121,0.21664071083068848,0.42583605647087097,-0.040395524352788925,0.22274036705493927,0.38215458393096924,-0.05073070526123047,0.17763936519622803,0.5695424675941467,-0.017899511381983757,0.17617008090019226,0.4972047209739685,-0.031054610386490822,0.17888742685317993,0.4482269883155823,-0.04018102586269379,0.1845897138118744,0.4049834609031677,-0.04598916694521904,0.1441587507724762,0.5996264219284058,-0.02633516490459442,0.138522669672966,0.5447421669960022,-0.03895004093647003,0.1367999017238617,0.5091240406036377,-0.04180341958999634,0.13844747841358185,0.47742852568626404,-0.042306240648031235,Help
0.19310978055000305,0.7301695942878723,5.136604386279942e-07,0.24296383559703827,0.7033833265304565,-0.017079316079616547,0.2747528851032257,0.6370989084243774,-0.021605905145406723,0.28830504417419434,0.5844978094100952,-0.02491244673728943,0.2942880392074585,0.5455542206764221,-0.029199233278632164,0.2411884218454361,0.5545790195465088,-0.010901939123868942,0.253187358379364,0.4856779873371124,-0.025295253843069077,0.2584056258201599,0.43458640575408936,-0.03824076056480408,0.26221445202827454,0.39458224177360535,-0.04749459773302078,0.210915207862854,0.5467697978019714,-0.013148688711225986,0.22005990147590637,0.470162957906723,-0.026406632736325264,0.2263941913843155,0.4163493812084198,-0.03996461629867554,0.2342245727777481,0.37252193689346313,-0.048818256705999374,0.17972669005393982,0.5568658113479614,-0.01783129945397377,0.18140730261802673,0.48238226771354675,-0.03237335756421089,0.18735292553901672,0.4330347180366516,-0.041572265326976776,0.19508695602416992,0.39045342803001404,-0.04709701985120773,0.14643029868602753,0.5858916640281677,-0.02391146868467331,0.1430477499961853,0.5293645858764648,-0.038216471672058105,0.1448337435722351,0.49170222878456116,-0.0419565849006176,0.1500304788351059,0.45873188972473145,-0.042963121086359024,Help
0.18827122449874878,0.7628995180130005,5.414748898147081e-07,0.2316921204328537,0.7352258563041687,-0.024349290877580643,0.27123698592185974,0.6788011193275452,-0.036081939935684204,0.30146732926368713,0.6376250982284546,-0.046876560896635056,0.3223409950733185,0.6025519967079163,-0.057218581438064575,0.23958751559257507,0.5756639242172241,-0.006193237844854593,0.24867215752601624,0.5041771531105042,-0.022160325199365616,0.25510919094085693,0.4518572688102722,-0.03801313042640686,0.26319706439971924,0.4138612151145935,-0.04878893494606018,0.2105225920677185,0.5679073333740234,-0.006538488902151585,0.21698659658432007,0.4903491139411926,-0.019568368792533875,0.22324763238430023,0.4362212121486664,-0.034137021750211716,0.2327568531036377,0.392911434173584,-0.04369144141674042,0.1804579794406891,0.5728031396865845,-0.01117707323282957,0.1843021810054779,0.5010191798210144,-0.02390161342918873,0.19362246990203857,0.4568311274051666,-0.030829139053821564,0.2052537500858307,0.4211816191673279,-0.03447737172245979,0.14833314716815948,0.5911656618118286,-0.01890011504292488,0.14947128295898438,0.5358104705810547,-0.03027196228504181,0.15269877016544342,0.5004989504814148,-0.032311175018548965,0.15887463092803955,0.47037848830223083,-0.0319986417889595,Help
0.18493600189685822,0.755896806716919,5.491077104124997e-07,0.22331023216247559,0.7360774278640747,-0.0283967275172472,0.2572278678417206,0.6922938227653503,-0.04435335099697113,0.27930277585983276,0.6581337451934814,-0.059077080339193344,0.2949714660644531,0.629420816898346,-0.07315602153539658,0.23722437024116516,0.5837637782096863,-0.01286376640200615,0.24863813817501068,0.5196368098258972,-0.030548734590411186,0.25497549772262573,0.47328269481658936,-0.0469776876270771,0.261675089597702,0.4379896819591522,-0.05815718695521355,0.2095651775598526,0.5741658210754395,-0.012665885500609875,0.22018185257911682,0.5056149959564209,-0.027834124863147736,0.2261376976966858,0.45761924982070923,-0.04287462681531906,0.23481546342372894,0.4176565408706665,-0.052609991282224655,0.18026238679885864,0.5769287943840027,-0.017008289694786072,0.18610762059688568,0.5122972130775452,-0.03083500638604164,0.19355985522270203,0.4723893105983734,-0.038925375789403915,0.2029891461133957,0.4416327476501465,-0.04325394332408905,0.14760573208332062,0.5922237634658813,-0.024867264553904533,0.14665435254573822,0.5371091961860657,-0.03645050898194313,0.1473422348499298,0.500055193901062,-0.040006693452596664,0.15215255320072174,0.47088688611984253,-0.040979523211717606,Help
0.19194889068603516,0.7416889071464539,4.744861428207514e-07,0.23905333876609802,0.7127836346626282,-0.023403238505125046,0.27112171053886414,0.6448351144790649,-0.03143153712153435,0.28503933548927307,0.5862716436386108,-0.0381791852414608,0.28931868076324463,0.5403196811676025,-0.04520726203918457,0.2545217275619507,0.5634136199951172,-0.01342889666557312,0.2663511633872986,0.49107810854911804,-0.031531378626823425,0.26936936378479004,0.43575319647789,-0.04692704975605011,0.26994597911834717,0.3934202194213867,-0.05756096914410591,0.22506080567836761,0.5531048774719238,-0.014289536513388157,0.23803269863128662,0.47415250539779663,-0.03098726086318493,0.2427770495414734,0.41932106018066406,-0.04616333916783333,0.24676364660263062,0.3747634291648865,-0.05599667876958847,0.19277529418468475,0.5589552521705627,-0.018855638802051544,0.20270995795726776,0.4852764904499054,-0.036155760288238525,0.21056623756885529,0.4370694160461426,-0.04669930413365364,0.21761037409305573,0.39659708738327026,-0.05295906960964203,0.15688972175121307,0.579607367515564,-0.025731515139341354,0.1605665534734726,0.5233731269836426,-0.04073275625705719,0.1652180552482605,0.4891577661037445,-0.0449795201420784,0.17065547406673431,0.46144676208496094,-0.04670131579041481,Help
0.2368461638689041,0.7493313550949097,2.1108009207182477e-07,0.2784727215766907,0.7108199596405029,0.000308297312585637,0.3094235956668854,0.6595926284790039,0.0032034895848482847,0.32951438426971436,0.6232298612594604,0.0017599150305613875,0.33338528871536255,0.5930249691009521,0.0005896398215554655,0.283732146024704,0.6188524961471558,0.032620277255773544,0.298147052526474,0.5809159278869629,0.026350567117333412,0.3115893006324768,0.5771703124046326,0.015157210640609264,0.31993338465690613,0.5861495733261108,0.00954158790409565,0.2615424394607544,0.6101979613304138,0.02797483466565609,0.2766619920730591,0.5707577466964722,0.022111888974905014,0.2894144356250763,0.5688389539718628,0.008876901119947433,0.29921722412109375,0.581136167049408,0.0023648461792618036,0.23710764944553375,0.6046785712242126,0.02022821642458439,0.25067415833473206,0.564664363861084,0.018564289435744286,0.2628374993801117,0.5553690791130066,0.0144733227789402,0.27282238006591797,0.5562634468078613,0.013271810486912727,0.21201062202453613,0.6058191657066345,0.011331691406667233,0.2226114571094513,0.5646155476570129,0.014477993361651897,0.23044201731681824,0.542472779750824,0.018032193183898926,0.23833811283111572,0.5283899307250977,0.021469134837388992,Help
0.24584415555000305,0.7664501667022705,4.922609946333978e-07,0.31066587567329407,0.7195348143577576,-0.010969383642077446,0.34686172008514404,0.6522958874702454,-0.008599928580224514,0.3562225103378296,0.5999515652656555,-0.009628510102629662,0.3460400104522705,0.5775405168533325,-0.011295235715806484,0.3247123062610626,0.5830991864204407,0.040644075721502304,0.3373011350631714,0.5251370072364807,0.03769337013363838,0.34194499254226685,0.4854395389556885,0.024466270580887794,0.344468891620636,0.45904088020324707,0.014132104814052582,0.2931862771511078,0.5750083327293396,0.03761633485555649,0.3021867871284485,0.5148433446884155,0.03515514358878136,0.3067292273044586,0.47317785024642944,0.017624659463763237,0.31122887134552,0.45245110988616943,0.005106277298182249,0.2594475746154785,0.5789459347724915,0.029271423816680908,0.2664755582809448,0.5214505791664124,0.02477574534714222,0.2695167362689972,0.4843977689743042,0.014709879644215107,0.27358078956604004,0.4681183695793152,0.00809898879379034,0.22499583661556244,0.5964347720146179,0.01825782284140587,0.23109030723571777,0.5488186478614807,0.014735674485564232,0.23471009731292725,0.5170286893844604,0.012412323616445065,0.23950067162513733,0.4969485402107239,0.011236453428864479,Help
0.24686890840530396,0.764114260673523,5.567281959883985e-07,0.30961480736732483,0.7225092649459839,-0.01589718833565712,0.34569111466407776,0.6629010438919067,-0.019548917189240456,0.3622990548610687,0.6137942671775818,-0.026647936552762985,0.35787323117256165,0.5762462019920349,-0.03504393249750137,0.3213922381401062,0.581570565700531,0.03299720957875252,0.33357930183410645,0.5188171863555908,0.02789946459233761,0.33781102299690247,0.4755987524986267,0.012439265847206116,0.3395245671272278,0.4428424835205078,-0.0007940719369798899,0.2900499105453491,0.5762373208999634,0.0283744428306818,0.29902663826942444,0.509955108165741,0.02360645867884159,0.30200904607772827,0.4619162678718567,0.001973183127120137,0.3058556020259857,0.42976754903793335,-0.015139743685722351,0.2563549876213074,0.5808988213539124,0.01815684884786606,0.26161640882492065,0.5157878398895264,0.011076896451413631,0.26349252462387085,0.47570621967315674,-0.003698469139635563,0.26620393991470337,0.449912428855896,-0.015325948596000671,0.22187113761901855,0.5985304117202759,0.0048920162953436375,0.22610938549041748,0.5502250790596008,-0.00279918871819973,0.22780832648277283,0.5205081701278687,-0.00887959636747837,0.2302829921245575,0.4989287257194519,-0.014044279232621193,Help
0.24869629740715027,0.759998083114624,4.5831319539502147e-07,0.31120267510414124,0.7222296595573425,-0.002571526449173689,0.3443024456501007,0.6594222187995911,0.001074066385626793,0.3588106632232666,0.6106105446815491,-0.0006108764791861176,0.35311099886894226,0.5850820541381836,-0.0035354054998606443,0.31960511207580566,0.5861462950706482,0.04138120263814926,0.3332938253879547,0.5293266773223877,0.03723116219043732,0.34031814336776733,0.49202609062194824,0.024088572710752487,0.3437836468219757,0.46852946281433105,0.01413229200989008,0.28937259316444397,0.5779250860214233,0.0327313169836998,0.29897287487983704,0.5172969698905945,0.028856733813881874,0.30442696809768677,0.47856539487838745,0.011578439734876156,0.30859124660491943,0.4603070616722107,-0.0005940060946159065,0.25728556513786316,0.5802422761917114,0.019571013748645782,0.26436275243759155,0.5212507247924805,0.014265079982578754,0.268434077501297,0.48649507761001587,0.004001243505626917,0.27215275168418884,0.46989357471466064,-0.0030297019984573126,0.22481930255889893,0.5942665338516235,0.004557833541184664,0.22927077114582062,0.5468804240226746,-0.0004893015720881522,0.23198802769184113,0.516507089138031,-0.0036731590516865253,0.23565353453159332,0.49666646122932434,-0.005505621898919344,Help
0.26803189516067505,0.7529842257499695,5.746187525801361e-07,0.3174908757209778,0.7227041125297546,-0.020626254379749298,0.3642275035381317,0.6550149917602539,-0.023996999487280846,0.3902581036090851,0.6051942110061646,-0.026355808600783348,0.4042593240737915,0.5554808974266052,-0.028652047738432884,0.3337111175060272,0.5688101053237915,0.0028704232536256313,0.3534243106842041,0.5157542824745178,-0.012444318272173405,0.3682476878166199,0.4771720767021179,-0.02827220782637596,0.38076919317245483,0.44900959730148315,-0.03876589611172676,0.3022018074989319,0.5569005012512207,0.0012250076979398727,0.31981945037841797,0.48864543437957764,-0.012533163651823997,0.3345107436180115,0.43763163685798645,-0.029236821457743645,0.3505743145942688,0.39705127477645874,-0.040072862058877945,0.2677132785320282,0.5605270266532898,-0.005154817830771208,0.28308069705963135,0.4897893965244293,-0.022733895108103752,0.2980012893676758,0.44415566325187683,-0.034677691757678986,0.3156003952026367,0.40625864267349243,-0.040929898619651794,0.22944124042987823,0.5814101099967957,-0.013706648722290993,0.24311520159244537,0.5297783017158508,-0.030799763277173042,0.25493505597114563,0.4941471219062805,-0.036978162825107574,0.2702711224555969,0.4610424041748047,-0.03927193209528923,Help
0.2661287188529968,0.7613043189048767,5.686321173925535e-07,0.31146323680877686,0.7365067005157471,-0.021057412028312683,0.35583576560020447,0.6791496872901917,-0.026688607409596443,0.3850894570350647,0.641739010810852,-0.03158298879861832,0.40552210807800293,0.6054603457450867,-0.03671190142631531,0.3311712443828583,0.5768411755561829,-0.00012728178990073502,0.3533192574977875,0.5160720348358154,-0.013400939293205738,0.36587828397750854,0.4713321030139923,-0.0272973719984293,0.37693679332733154,0.43824243545532227,-0.037240058183670044,0.29993709921836853,0.5659989714622498,-0.0031062059570103884,0.31947803497314453,0.4906323254108429,-0.015391104854643345,0.33303284645080566,0.437245637178421,-0.03130829334259033,0.34965795278549194,0.3977953791618347,-0.04212138429284096,0.26560336351394653,0.5713090300559998,-0.01055040955543518,0.28052806854248047,0.49564236402511597,-0.02666245587170124,0.2944612205028534,0.4463515281677246,-0.03991318121552467,0.31266990303993225,0.40861743688583374,-0.04789890721440315,0.22662940621376038,0.5935264229774475,-0.020301496610045433,0.23471206426620483,0.5366076827049255,-0.03731956332921982,0.24331453442573547,0.4982314109802246,-0.04500512406229973,0.2576882243156433,0.46515795588493347,-0.04886622726917267,Help
0.26984140276908875,0.7578916549682617,6.1224665159898e-07,0.31224218010902405,0.7355725765228271,-0.02450735867023468,0.3561996817588806,0.6783155202865601,-0.03246253356337547,0.38522574305534363,0.6421629190444946,-0.03891605883836746,0.40436962246894836,0.6062811613082886,-0.045463819056749344,0.33329686522483826,0.5698318481445312,-0.00670758867636323,0.3541933000087738,0.5042583346366882,-0.021989207714796066,0.3653489351272583,0.45676717162132263,-0.03688139468431473,0.3751842975616455,0.4215650260448456,-0.047487035393714905,0.3002129793167114,0.5614742636680603,-0.008518447168171406,0.31754669547080994,0.4846634864807129,-0.02303657867014408,0.3302946090698242,0.42987895011901855,-0.04024733603000641,0.3458814322948456,0.39153945446014404,-0.05164903774857521,0.26542070508003235,0.5706058740615845,-0.014571893028914928,0.2798929810523987,0.49501273036003113,-0.032495688647031784,0.29426810145378113,0.44617846608161926,-0.046840693801641464,0.3127765953540802,0.40934059023857117,-0.05546572431921959,0.2273828387260437,0.5976310968399048,-0.022917762398719788,0.23657509684562683,0.5497989058494568,-0.04177248850464821,0.24809673428535461,0.5188068151473999,-0.049816228449344635,0.2649632692337036,0.4924875795841217,-0.053558096289634705,Help
0.18259532749652863,0.7337307929992676,5.309119615048985e-07,0.228793665766716,0.6622090935707092,0.001966997981071472,0.23672188818454742,0.5990461111068726,-0.00020521179249044508,0.23804312944412231,0.5494916439056396,-0.0034901676699519157,0.22853641211986542,0.5202633738517761,-0.008288275450468063,0.21840086579322815,0.5468848943710327,-0.01698938012123108,0.22967910766601562,0.4601888954639435,-0.03613465279340744,0.23162168264389038,0.39930492639541626,-0.051033876836299896,0.23622772097587585,0.3515339493751526,-0.06201115623116493,0.19159933924674988,0.5450166463851929,-0.029906081035733223,0.19911082088947296,0.45649921894073486,-0.05733753740787506,0.19861987233161926,0.39230722188949585,-0.082540363073349,0.2037421464920044,0.33445876836776733,-0.09958658367395401,0.1638050228357315,0.5628372430801392,-0.04042574390769005,0.15571899712085724,0.4845616817474365,-0.06081698462367058,0.1500057578086853,0.4326273798942566,-0.07342793792486191,0.14880967140197754,0.3887023627758026,-0.08177747577428818,0.13818658888339996,0.5983529090881348,-0.05000618100166321,0.1253504455089569,0.5399389863014221,-0.065526083111763,0.12330906093120575,0.5036685466766357,-0.06895576417446136,0.12051242589950562,0.47008395195007324,-0.0706067904829979,Help
0.2679876387119293,0.750959575176239,6.341828679978789e-07,0.31278905272483826,0.7297412157058716,-0.02210538648068905,0.3587550222873688,0.6779142022132874,-0.027820488438010216,0.3889515697956085,0.6447789072990417,-0.032437507063150406,0.4087182879447937,0.6080546975135803,-0.03721361979842186,0.3343861997127533,0.568838357925415,-1.6951663610598189e-06,0.35186466574668884,0.5061125159263611,-0.010594494640827179,0.3619782328605652,0.4609854817390442,-0.021826621145009995,0.3714013993740082,0.4301103353500366,-0.03004802018404007,0.3025568723678589,0.5605287551879883,-0.0020913821645081043,0.3173353374004364,0.48540928959846497,-0.01142857875674963,0.3287732005119324,0.43387824296951294,-0.02567753754556179,0.34268003702163696,0.3998756408691406,-0.035323601216077805,0.2698233127593994,0.5695517659187317,-0.008617078885436058,0.2833995819091797,0.4958765506744385,-0.024665052071213722,0.29573726654052734,0.45054590702056885,-0.03904595598578453,0.31248125433921814,0.4167579412460327,-0.047850437462329865,0.23317880928516388,0.5953730344772339,-0.017192883417010307,0.2466484010219574,0.5548497438430786,-0.035142745822668076,0.2612797021865845,0.5336359143257141,-0.04345789924263954,0.2807079553604126,0.5148444175720215,-0.04773565009236336,Help
0.27014708518981934,0.7530800104141235,6.165644776956469e-07,0.3121374547481537,0.73204505443573,-0.021129783242940903,0.35645103454589844,0.6839300990104675,-0.028291434049606323,0.38519230484962463,0.6549437642097473,-0.03448173403739929,0.4048764705657959,0.6223248839378357,-0.0411749891936779,0.3303086757659912,0.5785965323448181,-0.006707917433232069,0.34858107566833496,0.5219991207122803,-0.020922433584928513,0.35958877205848694,0.4816182255744934,-0.033949922770261765,0.37007012963294983,0.45388150215148926,-0.04318192973732948,0.29923173785209656,0.5690245032310486,-0.010061296634376049,0.31453704833984375,0.4931434988975525,-0.023368509486317635,0.32686352729797363,0.4399714171886444,-0.03958306834101677,0.3418615162372589,0.4035497307777405,-0.05096312239766121,0.2668178975582123,0.577561616897583,-0.017300603911280632,0.2797220051288605,0.5011692047119141,-0.03854459151625633,0.29450082778930664,0.45508497953414917,-0.05726567283272743,0.3124223053455353,0.42230820655822754,-0.06899511814117432,0.23101547360420227,0.6029496192932129,-0.025769857689738274,0.24857446551322937,0.5661872625350952,-0.04941466823220253,0.2695748209953308,0.5552985668182373,-0.06135818734765053,0.29262664914131165,0.5486286282539368,-0.06801638007164001,Help
0.2618851661682129,0.7572965621948242,5.327210033101437e-07,0.30744504928588867,0.7361801862716675,-0.019983770325779915,0.3511209487915039,0.6848918795585632,-0.026317929849028587,0.3811606764793396,0.650693416595459,-0.0318380743265152,0.40207043290138245,0.6205086708068848,-0.03759527951478958,0.3263539671897888,0.590903639793396,-0.005962724797427654,0.34834060072898865,0.529013454914093,-0.01885966770350933,0.36178267002105713,0.48617011308670044,-0.030734814703464508,0.37315866351127625,0.4557119309902191,-0.039341334253549576,0.2959602475166321,0.5798172354698181,-0.009059561416506767,0.31362131237983704,0.5049687027931213,-0.022833988070487976,0.32509201765060425,0.4498481750488281,-0.03777681663632393,0.33899906277656555,0.4071096181869507,-0.04786079376935959,0.2640215754508972,0.5833979249000549,-0.015967246145009995,0.27938202023506165,0.5086593627929688,-0.032538868486881256,0.2906496524810791,0.45990893244743347,-0.04449617490172386,0.30505800247192383,0.42138153314590454,-0.05167814716696739,0.22826384007930756,0.6014251112937927,-0.024922749027609825,0.2377806305885315,0.5468059778213501,-0.04222598671913147,0.2454693615436554,0.5100084543228149,-0.0500713475048542,0.25790953636169434,0.4765373170375824,-0.05428135767579079,Help
0.27021852135658264,0.7518116235733032,5.667879463544523e-07,0.31245318055152893,0.7317976355552673,-0.022542089223861694,0.35860514640808105,0.6755697131156921,-0.0293118879199028,0.39066168665885925,0.6382922530174255,-0.03441135957837105,0.4122193455696106,0.6024004817008972,-0.04014524444937706,0.3283662796020508,0.5848000645637512,-0.011723280884325504,0.3473074734210968,0.522911787033081,-0.027491983026266098,0.3584628105163574,0.47614896297454834,-0.04082992672920227,0.3677618205547333,0.44364380836486816,-0.05025877058506012,0.2973850965499878,0.576094388961792,-0.01380243618041277,0.3125591278076172,0.5006468296051025,-0.02976791374385357,0.3248451352119446,0.4460875988006592,-0.046202391386032104,0.33860960602760315,0.4073345363140106,-0.05740496516227722,0.2653065323829651,0.5837641954421997,-0.01955401711165905,0.28077608346939087,0.5091096758842468,-0.04160579666495323,0.29614120721817017,0.46223586797714233,-0.05832924321293831,0.31378862261772156,0.42818373441696167,-0.0685301274061203,0.22995054721832275,0.6071277856826782,-0.026699824258685112,0.2490742951631546,0.5688080787658691,-0.05037249997258186,0.26999548077583313,0.5513032674789429,-0.06151171773672104,0.2925361394882202,0.5387231111526489,-0.06751994043588638,Help
0.27427780628204346,0.7481725215911865,5.19503601026372e-07,0.3130512535572052,0.7341077327728271,-0.027126336470246315,0.35450318455696106,0.6852893233299255,-0.035875990986824036,0.38270270824432373,0.6541876792907715,-0.043068911880254745,0.40216854214668274,0.6231526136398315,-0.04975007846951485,0.3310448229312897,0.5869709253311157,-0.014780374243855476,0.3465625047683716,0.5260429382324219,-0.03054441511631012,0.3551315665245056,0.48253652453422546,-0.04308050870895386,0.36215391755104065,0.45100584626197815,-0.052145712077617645,0.29913702607154846,0.5794534683227539,-0.015227330848574638,0.3054268956184387,0.5046228170394897,-0.0325298011302948,0.31463903188705444,0.4535366892814636,-0.046758949756622314,0.3269212245941162,0.4158911108970642,-0.05636404827237129,0.2667984366416931,0.5893035531044006,-0.020145101472735405,0.2759609520435333,0.5318259596824646,-0.04635785147547722,0.29661253094673157,0.5297173857688904,-0.059653207659721375,0.3190467953681946,0.5347673892974854,-0.06477943807840347,0.2329898476600647,0.6112568378448486,-0.02727615088224411,0.24521329998970032,0.575905442237854,-0.05438116937875748,0.26384466886520386,0.5671632885932922,-0.06646251678466797,0.28495728969573975,0.5614017248153687,-0.07210421562194824,Help
0.27201032638549805,0.7460790872573853,6.032353212503949e-07,0.31045910716056824,0.7335078120231628,-0.025443218648433685,0.3553130328655243,0.684648871421814,-0.03512817248702049,0.38592422008514404,0.6540489196777344,-0.04272186756134033,0.40687286853790283,0.6235264539718628,-0.05117179825901985,0.33095380663871765,0.5830018520355225,-0.019658418372273445,0.3468497395515442,0.519213080406189,-0.037669021636247635,0.35647401213645935,0.47031170129776,-0.05244005098938942,0.36376288533210754,0.43337029218673706,-0.06305473297834396,0.2991314232349396,0.5728921294212341,-0.02172556333243847,0.3120519518852234,0.49657607078552246,-0.03943496569991112,0.3234514892101288,0.44132474064826965,-0.05691127851605415,0.33596375584602356,0.40048739314079285,-0.06895870715379715,0.26648491621017456,0.5812194347381592,-0.027203159406781197,0.2795466482639313,0.5066001415252686,-0.0513061098754406,0.29441431164741516,0.4587378203868866,-0.06976116448640823,0.3107568621635437,0.42250770330429077,-0.08114137500524521,0.230782151222229,0.6067129373550415,-0.034106865525245667,0.24969306588172913,0.5710755586624146,-0.05972648411989212,0.27145621180534363,0.5562437176704407,-0.0720135048031807,0.29422372579574585,0.5452061891555786,-0.0787428766489029,Help
0.27020013332366943,0.7512924671173096,5.596281766884204e-07,0.3088042140007019,0.737644374370575,-0.02638893947005272,0.35428348183631897,0.6873863935470581,-0.036070823669433594,0.3839839696884155,0.6555703282356262,-0.044539328664541245,0.40639084577560425,0.6240193247795105,-0.05295348912477493,0.3298061490058899,0.5897283554077148,-0.01756388507783413,0.3433328866958618,0.523045539855957,-0.036328691989183426,0.35104063153266907,0.47389596700668335,-0.05029745399951935,0.35764384269714355,0.4373004734516144,-0.06002508103847504,0.2980725169181824,0.5804203748703003,-0.01981929875910282,0.3084290325641632,0.5029150247573853,-0.04020722582936287,0.3199034035205841,0.4473087787628174,-0.05623408034443855,0.33393394947052,0.4051613211631775,-0.06668403744697571,0.2648765742778778,0.5894055366516113,-0.026377132162451744,0.2793828845024109,0.5293008685112,-0.05530675873160362,0.2988695502281189,0.5209314227104187,-0.06982987374067307,0.3194873631000519,0.520166277885437,-0.07548458129167557,0.22917723655700684,0.612097978591919,-0.03492673113942146,0.24611613154411316,0.5731269121170044,-0.06432943791151047,0.26816675066947937,0.5639532208442688,-0.07687638700008392,0.2916821241378784,0.5592197775840759,-0.08238393813371658,Help
0.26936614513397217,0.7625401020050049,5.734559067605005e-07,0.31520092487335205,0.7386343479156494,-0.023475125432014465,0.3626890480518341,0.678692638874054,-0.028784843161702156,0.3919273614883423,0.6367314457893372,-0.032735563814640045,0.4098972678184509,0.5953547954559326,-0.03640657663345337,0.33406826853752136,0.5819530487060547,-0.0005342582007870078,0.35125967860221863,0.5258171558380127,-0.013818216510117054,0.362723708152771,0.4858601987361908,-0.026969071477651596,0.3728164732456207,0.458747923374176,-0.03601878881454468,0.30073171854019165,0.5739264488220215,-0.0012809934560209513,0.3152947425842285,0.5036926865577698,-0.012865127064287663,0.32594573497772217,0.45322248339653015,-0.026739483699202538,0.33864158391952515,0.41554442048072815,-0.036154694855213165,0.26693999767303467,0.5813776850700378,-0.00700001185759902,0.27976417541503906,0.5165731906890869,-0.024092230945825577,0.29271772503852844,0.4797273874282837,-0.03587616607546806,0.30894002318382263,0.45136597752571106,-0.042736444622278214,0.22961783409118652,0.6046994924545288,-0.01523228082805872,0.24535906314849854,0.5696707963943481,-0.03384779021143913,0.26251357793807983,0.5516738295555115,-0.041501421481370926,0.2830727994441986,0.5337783098220825,-0.04524250328540802,Help
0.2744131088256836,0.7496336102485657,5.448515025818779e-07,0.31215596199035645,0.7302823662757874,-0.02156604453921318,0.356035977602005,0.6804686188697815,-0.02886020392179489,0.3860307037830353,0.6474694609642029,-0.03465287387371063,0.40350741147994995,0.6146008372306824,-0.041394129395484924,0.3296721279621124,0.5920808911323547,-0.01413667667657137,0.34593746066093445,0.5294140577316284,-0.029913315549492836,0.3567289710044861,0.48260894417762756,-0.04377646744251251,0.36537617444992065,0.4485265016555786,-0.05337106063961983,0.2987869381904602,0.582545280456543,-0.01564958319067955,0.3129241466522217,0.5120789408683777,-0.03000902384519577,0.32481127977371216,0.45927196741104126,-0.045396920293569565,0.3363131284713745,0.4188607335090637,-0.05646394565701485,0.2667562961578369,0.5883161425590515,-0.02018708921968937,0.2804667055606842,0.5251997113227844,-0.03766224905848503,0.294321745634079,0.4912479817867279,-0.049245890229940414,0.30869796872138977,0.46695810556411743,-0.056483324617147446,0.23136618733406067,0.609013557434082,-0.026515845209360123,0.24129565060138702,0.5699471235275269,-0.044275566935539246,0.25632184743881226,0.5546544790267944,-0.050311118364334106,0.2726573646068573,0.5455479025840759,-0.053127747029066086,Help
0.26265984773635864,0.7682005763053894,4.929999590785883e-07,0.3138631582260132,0.7348017692565918,-0.01991315186023712,0.35875755548477173,0.6807596683502197,-0.023149093613028526,0.3837254047393799,0.6429842710494995,-0.026203980669379234,0.4026912450790405,0.6088811159133911,-0.029930677264928818,0.3290907144546509,0.5826119780540466,0.006210182793438435,0.3463701903820038,0.5239931344985962,-0.006067053880542517,0.35599759221076965,0.48314961791038513,-0.021063776686787605,0.36476296186447144,0.4529537856578827,-0.032101839780807495,0.2966446280479431,0.57768315076828,0.0029153344221413136,0.3101128935813904,0.5072566866874695,-0.009876950643956661,0.32045477628707886,0.4526054859161377,-0.030371082946658134,0.33425211906433105,0.4111798405647278,-0.04573981463909149,0.2611316442489624,0.5876341462135315,-0.005172232631593943,0.27293992042541504,0.5290639400482178,-0.02299591153860092,0.28402063250541687,0.4950072169303894,-0.04085419699549675,0.29780662059783936,0.47098028659820557,-0.05222663655877113,0.21942606568336487,0.60960853099823,-0.015358032658696175,0.21758586168289185,0.5603148937225342,-0.03349568694829941,0.2182217836380005,0.5265212059020996,-0.04437679797410965,0.224822536110878,0.4948611855506897,-0.051350656896829605,Help
0.2632520794868469,0.7718626260757446,4.7097273636609316e-07,0.3147168457508087,0.7368597388267517,-0.01764031872153282,0.35765454173088074,0.6805273294448853,-0.02066194638609886,0.3826459050178528,0.6436459422111511,-0.023849215358495712,0.4003826975822449,0.6103163957595825,-0.027792640030384064,0.32772982120513916,0.5882129073143005,0.005965568125247955,0.34478509426116943,0.5304388999938965,-0.006436086725443602,0.3546271324157715,0.49145013093948364,-0.02101954072713852,0.36278578639030457,0.4619993567466736,-0.03156130015850067,0.29645442962646484,0.5809592604637146,0.0023102774284780025,0.3122420608997345,0.5128705501556396,-0.009956938214600086,0.32154974341392517,0.46273261308670044,-0.027788778766989708,0.3318815231323242,0.4261830449104309,-0.04034149646759033,0.26188594102859497,0.5877452492713928,-0.0057516805827617645,0.2739615738391876,0.5259395241737366,-0.020922144874930382,0.28343820571899414,0.490621954202652,-0.03383839875459671,0.2948645055294037,0.4651027321815491,-0.04167448356747627,0.22118574380874634,0.6084825992584229,-0.015967411920428276,0.2232646495103836,0.5622360706329346,-0.030590126290917397,0.22704418003559113,0.5317009687423706,-0.03725731372833252,0.23503464460372925,0.5032958388328552,-0.04094159975647926,Help
0.26964715123176575,0.7550133466720581,5.647285092891252e-07,0.316915363073349,0.7162150740623474,-0.020198684185743332,0.361110657453537,0.6505186557769775,-0.024039246141910553,0.3838768005371094,0.5980232357978821,-0.02745257318019867,0.3843080997467041,0.5440537333488464,-0.031045667827129364,0.33487239480018616,0.5728284120559692,0.010428821668028831,0.3493892550468445,0.5157646536827087,0.00040961106424219906,0.3584304451942444,0.4767654836177826,-0.013670490123331547,0.36495137214660645,0.4475683569908142,-0.023666147142648697,0.301328182220459,0.5656464099884033,0.009753359481692314,0.3132089376449585,0.4971626400947571,0.0017685588682070374,0.3193398714065552,0.4464280605316162,-0.013263440690934658,0.32620126008987427,0.408830463886261,-0.02379753254354,0.2671951651573181,0.5697671175003052,0.004376025404781103,0.28005489706993103,0.5051334500312805,-0.005761252250522375,0.28835856914520264,0.46305739879608154,-0.012867189943790436,0.29667484760284424,0.43023383617401123,-0.016905277967453003,0.22901169955730438,0.5897094011306763,-0.0037624621763825417,0.24492813646793365,0.5402353405952454,-0.012247767299413681,0.2539075016975403,0.5114983916282654,-0.01186518557369709,0.2631078362464905,0.48476409912109375,-0.010477297939360142,Help
0.2743754982948303,0.738349974155426,5.297004577187181e-07,0.3213461637496948,0.7070299983024597,-0.019777968525886536,0.3630538880825043,0.642322838306427,-0.025045763701200485,0.38274678587913513,0.5925604701042175,-0.029047001153230667,0.38625621795654297,0.5452642440795898,-0.03375612199306488,0.33901384472846985,0.5583983063697815,-0.007718167267739773,0.35052603483200073,0.48622816801071167,-0.022941168397665024,0.35661476850509644,0.43493151664733887,-0.03789406642317772,0.3613625764846802,0.39379221200942993,-0.04832703247666359,0.30682504177093506,0.5507712364196777,-0.01000051200389862,0.3168044686317444,0.4683895707130432,-0.02546783536672592,0.3248346149921417,0.40843093395233154,-0.042963746935129166,0.3323531448841095,0.36417362093925476,-0.054317548871040344,0.27389347553253174,0.5582557320594788,-0.015370971523225307,0.2857508063316345,0.48039114475250244,-0.03291793540120125,0.29597219824790955,0.42691701650619507,-0.04427540674805641,0.3059329390525818,0.38579779863357544,-0.05007949098944664,0.2379348874092102,0.5808559060096741,-0.02242443710565567,0.25210461020469666,0.521949291229248,-0.037866730242967606,0.2620866000652313,0.48686930537223816,-0.04139170050621033,0.27255958318710327,0.4559791386127472,-0.0417899526655674,Help
0.22837863862514496,0.7757970690727234,3.2436577157568536e-07,0.27270638942718506,0.7465307712554932,-0.012782877311110497,0.30215784907341003,0.7050380110740662,-0.015423581935465336,0.3206930160522461,0.6619556546211243,-0.020562149584293365,0.3306140899658203,0.6234205365180969,-0.0250734593719244,0.29063335061073303,0.6443877816200256,0.02955114096403122,0.3096040189266205,0.6141946911811829,0.028216127306222916,0.32487958669662476,0.5950185060501099,0.020396851003170013,0.3370746076107025,0.5833750367164612,0.015416765585541725,0.26925128698349,0.627821683883667,0.030463863164186478,0.28745949268341064,0.5952966809272766,0.03486625477671623,0.3012534976005554,0.5758956670761108,0.029995746910572052,0.31714892387390137,0.562017560005188,0.02706606313586235,0.24453575909137726,0.6164416074752808,0.02600274048745632,0.2571653425693512,0.5812431573867798,0.029310671612620354,0.2691746652126312,0.5568550229072571,0.03024628758430481,0.2819571793079376,0.5372468829154968,0.03090309351682663,0.21644802391529083,0.6124079823493958,0.018490657210350037,0.2239232212305069,0.5768909454345703,0.021576276049017906,0.22886082530021667,0.5539175271987915,0.026341821998357773,0.23541715741157532,0.536062479019165,0.03065785951912403,Help
0.22799476981163025,0.7696731090545654,2.593499175418401e-07,0.2739485204219818,0.7430041432380676,-0.010149425826966763,0.3045539855957031,0.7013972997665405,-0.01146766822785139,0.32439303398132324,0.6615159511566162,-0.014786741696298122,0.333615243434906,0.6269702911376953,-0.01744523085653782,0.2901438772678375,0.6391599178314209,0.02438073232769966,0.3113301694393158,0.6114380955696106,0.021487245336174965,0.3285558819770813,0.5971469879150391,0.01144314743578434,0.3420519530773163,0.5875606536865234,0.004434722010046244,0.26880553364753723,0.6243593096733093,0.024806000292301178,0.2899521589279175,0.5984007120132446,0.024906989187002182,0.30606502294540405,0.5829194188117981,0.015060561709105968,0.3226751387119293,0.5721545219421387,0.007891008630394936,0.24396361410617828,0.6151966452598572,0.021202359348535538,0.260209321975708,0.5838592052459717,0.021875841543078423,0.2744278609752655,0.5638483762741089,0.018334876745939255,0.28890907764434814,0.5484701991081238,0.01563292182981968,0.21659235656261444,0.6136642694473267,0.015299341641366482,0.2259693592786789,0.5759915709495544,0.017647087574005127,0.23172639310359955,0.5518839955329895,0.020141737535595894,0.23895791172981262,0.5320181250572205,0.022072339430451393,Help
0.22850708663463593,0.7688266634941101,-2.1414443551748263e-08,0.27785807847976685,0.7304043769836426,-0.0015887086046859622,0.31234532594680786,0.6837202906608582,-0.0007505996036343277,0.3353346586227417,0.6425650715827942,-0.005777980200946331,0.3473724126815796,0.6116464734077454,-0.00936511717736721,0.2904518246650696,0.6250209808349609,0.03960961475968361,0.30322715640068054,0.5821700096130371,0.02889941819012165,0.3047775626182556,0.6011195182800293,0.015270452946424484,0.3030387759208679,0.6295914649963379,0.009131409227848053,0.26319819688796997,0.6181226372718811,0.034654270857572556,0.2772984504699707,0.5759713053703308,0.024229811504483223,0.28000354766845703,0.6027374267578125,0.010576101951301098,0.28064554929733276,0.6331323981285095,0.005774582736194134,0.2355819195508957,0.6150636076927185,0.02516939863562584,0.24941369891166687,0.5731316804885864,0.01546180248260498,0.25474610924720764,0.5998075008392334,0.011656980961561203,0.2558147609233856,0.6310130953788757,0.013825980946421623,0.20812661945819855,0.6178882122039795,0.014524017460644245,0.22038906812667847,0.5787297487258911,0.010416635312139988,0.22893445193767548,0.591785192489624,0.013255695812404156,0.23403915762901306,0.612165629863739,0.01866307482123375,Help
0.24937477707862854,0.770259439945221,3.9783853367225674e-07,0.297457754611969,0.7360833287239075,-0.0020594571251422167,0.3286605775356293,0.6762339472770691,0.00316594447940588,0.34448152780532837,0.6276613473892212,0.005610391963273287,0.3473966419696808,0.5879316926002502,0.007471383083611727,0.30789682269096375,0.6270712018013,0.02960268408060074,0.31575411558151245,0.5811244249343872,0.029861368238925934,0.31853193044662476,0.5464113354682922,0.023857133463025093,0.31996187567710876,0.521415114402771,0.019455282017588615,0.27996203303337097,0.6191210746765137,0.02648869901895523,0.28847911953926086,0.571603000164032,0.028456849977374077,0.290275514125824,0.5363705158233643,0.020528212189674377,0.29454636573791504,0.5067101120948792,0.014779583550989628,0.24998460710048676,0.6171849370002747,0.020463131368160248,0.2592640221118927,0.5722591876983643,0.021054573357105255,0.2628304064273834,0.5398970246315002,0.017845764756202698,0.2672951817512512,0.5147132873535156,0.015111438930034637,0.2171941101551056,0.6237342357635498,0.013166921213269234,0.22329232096672058,0.582632839679718,0.013315043412148952,0.22579599916934967,0.555604100227356,0.01501265075057745,0.23045799136161804,0.53341144323349,0.016702407971024513,Help
0.25660228729248047,0.7790505290031433,4.218516949094919e-07,0.30491524934768677,0.7483049035072327,-0.020177137106657028,0.3515309691429138,0.6891035437583923,-0.020989377051591873,0.37869441509246826,0.6488802433013916,-0.02114539034664631,0.39478349685668945,0.6199172139167786,-0.020336616784334183,0.32407185435295105,0.5904427170753479,0.00953019130975008,0.34331515431404114,0.5334500074386597,0.004215818364173174,0.3518681824207306,0.49709784984588623,-0.005404743831604719,0.3582732677459717,0.46796417236328125,-0.01294717937707901,0.2886873185634613,0.5765900611877441,0.009698103182017803,0.29779186844825745,0.5070843696594238,0.006875405553728342,0.3036494255065918,0.46142837405204773,-0.0035765375941991806,0.31074219942092896,0.4306783080101013,-0.01093597337603569,0.25378167629241943,0.5820311903953552,0.005171587690711021,0.25643718242645264,0.5155372619628906,-0.0011825690744444728,0.261446088552475,0.47421157360076904,-0.010383089073002338,0.26896193623542786,0.4441847801208496,-0.016599029302597046,0.21705186367034912,0.60524982213974,-0.002287725219503045,0.2065959870815277,0.560459554195404,-0.01160117331892252,0.1989285796880722,0.5263839960098267,-0.01687934808433056,0.19759510457515717,0.49575984477996826,-0.019258875399827957,Help
0.2611601948738098,0.7706192135810852,4.420549828410003e-07,0.30700328946113586,0.7409937977790833,-0.021731793880462646,0.3535482585430145,0.6817384958267212,-0.024336403235793114,0.3796190321445465,0.638300895690918,-0.026066871359944344,0.39236336946487427,0.6035643219947815,-0.027281753718852997,0.32337141036987305,0.5872702598571777,0.004845308139920235,0.34040138125419617,0.5332263708114624,-0.0034896726720035076,0.34995198249816895,0.4977918565273285,-0.015370095148682594,0.35740911960601807,0.4714435636997223,-0.02411670610308647,0.288094162940979,0.5738784074783325,0.004818497225642204,0.29453304409980774,0.5038698315620422,-0.0007411567494273186,0.29926061630249023,0.45783236622810364,-0.013160099275410175,0.3059312701225281,0.42687225341796875,-0.02186518907546997,0.2535039782524109,0.57904452085495,0.00012810449698008597,0.25538408756256104,0.5132088661193848,-0.008794487453997135,0.2587612271308899,0.4710703492164612,-0.0195675827562809,0.26538988947868347,0.4401741623878479,-0.026853783056139946,0.21703065931797028,0.602061927318573,-0.00737185962498188,0.2064061462879181,0.5574724674224854,-0.01853642612695694,0.19768846035003662,0.5256604552268982,-0.02434888295829296,0.1949329376220703,0.4969695508480072,-0.027108097448945045,Help
0.25355833768844604,0.7724693417549133,4.805118010153819e-07,0.30219757556915283,0.7466198205947876,-0.026232512667775154,0.3501303493976593,0.691103994846344,-0.03344938904047012,0.3817543387413025,0.6499102115631104,-0.039209891110658646,0.4038623571395874,0.6122327446937561,-0.04448821768164635,0.31029683351516724,0.5826588869094849,-0.002523713279515505,0.324686199426651,0.5136220455169678,-0.014285183511674404,0.3315490782260895,0.46913620829582214,-0.02659706585109234,0.3380199074745178,0.4353806972503662,-0.03556017205119133,0.27874767780303955,0.575320303440094,-0.0027485459577292204,0.2895069718360901,0.501752495765686,-0.01698312908411026,0.297450989484787,0.45256945490837097,-0.03415035083889961,0.307745099067688,0.4178747534751892,-0.04518900811672211,0.2442939281463623,0.583439290523529,-0.007897516712546349,0.2545482814311981,0.5222142338752747,-0.02663237787783146,0.26776355504989624,0.49570268392562866,-0.041902732104063034,0.2820114195346832,0.47963982820510864,-0.05004517734050751,0.20529982447624207,0.6064034104347229,-0.015656521543860435,0.1969987452030182,0.5595143437385559,-0.03432299569249153,0.19114360213279724,0.5244341492652893,-0.04490652680397034,0.18851977586746216,0.4931449294090271,-0.05064147338271141,Help
0.25348949432373047,0.7695524096488953,4.962482194059703e-07,0.3019874095916748,0.7405366897583008,-0.02279864065349102,0.344522088766098,0.686305582523346,-0.029523689299821854,0.37526237964630127,0.6490747332572937,-0.03587162867188454,0.39685630798339844,0.6146796345710754,-0.04200088605284691,0.305982381105423,0.5780256390571594,0.0009443610906600952,0.3213815689086914,0.5118608474731445,-0.011229613795876503,0.33005931973457336,0.46698206663131714,-0.024575643241405487,0.3371523916721344,0.4337007403373718,-0.03397063538432121,0.27544698119163513,0.571898877620697,-0.0005996673717163503,0.28398072719573975,0.49769216775894165,-0.011121650226414204,0.2919807732105255,0.44370585680007935,-0.025759652256965637,0.3025900721549988,0.40222957730293274,-0.036369066685438156,0.24309039115905762,0.5807432532310486,-0.007043283432722092,0.25005581974983215,0.5172973871231079,-0.022641826421022415,0.2647594213485718,0.48925095796585083,-0.03491085395216942,0.2799021601676941,0.47184932231903076,-0.041851241141557693,0.2066941261291504,0.6039820909500122,-0.01617344282567501,0.19923731684684753,0.5554620027542114,-0.0337507389485836,0.19570621848106384,0.5223212838172913,-0.042515743523836136,0.19511578977108002,0.49404510855674744,-0.04684492573142052,Help
0.730624258518219,0.49581649899482727,-2.378620145293553e-08,0.6988469362258911,0.5348736047744751,0.008708781562745571,0.6581026911735535,0.5575317144393921,0.01367836445569992,0.6297939419746399,0.5723230838775635,0.014147737063467503,0.6068521738052368,0.5802982449531555,0.01466218288987875,0.6429146528244019,0.5077873468399048,0.025323187932372093,0.6062079668045044,0.51924067735672,0.025540068745613098,0.5848507881164551,0.5351390242576599,0.021983874961733818,0.5689995884895325,0.5475969314575195,0.019029349088668823,0.6383223533630371,0.484952449798584,0.016110243275761604,0.6017166376113892,0.49881377816200256,0.017546383664011955,0.5789106488227844,0.517867922782898,0.013179581612348557,0.5638376474380493,0.5321364998817444,0.009471207857131958,0.6353508830070496,0.46373334527015686,0.005594097077846527,0.5982416868209839,0.47082170844078064,0.006625711917877197,0.5778192281723022,0.490027517080307,0.006262930575758219,0.5647528171539307,0.5054579377174377,0.0056542386300861835,0.6339724659919739,0.44066983461380005,-0.005161053501069546,0.5986215472221375,0.4409489929676056,-0.004134693183004856,0.5808327198028564,0.4554668068885803,-0.0008282870403490961,0.5703860521316528,0.4727502465248108,0.0017516519874334335,no
0.7472726702690125,0.4941362738609314,-2.358911466160407e-08,0.7210419774055481,0.5302602648735046,0.005998330656439066,0.6837882399559021,0.5522810220718384,0.011735321953892708,0.6575750708580017,0.5671407580375671,0.013950272463262081,0.6373401284217834,0.5781724452972412,0.01639023795723915,0.6635969281196594,0.50517737865448,0.025174451991915703,0.6321280598640442,0.5180160403251648,0.02710740640759468,0.6131209135055542,0.5343319773674011,0.02440427802503109,0.5989018082618713,0.5469489693641663,0.021888824179768562,0.6578224897384644,0.4834836423397064,0.01888023503124714,0.6258708834648132,0.4975602924823761,0.022305062040686607,0.6044548153877258,0.518269419670105,0.018367547541856766,0.5904006958007812,0.5345542430877686,0.014625752344727516,0.6542267203330994,0.4627862274646759,0.011214930564165115,0.6216390132904053,0.46872925758361816,0.013391949236392975,0.6027019023895264,0.48800408840179443,0.012269794940948486,0.5917412042617798,0.5045651793479919,0.011087744496762753,0.6528337597846985,0.43977707624435425,0.0031262007541954517,0.6191720962524414,0.43848416209220886,0.0045797149650752544,0.6015610098838806,0.45170825719833374,0.007108788471668959,0.592499852180481,0.46875593066215515,0.009199961088597775,no
0.754848837852478,0.5004317164421082,-2.0320968019404972e-08,0.7237765192985535,0.5408186912536621,0.00662117637693882,0.6834055185317993,0.5626083612442017,0.01193241123110056,0.6528819799423218,0.5743715763092041,0.013637043535709381,0.6279582977294922,0.5807144045829773,0.015446932055056095,0.6684841513633728,0.5198887586593628,0.023751376196742058,0.6326959729194641,0.530822217464447,0.024436522275209427,0.6124192476272583,0.5442187786102295,0.021424612030386925,0.5980953574180603,0.5544912815093994,0.019008716568350792,0.6618366241455078,0.49478623270988464,0.017311712726950645,0.6271791458129883,0.5051587224006653,0.018987955525517464,0.6061105728149414,0.5226671099662781,0.013534273020923138,0.5931951999664307,0.53542560338974,0.009196528233587742,0.6579340100288391,0.4706415832042694,0.009785449132323265,0.6226323843002319,0.4754484295845032,0.011372186243534088,0.6033384799957275,0.4931088387966156,0.009339072741568089,0.5918079614639282,0.5074260830879211,0.0076048774644732475,0.6568164825439453,0.4447106420993805,0.002059483900666237,0.6212525367736816,0.44165995717048645,0.0036155194975435734,0.6020548939704895,0.4547514319419861,0.005646468605846167,0.5913789868354797,0.4717014729976654,0.007364247459918261,no
0.7365508675575256,0.4938618242740631,-8.106687765518927e-09,0.7036114931106567,0.5264800190925598,0.009638686664402485,0.6657530069351196,0.550441563129425,0.015391726046800613,0.6399716734886169,0.5719789266586304,0.01660236343741417,0.6182406544685364,0.5886775255203247,0.01746257394552231,0.6560773849487305,0.501722514629364,0.028510086238384247,0.6237955689430237,0.5177087783813477,0.030140407383441925,0.6018469929695129,0.5364986658096313,0.026741109788417816,0.5863479971885681,0.5523868203163147,0.023618746548891068,0.6495540142059326,0.48477059602737427,0.020543400198221207,0.6167999505996704,0.5018079280853271,0.022981802001595497,0.5946308374404907,0.5232208967208862,0.016617728397250175,0.5805882811546326,0.5404793620109558,0.011253276839852333,0.6432805061340332,0.46830594539642334,0.011720850132405758,0.6095119118690491,0.478080153465271,0.01511970441788435,0.5883998870849609,0.4967357814311981,0.012453398667275906,0.5733467936515808,0.512554407119751,0.009597975760698318,0.6389588117599487,0.4502468407154083,0.0028163567185401917,0.6056678891181946,0.44641438126564026,0.006473513785749674,0.5848530530929565,0.4541381895542145,0.008426719345152378,0.5700522661209106,0.4660065770149231,0.009376861155033112,no
0.7550725340843201,0.4980584979057312,-5.42721174667804e-08,0.7262089252471924,0.5422966480255127,0.0070321508683264256,0.68656986951828,0.5645471215248108,0.011758239008486271,0.6553187370300293,0.5750175714492798,0.01241606567054987,0.6298092007637024,0.5820012092590332,0.013048900291323662,0.6672138571739197,0.5331623554229736,0.024665433913469315,0.6311530470848083,0.5483633875846863,0.023503940552473068,0.6119140386581421,0.563755452632904,0.019067134708166122,0.5985171794891357,0.5753433108329773,0.015910018235445023,0.6592657566070557,0.5055606961250305,0.01680072396993637,0.6243797540664673,0.5209968090057373,0.016813082620501518,0.6044825315475464,0.5404642224311829,0.011172112077474594,0.5923945307731628,0.5551254749298096,0.006884502712637186,0.6552583575248718,0.4778722822666168,0.007445289753377438,0.6197258830070496,0.48618361353874207,0.00683289859443903,0.6033055782318115,0.5062474608421326,0.005668829660862684,0.5948055386543274,0.5218081474304199,0.004919273313134909,0.6538493037223816,0.44654712080955505,-0.0022271377965807915,0.6176658868789673,0.44600576162338257,-0.0020345489028841257,0.5999392867088318,0.46027928590774536,0.0006591675919480622,0.5908432006835938,0.47740811109542847,0.0029547568410634995,no
0.7551136016845703,0.49743539094924927,-1.6609956077218158e-08,0.7228501439094543,0.5408169627189636,0.009577641263604164,0.6835543513298035,0.5622919797897339,0.017385544255375862,0.653274416923523,0.575290322303772,0.020450899377465248,0.6283359527587891,0.5870711803436279,0.02342497929930687,0.6664243340492249,0.5306232571601868,0.03489777818322182,0.6307022571563721,0.5458039045333862,0.037756916135549545,0.6101720333099365,0.5616128444671631,0.03446658328175545,0.594783365726471,0.5744836926460266,0.03130768612027168,0.6583013534545898,0.5043008327484131,0.026862654834985733,0.6231357455253601,0.5201951265335083,0.030914926901459694,0.6007022857666016,0.5396692156791687,0.02463620901107788,0.5866925716400146,0.5554443001747131,0.019101493060588837,0.6539886593818665,0.4780046045780182,0.017232025042176247,0.6172022819519043,0.48483923077583313,0.0202581025660038,0.5963488817214966,0.5033378005027771,0.017189564183354378,0.5843421220779419,0.5196558833122253,0.014185521751642227,0.6529593467712402,0.4474499821662903,0.007413570769131184,0.6168037056922913,0.44414252042770386,0.010169809684157372,0.5980282425880432,0.45693981647491455,0.012072023004293442,0.5877412557601929,0.47438400983810425,0.013160397298634052,no
0.7510112524032593,0.5003717541694641,-7.817598657311464e-08,0.7242898344993591,0.5376588106155396,0.007198197301477194,0.6855448484420776,0.5584284067153931,0.012914130464196205,0.6584341526031494,0.5736579895019531,0.014295333065092564,0.6361703276634216,0.584134042263031,0.01592892035841942,0.6600965261459351,0.5182659029960632,0.029112650081515312,0.6276438236236572,0.5315230488777161,0.03027782216668129,0.6109152436256409,0.547357976436615,0.02680165506899357,0.6005517244338989,0.5585305690765381,0.0242554172873497,0.6539241671562195,0.49406319856643677,0.02161538414657116,0.6208462119102478,0.5070917010307312,0.02424456551671028,0.604750394821167,0.5274521112442017,0.019572284072637558,0.5978333353996277,0.5420699715614319,0.016052016988396645,0.6510797739028931,0.47042956948280334,0.012426366098225117,0.6167392730712891,0.4774463176727295,0.014838906936347485,0.6020239591598511,0.4985966980457306,0.014532280154526234,0.5956141352653503,0.5130100250244141,0.01428287010639906,0.6509647965431213,0.4453127980232239,0.0027050634380429983,0.6142765879631042,0.4416346848011017,0.005090194754302502,0.5967982411384583,0.4578997492790222,0.008201969787478447,0.5899684429168701,0.4758075177669525,0.010836489498615265,no
0.750909149646759,0.49861767888069153,-5.9583463496437616e-08,0.7221803069114685,0.539616584777832,0.007495004218071699,0.6843991279602051,0.5622549653053284,0.013168486766517162,0.656144917011261,0.5768203735351562,0.014216740615665913,0.6330887675285339,0.5862768888473511,0.01565564051270485,0.6574453115463257,0.5280508995056152,0.030555883422493935,0.6242271065711975,0.5398625731468201,0.030735129490494728,0.6087111234664917,0.553831934928894,0.026691973209381104,0.6017552614212036,0.5646632313728333,0.024552196264266968,0.6512869596481323,0.5013104677200317,0.023204665631055832,0.617224395275116,0.5125396251678467,0.02440805174410343,0.604832649230957,0.5302656888961792,0.019074855372309685,0.6039937138557434,0.5431596040725708,0.016165198758244514,0.6493114233016968,0.4753136932849884,0.014049933291971684,0.6144343614578247,0.4820202887058258,0.015298169106245041,0.6043891310691833,0.5012598633766174,0.01508962269872427,0.6048387289047241,0.5142091512680054,0.015929166227579117,0.6506311893463135,0.4470958113670349,0.004442830104380846,0.6130523681640625,0.4427427649497986,0.006681096740067005,0.5970361232757568,0.45807263255119324,0.010013996623456478,0.5931690335273743,0.475604772567749,0.013362155295908451,no
0.7460379004478455,0.504223644733429,-6.556924603273728e-08,0.7152860164642334,0.5412974953651428,0.007954306900501251,0.6758583784103394,0.5610353946685791,0.014004831202328205,0.6488623023033142,0.5734449625015259,0.015370932407677174,0.6255702376365662,0.5788198709487915,0.017255419865250587,0.6525020599365234,0.5099573731422424,0.03142829239368439,0.6216416954994202,0.5187610387802124,0.03279312327504158,0.6058546900749207,0.5349408388137817,0.02930130437016487,0.5974489450454712,0.5482856035232544,0.02684732712805271,0.6490095853805542,0.48825570940971375,0.023244213312864304,0.6167696714401245,0.49767813086509705,0.025890938937664032,0.599193274974823,0.5186017155647278,0.020689431577920914,0.593345046043396,0.5362288355827332,0.01678524725139141,0.6476031541824341,0.4674776494503021,0.01332895178347826,0.6143811345100403,0.4715990126132965,0.015501116402447224,0.5987706780433655,0.49286597967147827,0.01469455286860466,0.5937578082084656,0.5108045935630798,0.014233460649847984,0.6487438678741455,0.44405466318130493,0.0028799327556043863,0.6131788492202759,0.44048574566841125,0.004530082456767559,0.5955390930175781,0.4559159278869629,0.007346160709857941,0.588986873626709,0.47540926933288574,0.009935460053384304,no
0.7477335333824158,0.4965633749961853,-6.8719296919539374e-09,0.7223822474479675,0.5287986993789673,0.004468505270779133,0.6840407848358154,0.5507624745368958,0.009238190948963165,0.6561658978462219,0.5654171109199524,0.011247199028730392,0.6329010128974915,0.5731337070465088,0.013441802933812141,0.6703845262527466,0.5065771341323853,0.016701124608516693,0.6354246139526367,0.5193315148353577,0.01643950678408146,0.6124904155731201,0.5343814492225647,0.014054051600396633,0.595389187335968,0.5464155077934265,0.01207954715937376,0.6630859971046448,0.4862983226776123,0.011237508617341518,0.6282318234443665,0.5013391971588135,0.011416471563279629,0.6031744480133057,0.5220510363578796,0.006902461871504784,0.5839784741401672,0.5388311743736267,0.0032480244990438223,0.6573695540428162,0.4675469994544983,0.004956789780408144,0.622256875038147,0.4745861291885376,0.004254452884197235,0.6005839109420776,0.4936314523220062,0.0016825948841869831,0.5851516723632812,0.5115459561347961,8.537296525901183e-05,0.6537715196609497,0.4478354752063751,-0.0014822831144556403,0.6186825633049011,0.4458312392234802,-0.0023220661096274853,0.5994338989257812,0.45828622579574585,-0.001205472624860704,0.5875400304794312,0.4753400981426239,0.0002514322113711387,no
0.7480514049530029,0.496403306722641,-3.758468025694128e-08,0.7243701815605164,0.5291479229927063,0.00670226477086544,0.687264621257782,0.5482189655303955,0.012589630670845509,0.6595759987831116,0.5592657327651978,0.015268036164343357,0.6373958587646484,0.5658462047576904,0.017906999215483665,0.6689023375511169,0.5058380961418152,0.020901763811707497,0.6373282670974731,0.5157942771911621,0.02295813150703907,0.6176989674568176,0.5292819142341614,0.021688729524612427,0.603604793548584,0.5405903458595276,0.020117124542593956,0.6615913510322571,0.48507487773895264,0.014554840512573719,0.6289997696876526,0.4962056577205658,0.017328938469290733,0.6078045964241028,0.5150018930435181,0.01390035543590784,0.5937812328338623,0.5309278964996338,0.010502670891582966,0.6568942666053772,0.466325044631958,0.0073588332161307335,0.6231237649917603,0.4702243208885193,0.008250590413808823,0.603187620639801,0.4900217652320862,0.0059905084781348705,0.5908392071723938,0.5079991221427917,0.004074111580848694,0.6542154550552368,0.446458101272583,0.00015076961426530033,0.6193356513977051,0.44393059611320496,-0.0002232588012702763,0.600818395614624,0.4579909145832062,0.0007308917702175677,0.5909489393234253,0.4758284389972687,0.0017338732723146677,no
0.7522395849227905,0.5050227046012878,-3.4571844054198664e-08,0.7208619713783264,0.5503591299057007,0.0054392083548009396,0.680419921875,0.5754438042640686,0.010517051443457603,0.650704562664032,0.5890083312988281,0.01160957757383585,0.625758707523346,0.5979271531105042,0.013188106939196587,0.6540353894233704,0.5361919403076172,0.027225732803344727,0.619854748249054,0.5477429032325745,0.026182375848293304,0.6042134165763855,0.5611785054206848,0.0211934931576252,0.595795214176178,0.5718293190002441,0.018191225826740265,0.649589478969574,0.507907509803772,0.020330676808953285,0.6151443719863892,0.519748330116272,0.019468283280730247,0.6032484769821167,0.5366214513778687,0.013078205287456512,0.6012160181999207,0.5483443140983582,0.0096754040569067,0.6495775580406189,0.48027560114860535,0.011566076427698135,0.6142910718917847,0.4874149560928345,0.010260503739118576,0.6054955124855042,0.5061809420585632,0.009734592400491238,0.605731189250946,0.5184141993522644,0.010889885015785694,0.6527849435806274,0.4498918056488037,0.002370246686041355,0.6140002012252808,0.4476219415664673,0.0026879229117184877,0.6012996435165405,0.4625951051712036,0.006132845301181078,0.5998846292495728,0.4779335558414459,0.009915699250996113,no
0.7498339414596558,0.5073466897010803,-3.290307404313353e-08,0.7230467796325684,0.5435581207275391,0.007374871987849474,0.6839044094085693,0.562372088432312,0.012750253081321716,0.657129168510437,0.5750913023948669,0.014719867147505283,0.6354234218597412,0.5839395523071289,0.016663100570440292,0.6690372824668884,0.5217793583869934,0.019396724179387093,0.6335620284080505,0.5357143878936768,0.01907404512166977,0.6113465428352356,0.5503750443458557,0.016985634341835976,0.5945966243743896,0.5625903010368347,0.015421301126480103,0.6626476645469666,0.4979315996170044,0.011790329590439796,0.6276025772094727,0.5136222839355469,0.012436912395060062,0.602782666683197,0.5327533483505249,0.009098074398934841,0.584009051322937,0.5483654737472534,0.006335759069770575,0.6581374406814575,0.4751838743686676,0.003313301829621196,0.6221399307250977,0.4810570180416107,0.003139154752716422,0.5999720692634583,0.4982282519340515,0.0021808708552271128,0.583999752998352,0.5133095979690552,0.0017774337902665138,0.6554288268089294,0.45041748881340027,-0.005254765506833792,0.6194469928741455,0.44700852036476135,-0.00548164825886488,0.5992670059204102,0.45854443311691284,-0.003383688163012266,0.586415708065033,0.47453150153160095,-0.0012358886888250709,no
0.7468893527984619,0.5077952146530151,-1.9927715300127602e-07,0.7130888104438782,0.549842894077301,0.00954429991543293,0.6731545329093933,0.570618212223053,0.01775946654379368,0.645709753036499,0.5814651250839233,0.019317626953125,0.6232795715332031,0.5889434218406677,0.021551061421632767,0.6461159586906433,0.528750479221344,0.041448310017585754,0.6153862476348877,0.5372365713119507,0.03665227070450783,0.6136980056762695,0.5522478818893433,0.028241416439414024,0.6239590644836426,0.5633853673934937,0.025311103090643883,0.6425762176513672,0.5028170943260193,0.03227510675787926,0.6084136962890625,0.5108824968338013,0.027157064527273178,0.6162715554237366,0.5285674929618835,0.01770579256117344,0.6349771022796631,0.5388979315757751,0.01543057058006525,0.6425612568855286,0.47663649916648865,0.020363112911581993,0.6070535778999329,0.48175567388534546,0.0154179148375988,0.6145091652870178,0.501456618309021,0.013142287731170654,0.6322463750839233,0.5108033418655396,0.016199499368667603,0.645717978477478,0.4474177956581116,0.008265764452517033,0.6061368584632874,0.44308963418006897,0.00866466574370861,0.5970210433006287,0.459667831659317,0.0124957375228405,0.6014324426651001,0.4752281904220581,0.017897862941026688,no
0.7404470443725586,0.5234121680259705,-1.1869681770804164e-07,0.7155061364173889,0.5721468925476074,-0.0018689885037019849,0.6771072745323181,0.6072359681129456,-0.0013106787810102105,0.6446006298065186,0.6269431114196777,-0.00394476531073451,0.6223005056381226,0.6347087621688843,-0.0052505615167319775,0.6433431506156921,0.5820183157920837,0.015426905825734138,0.6082823276519775,0.594129204750061,0.004079710692167282,0.6070237159729004,0.6052671670913696,-0.005487704183906317,0.6168938279151917,0.6096715927124023,-0.009280194528400898,0.6375885009765625,0.5494530200958252,0.011008183471858501,0.6003149151802063,0.5634376406669617,-0.00039803911931812763,0.6117205023765564,0.5738488435745239,-0.007938877679407597,0.6271883249282837,0.5753064751625061,-0.00908071082085371,0.6384231448173523,0.5163276195526123,0.004186759237200022,0.602664589881897,0.5289421081542969,-0.006019434425979853,0.6214484572410583,0.5406438112258911,-0.0031017882283777,0.6425181031227112,0.5415016412734985,0.0032672500237822533,0.644386351108551,0.4792672395706177,-0.003370183752849698,0.6052993535995483,0.48393261432647705,-0.0068381051532924175,0.6094880104064941,0.4987037777900696,-0.0002872105687856674,0.6214523315429688,0.5073978900909424,0.007120336405932903,no
0.7486826777458191,0.5188081860542297,-3.734974995950324e-08,0.7212428450584412,0.5616118311882019,0.005450304131954908,0.682339072227478,0.5870282649993896,0.008425196632742882,0.6524046659469604,0.6011896729469299,0.007537951692938805,0.6292387843132019,0.6105374693870544,0.006461142096668482,0.6597959399223328,0.5507603883743286,0.01794993318617344,0.6248961091041565,0.5658940076828003,0.012354396283626556,0.6052088141441345,0.586849570274353,0.004889912903308868,0.5941388010978699,0.6037271618843079,0.000358089484507218,0.6532934904098511,0.5265583395957947,0.009991169907152653,0.6163411140441895,0.5444093346595764,0.006174247711896896,0.5957216024398804,0.569394052028656,-0.00013113641762174666,0.5848386883735657,0.5887592434883118,-0.004172315821051598,0.6503094434738159,0.5019040703773499,0.000577339087612927,0.6111811399459839,0.5125479102134705,-0.003146581118926406,0.5952011942863464,0.5353406071662903,-0.004060808103531599,0.5894981026649475,0.5536973476409912,-0.0038336412981152534,0.6509164571762085,0.4739290475845337,-0.009180646389722824,0.6138924956321716,0.47549259662628174,-0.011154833249747753,0.5991625189781189,0.49156898260116577,-0.008086749352514744,0.5946930050849915,0.5099099278450012,-0.004983486607670784,no
0.7487285137176514,0.5341790914535522,-1.9172620113749872e-07,0.7185148596763611,0.5842228531837463,0.00033588113728910685,0.6775698661804199,0.6170169115066528,0.0022002910263836384,0.6462238430976868,0.6358724236488342,0.00033678169711492956,0.6221112608909607,0.6472235918045044,0.00010451169509906322,0.645063042640686,0.5827014446258545,0.01937529444694519,0.6153169870376587,0.5928969979286194,0.010780354030430317,0.6214861869812012,0.5992035865783691,0.003276033326983452,0.6368321180343628,0.603298544883728,0.0008165276376530528,0.6413463354110718,0.5504128336906433,0.014257624745368958,0.6109926700592041,0.5594498515129089,0.004461898934096098,0.6253626942634583,0.568985641002655,-0.0036425695288926363,0.6458151936531067,0.5736285448074341,-0.005441865883767605,0.642081618309021,0.5175787806510925,0.006851917132735252,0.61181640625,0.5263053774833679,-0.0011591686634346843,0.626568078994751,0.5389286279678345,-0.0013715234817937016,0.6465904116630554,0.5449934601783752,0.0022305864840745926,0.6471091508865356,0.48251456022262573,-0.0011238212464377284,0.6115453243255615,0.48337364196777344,-0.003712407313287258,0.6072774529457092,0.49753180146217346,6.7530650085245725e-06,0.6121922135353088,0.511405885219574,0.005026817787438631,no
0.7478955984115601,0.5296468734741211,-8.56365502954759e-08,0.7211638689041138,0.5819413065910339,-0.001892694504931569,0.6840761303901672,0.622399628162384,-0.0016429348615929484,0.6567966938018799,0.6518897414207458,-0.005241182167083025,0.6354109048843384,0.6741751432418823,-0.008390695787966251,0.6475467681884766,0.590064525604248,0.018633821979165077,0.6167080998420715,0.6060807704925537,0.01069617923349142,0.6093698143959045,0.6210746765136719,0.0012336851796135306,0.6097790002822876,0.6316711902618408,-0.004139141645282507,0.642021656036377,0.5573886036872864,0.013160302303731441,0.6076009273529053,0.5713315010070801,0.0033959760330617428,0.6139647364616394,0.5828105211257935,-0.005590949673205614,0.6268187761306763,0.5892298221588135,-0.008790082298219204,0.6419536471366882,0.5227651596069336,0.005163585767149925,0.6083245873451233,0.5354998707771301,-0.004086218308657408,0.6263173818588257,0.5442677140235901,-0.004252895247191191,0.6494567394256592,0.5467249155044556,-0.00046689051669090986,0.6460924744606018,0.4852304756641388,-0.0037452015094459057,0.6092895865440369,0.4906458854675293,-0.008251535706222057,0.6129820942878723,0.5039334297180176,-0.0043869358487427235,0.626739501953125,0.5145454406738281,0.0007213762146420777,no
0.7491366863250732,0.535281240940094,5.9049032330449336e-08,0.723268449306488,0.5849097371101379,0.0003033448592759669,0.6869848966598511,0.6213764548301697,0.0016018549213185906,0.6600002646446228,0.6477704644203186,0.0009640743373893201,0.6425473690032959,0.6700063347816467,0.00028517856844700873,0.6617558598518372,0.5810516476631165,0.011736896820366383,0.6290093660354614,0.5945826768875122,0.008944638073444366,0.6094290614128113,0.6086634993553162,0.0038504323456436396,0.5945662260055542,0.6193578839302063,-0.0003156567399855703,0.6544786095619202,0.5513928532600403,0.007208084687590599,0.6222074031829834,0.56477952003479,0.0057763406075537205,0.602834165096283,0.5832579135894775,0.0011906774016097188,0.5870062112808228,0.595245361328125,-0.0027116048149764538,0.6529169082641602,0.521936297416687,0.0013046885142102838,0.6177056431770325,0.5307965874671936,-0.0018711552256718278,0.602779746055603,0.5502229332923889,-0.0016746300971135497,0.593489944934845,0.563650369644165,-0.001293047796934843,0.6558969616889954,0.48883354663848877,-0.0050901914946734905,0.6183757185935974,0.4912893772125244,-0.007609429769217968,0.6066743731498718,0.5065346956253052,-0.004241985268890858,0.602860689163208,0.5221872925758362,-0.0012029772624373436,no
0.7471339702606201,0.5372217893600464,6.319530854170807e-08,0.7221521139144897,0.5871079564094543,-0.0017363191582262516,0.6860043406486511,0.6238489747047424,-0.001133897341787815,0.6583592891693115,0.6503983736038208,-0.0025776419788599014,0.6400321125984192,0.6722534894943237,-0.0038958340883255005,0.659381091594696,0.5841917991638184,0.011554382741451263,0.6276875138282776,0.599112868309021,0.008435479365289211,0.6090834140777588,0.6157048344612122,0.0030162299517542124,0.595462441444397,0.6283917427062988,-0.001259951270185411,0.6520481705665588,0.5535357594490051,0.007493286393582821,0.6198715567588806,0.5679448246955872,0.004863643553107977,0.6022143363952637,0.5872964262962341,-0.0001736187405185774,0.5900867581367493,0.5999062657356262,-0.0038765936624258757,0.6502693295478821,0.522842526435852,0.001798159908503294,0.6156549453735352,0.5330742001533508,-0.00267525902017951,0.6076565384864807,0.5514687299728394,-0.0016782963648438454,0.6069936156272888,0.5622038245201111,0.0002432024630252272,0.6523266434669495,0.48879921436309814,-0.004692498594522476,0.6145172119140625,0.493910551071167,-0.007914564572274685,0.6073104739189148,0.510173499584198,-0.003863318357616663,0.6110532879829407,0.5236590504646301,0.0003130336990579963,no
0.7473604083061218,0.5315870642662048,-1.401025286895674e-07,0.71833735704422,0.5757969617843628,0.005773585289716721,0.6855365037918091,0.6023102402687073,0.010896949097514153,0.6554216146469116,0.6193183660507202,0.011297541670501232,0.6322052478790283,0.6325348615646362,0.012553827837109566,0.6528578996658325,0.5671285390853882,0.0331454761326313,0.6244295835494995,0.5830580592155457,0.032813385128974915,0.6188772916793823,0.5981177687644958,0.028369005769491196,0.6230851411819458,0.6061813831329346,0.02649478241801262,0.6456519365310669,0.5411158800125122,0.027690572664141655,0.6144925951957703,0.5554391145706177,0.0267776008695364,0.6225832104682922,0.5722611546516418,0.021439606323838234,0.6340323686599731,0.5806105136871338,0.02009691670536995,0.6442368626594543,0.5167126655578613,0.020226841792464256,0.61456298828125,0.530036985874176,0.01998015120625496,0.631161093711853,0.5446380376815796,0.022480692714452744,0.6496714949607849,0.546988844871521,0.026233717799186707,0.6478561162948608,0.4873875379562378,0.012246528640389442,0.6132466793060303,0.4899359941482544,0.015647923573851585,0.6124181747436523,0.5071085691452026,0.021473191678524017,0.6183385252952576,0.5190348029136658,0.0267829280346632,no
0.7459474802017212,0.5348649024963379,-4.160096267469271e-08,0.7148218154907227,0.5895379185676575,0.0074803996831178665,0.678683340549469,0.6200047731399536,0.013623785227537155,0.6473773717880249,0.6367263793945312,0.016885235905647278,0.6261125802993774,0.645298182964325,0.021112794056534767,0.651644766330719,0.5838572382926941,0.021583380177617073,0.6191160082817078,0.5949365496635437,0.01857565902173519,0.6016889214515686,0.6100759506225586,0.012282194569706917,0.5919650197029114,0.6205668449401855,0.008294407278299332,0.6442468166351318,0.5543157458305359,0.015638340264558792,0.610752284526825,0.567685067653656,0.01396975014358759,0.5997591018676758,0.5853511691093445,0.010730519890785217,0.5929461717605591,0.5975469946861267,0.009170264936983585,0.6436082720756531,0.526427149772644,0.008696910925209522,0.609343409538269,0.5380635857582092,0.007264775224030018,0.6069110631942749,0.5574610233306885,0.013258280232548714,0.6085993051528931,0.5677602887153625,0.01858915574848652,0.6494052410125732,0.4930501878261566,0.001514655421487987,0.6122735142707825,0.4973703920841217,0.003534317947924137,0.6087279915809631,0.5138281583786011,0.012928170152008533,0.6123107075691223,0.526305079460144,0.02075720764696598,no
0.7456144094467163,0.5362593531608582,-3.411239291040147e-08,0.715657114982605,0.5879930257797241,0.004774908069521189,0.6770888566970825,0.6198551058769226,0.007948803715407848,0.644541323184967,0.635901689529419,0.008573402650654316,0.6205589771270752,0.6422568559646606,0.009705815464258194,0.6535665392875671,0.5808302164077759,0.013975447975099087,0.6199713349342346,0.5922467708587646,0.008054729551076889,0.6005192995071411,0.6068091988563538,0.0009434125386178493,0.5891729593276978,0.6173027753829956,-0.003238660516217351,0.6466956734657288,0.551984965801239,0.008162408135831356,0.6135991215705872,0.5654917359352112,0.005099440459161997,0.5972870588302612,0.5841509103775024,0.002128930762410164,0.5867507457733154,0.59682297706604,0.0007456663879565895,0.6453496217727661,0.5240143537521362,0.0011415580520406365,0.6103286743164062,0.5349453091621399,-0.002813936211168766,0.5985926389694214,0.5565115213394165,0.0009341342374682426,0.5934350490570068,0.5712021589279175,0.005017020273953676,0.6495830416679382,0.49182018637657166,-0.0061208587139844894,0.6115158200263977,0.49496471881866455,-0.00818374752998352,0.6003053188323975,0.5130508542060852,-0.001660801935940981,0.5973259210586548,0.5298165082931519,0.004745884332805872,no
0.7487470507621765,0.5317739844322205,-3.509878965246571e-08,0.7123875021934509,0.6023924350738525,0.0071634454652667046,0.6854134202003479,0.6488208770751953,0.012479337863624096,0.6632899045944214,0.685732901096344,0.014993700198829174,0.6507632732391357,0.7176722288131714,0.019128454849123955,0.6430256366729736,0.6169401407241821,0.022225193679332733,0.6138839721679688,0.6369421482086182,0.016110913828015327,0.6015147566795349,0.646369993686676,0.005882237106561661,0.5915720462799072,0.6490668058395386,-0.0017770315753296018,0.6349932551383972,0.5793325901031494,0.016018807888031006,0.5998631119728088,0.5963533520698547,0.00415780721232295,0.6125820875167847,0.5985177755355835,-0.005072693806141615,0.6218489408493042,0.5974352955818176,-0.00861341878771782,0.6347936391830444,0.5405884981155396,0.009562963619828224,0.6018267273902893,0.5558637380599976,0.003854150418192148,0.628415048122406,0.5597864389419556,0.011273663491010666,0.6484943628311157,0.5555435419082642,0.019258417189121246,0.6438041925430298,0.4978029131889343,0.0028718248941004276,0.6044962406158447,0.5044766068458557,0.005305716767907143,0.6196528077125549,0.5192676782608032,0.017610326409339905,0.6372416019439697,0.5236849188804626,0.02780226618051529,no
0.7507027387619019,0.5330872535705566,-5.720962548139141e-08,0.7127400636672974,0.6002230644226074,0.0033784315455704927,0.6849514842033386,0.644550085067749,0.004716794937849045,0.6627379655838013,0.6839690208435059,0.0038644145242869854,0.6483576893806458,0.7166837453842163,0.005488291382789612,0.6481121182441711,0.5968694686889648,0.018592674285173416,0.6176961660385132,0.6108227968215942,0.019350113347172737,0.6160695552825928,0.6092692613601685,0.017744461074471474,0.6210377216339111,0.6058660745620728,0.01617535389959812,0.6394733786582947,0.5635252594947815,0.016119861975312233,0.6102957725524902,0.5785402059555054,0.012824613600969315,0.6233400702476501,0.577621340751648,0.008282613940536976,0.6346662044525146,0.576290488243103,0.0056078871712088585,0.6390048861503601,0.5301980376243591,0.013557283207774162,0.6104978322982788,0.5464703440666199,0.01709202490746975,0.6306192874908447,0.5474046468734741,0.025168096646666527,0.6467121839523315,0.5436159372329712,0.029713056981563568,0.6459954380989075,0.4932487905025482,0.010352180339396,0.6086803674697876,0.4967060387134552,0.018062587827444077,0.617235004901886,0.5087219476699829,0.0290074460208416,0.6283583045005798,0.5132777690887451,0.03609028086066246,no
0.7440592646598816,0.5319585800170898,-7.461489559545953e-08,0.7122943997383118,0.5899412035942078,0.0024419217370450497,0.6807268857955933,0.6298158168792725,0.003174516372382641,0.6561142206192017,0.6648273468017578,0.0011916047660633922,0.6398870944976807,0.6957942247390747,0.00022539918427355587,0.6478145718574524,0.5850867033004761,0.01457262970507145,0.6146995425224304,0.6015856862068176,0.012166721746325493,0.6068184971809387,0.6153521537780762,0.007950736209750175,0.607975959777832,0.6235969662666321,0.005209251772612333,0.6410647630691528,0.5547838807106018,0.010612430982291698,0.6080535054206848,0.5719291567802429,0.005255343392491341,0.6152383685112,0.5840142965316772,-2.3382744984701276e-05,0.623323917388916,0.5903691053390503,-0.00246212026104331,0.6410989165306091,0.524742603302002,0.006248642690479755,0.609261155128479,0.540726900100708,0.004904706031084061,0.6277554631233215,0.5504910945892334,0.011381623335182667,0.6461307406425476,0.550890326499939,0.01660992205142975,0.6466196775436401,0.4894298315048218,0.0013404126511886716,0.6087271571159363,0.49636149406433105,0.0042944299057126045,0.6189977526664734,0.5113195180892944,0.013842538930475712,0.6342753171920776,0.5185611844062805,0.02113763988018036,no
0.7478111386299133,0.5418700575828552,1.839461134522935e-07,0.7175307869911194,0.6054415702819824,-0.0013117395574226975,0.6870189905166626,0.6505514979362488,-0.0015920752193778753,0.662567675113678,0.6856412887573242,-0.0035055403131991625,0.6486895680427551,0.7144526243209839,-0.00519684050232172,0.6595486998558044,0.6158263087272644,0.007370770443230867,0.6267058253288269,0.6343737840652466,0.0041071041487157345,0.6064877510070801,0.6460450887680054,-0.0027365528512746096,0.5884698629379272,0.6541659832000732,-0.008829614147543907,0.6490015387535095,0.5784964561462402,0.003840806195512414,0.6155380010604858,0.5927730202674866,-0.0005045717698521912,0.5995559692382812,0.6037353277206421,-0.007511937525123358,0.5859972238540649,0.6122043132781982,-0.013102191500365734,0.6472960114479065,0.5404576063156128,-7.512167940149084e-05,0.6141688823699951,0.5505666732788086,-0.003916841931641102,0.6213246583938599,0.5574846863746643,0.0003634175518527627,0.6312332153320312,0.559360682964325,0.004360470920801163,0.6516417264938354,0.4994004964828491,-0.004690886940807104,0.612341582775116,0.5049248337745667,-0.00560938473790884,0.6174649000167847,0.5177435278892517,0.002823764458298683,0.632034182548523,0.5256648063659668,0.00982173066586256,no
0.7505718469619751,0.5378158092498779,-6.587177470152028e-09,0.7249390482902527,0.5781000256538391,0.0018547732615843415,0.6875202655792236,0.6045809984207153,0.005246739834547043,0.6596936583518982,0.6225418448448181,0.0054079266265034676,0.6403279304504395,0.6374751329421997,0.0057578375563025475,0.6581630706787109,0.571097731590271,0.0228838250041008,0.6267585158348083,0.5870724320411682,0.020762188360095024,0.6091959476470947,0.6037322282791138,0.014893767423927784,0.597009003162384,0.615057647228241,0.010526930913329124,0.6516657471656799,0.546299159526825,0.017473263666033745,0.6192514896392822,0.5635072588920593,0.016479728743433952,0.6010586023330688,0.5835109353065491,0.010455107316374779,0.5888047218322754,0.5977284908294678,0.006371855735778809,0.6499778032302856,0.5206401944160461,0.009907711297273636,0.6157691478729248,0.5337371230125427,0.008222201839089394,0.5999811887741089,0.5530105829238892,0.007313378155231476,0.5906423330307007,0.5674625635147095,0.007132540922611952,0.6521384119987488,0.4907725751399994,0.0015062231104820967,0.6181476712226868,0.49450743198394775,0.0010124340187758207,0.6030085682868958,0.5088168978691101,0.0038392087444663048,0.5945497155189514,0.5251931548118591,0.006548426579684019,no
0.748725414276123,0.5346885919570923,-7.820944780689842e-09,0.7254423499107361,0.5768192410469055,0.0006596026360057294,0.6901723146438599,0.6058912873268127,0.0025750065688043833,0.6616804599761963,0.6241898536682129,0.000660048215650022,0.6402897238731384,0.6395261287689209,-0.0008614881662651896,0.6547161936759949,0.5786709189414978,0.02356869727373123,0.6260420680046082,0.5931951403617859,0.018923169001936913,0.6124801635742188,0.6078113913536072,0.011753382161259651,0.6067627668380737,0.6161572933197021,0.007889015600085258,0.6490949392318726,0.5517873764038086,0.01803485117852688,0.6171688437461853,0.5663360357284546,0.013561802916228771,0.6082168817520142,0.5833274722099304,0.006899888627231121,0.6069297790527344,0.5945524573326111,0.004354541655629873,0.6482077240943909,0.5237964987754822,0.009964712895452976,0.6172436475753784,0.5360024571418762,0.004487736150622368,0.6200675964355469,0.5503725409507751,0.005201489198952913,0.6293664574623108,0.558341383934021,0.0087681133300066,0.6509549617767334,0.4918570816516876,0.0009705827687866986,0.6172029972076416,0.49559563398361206,-0.0005242781480774283,0.6083064675331116,0.5092743039131165,0.003469690680503845,0.6085125207901001,0.5229262113571167,0.008196193724870682,no
0.762407124042511,0.5627347826957703,-4.380113338697811e-08,0.7243704795837402,0.6234368085861206,-0.0015265407273545861,0.6890016794204712,0.6751462817192078,-0.002555617829784751,0.6662225127220154,0.7196632623672485,-0.0072046020068228245,0.6528288722038269,0.7541500926017761,-0.011244168505072594,0.6531272530555725,0.6273981928825378,0.021734140813350677,0.6181122660636902,0.6438084840774536,0.01642780192196369,0.6132436990737915,0.6504745483398438,0.006601683329790831,0.6164380311965942,0.6531330943107605,0.000211769511224702,0.6463887691497803,0.5900720357894897,0.017549578100442886,0.6089422106742859,0.6046961545944214,0.010452283546328545,0.6192497611045837,0.6078429222106934,-0.001175290672108531,0.636654257774353,0.6051422357559204,-0.007478591054677963,0.6464084386825562,0.5526843070983887,0.011502264067530632,0.6085725426673889,0.5650100111961365,0.009064313024282455,0.6242173910140991,0.5715723633766174,0.008502679876983166,0.6472687125205994,0.571349561214447,0.009481431916356087,0.6519920825958252,0.5131752490997314,0.00445678923279047,0.6096469163894653,0.5189436674118042,0.007436138112097979,0.6127968430519104,0.5313664674758911,0.013608022592961788,0.6288305521011353,0.538279116153717,0.01868128962814808,no
0.7729361057281494,0.6024154424667358,-1.933460112013563e-07,0.7342329025268555,0.6611062288284302,0.006062018219381571,0.6960180997848511,0.703253984451294,0.011893212795257568,0.6689859628677368,0.7362713813781738,0.010560126975178719,0.6490995287895203,0.7621636986732483,0.0100290197879076,0.6596444249153137,0.6528093218803406,0.05149666219949722,0.6246150135993958,0.667432427406311,0.04930359497666359,0.6320620775222778,0.6776190400123596,0.0393715538084507,0.6486077308654785,0.6834255456924438,0.03440699353814125,0.6547751426696777,0.62109375,0.04445846006274223,0.6190638542175293,0.6340271830558777,0.04006039351224899,0.6360108256340027,0.6462574005126953,0.025222059339284897,0.6585437059402466,0.6508949995040894,0.018610849976539612,0.6539575457572937,0.5882384181022644,0.0341813750565052,0.6182915568351746,0.6004698872566223,0.03212256357073784,0.6363086700439453,0.6128680109977722,0.02725551649928093,0.6605254411697388,0.6158314347267151,0.027539610862731934,0.6570129990577698,0.5506619215011597,0.023368652909994125,0.6170189380645752,0.5535910129547119,0.02955654263496399,0.6130951642990112,0.5679799914360046,0.03501618653535843,0.6192158460617065,0.5786668062210083,0.040324483066797256,no
0.7690694332122803,0.6136632561683655,2.1110293513260103e-09,0.7400841116905212,0.6636777520179749,0.002856288105249405,0.6989313960075378,0.6967917084693909,0.00610689353197813,0.6688486337661743,0.7159508466720581,0.005766246933490038,0.6443870663642883,0.7313011884689331,0.005689069163054228,0.6705625057220459,0.6573891639709473,0.026558995246887207,0.63545161485672,0.672733724117279,0.025353847071528435,0.6168672442436218,0.6892991662025452,0.019365457817912102,0.6020728349685669,0.7038239240646362,0.01436673291027546,0.6641075015068054,0.626869797706604,0.019588036462664604,0.6301673650741577,0.6410754919052124,0.01825670339167118,0.6117659211158752,0.6588035225868225,0.010011994279921055,0.5999199151992798,0.6742875576019287,0.0041762772016227245,0.6622572541236877,0.5962326526641846,0.010422163642942905,0.6273374557495117,0.6045327186584473,0.009527693502604961,0.609139084815979,0.6218442320823669,0.007380802650004625,0.5967358350753784,0.6378588676452637,0.0059365262277424335,0.6632745265960693,0.5621275901794434,0.00047013460425660014,0.6274745464324951,0.5652452707290649,0.00044844142394140363,0.6066672205924988,0.5780192613601685,0.002531025791540742,0.5912203192710876,0.5938367247581482,0.004422144964337349,no
0.7618035674095154,0.6271157264709473,-2.797308127355791e-07,0.7292805314064026,0.6941033601760864,0.005757215432822704,0.6954765915870667,0.7381995320320129,0.008002480491995811,0.6705807447433472,0.7757217288017273,0.004690814763307571,0.6536836624145508,0.8095154762268066,0.0030028719920665026,0.6516492962837219,0.6895732283592224,0.031894806772470474,0.6176985502243042,0.7032893896102905,0.025379188358783722,0.6320830583572388,0.7070782780647278,0.016148965805768967,0.6515644788742065,0.7049316763877869,0.011245660483837128,0.6453261375427246,0.6575355529785156,0.024587178602814674,0.6105867624282837,0.6714630126953125,0.01594635471701622,0.6370757818222046,0.6738988757133484,0.006398783065378666,0.661418080329895,0.6688595414161682,0.0028662935364991426,0.64593106508255,0.6239286065101624,0.015378914773464203,0.6133573651313782,0.6379592418670654,0.012086243368685246,0.6419731974601746,0.6414542198181152,0.016283517703413963,0.6658039689064026,0.6342241168022156,0.020836643874645233,0.6526075005531311,0.5834316611289978,0.0057073612697422504,0.6149597764015198,0.5926067233085632,0.009169635362923145,0.6332513093948364,0.6064341068267822,0.019076569005846977,0.6527292728424072,0.607772946357727,0.02704748511314392,no
0.7633912563323975,0.6340159177780151,-2.4937131115621014e-07,0.7328299283981323,0.6956661343574524,-0.0018216414609923959,0.6958093047142029,0.7463149428367615,-0.0018365558935329318,0.6713727712631226,0.7855676412582397,-0.0062691522762179375,0.6569662094116211,0.8196384310722351,-0.008959916420280933,0.6533231139183044,0.6988834142684937,0.025736169889569283,0.6209211349487305,0.7016220092773438,0.015784813091158867,0.6386781334877014,0.7048609852790833,0.004773764405399561,0.6607635617256165,0.7073734402656555,-0.0007580683450214565,0.6467294096946716,0.6634758710861206,0.020906366407871246,0.6168413162231445,0.6698678731918335,0.010482282377779484,0.640049159526825,0.6730435490608215,-0.0002018100640270859,0.6639025807380676,0.6717585325241089,-0.004561755806207657,0.6465423703193665,0.6271955966949463,0.013026558794081211,0.6166371703147888,0.6356378197669983,0.0057216850109398365,0.6404856443405151,0.6416414976119995,0.0066357566975057125,0.6653829216957092,0.640862762928009,0.009906739927828312,0.6527095437049866,0.5858741998672485,0.004299626685678959,0.6179782748222351,0.5926283597946167,0.003945160191506147,0.6323674917221069,0.6064878106117249,0.011016009375452995,0.6520352959632874,0.6138114929199219,0.01777081936597824,no
0.7653459310531616,0.6355088353157043,-1.3833933110163343e-07,0.7340325117111206,0.6968935132026672,-0.0015717603964731097,0.6974427700042725,0.7464693784713745,-0.0013595493510365486,0.6739453077316284,0.7851477265357971,-0.005403568036854267,0.6580925583839417,0.8182774782180786,-0.00846888218075037,0.6575347781181335,0.6937969923019409,0.025165820494294167,0.622905969619751,0.6975054144859314,0.020217129960656166,0.626512348651886,0.7050213813781738,0.012042717076838017,0.6372820734977722,0.7125824689865112,0.007146212738007307,0.6520676612854004,0.6594141721725464,0.020543910562992096,0.6189756393432617,0.6648915410041809,0.014384078793227673,0.6322585344314575,0.6737723350524902,0.004539070650935173,0.6501805186271667,0.6779717803001404,-0.0006000488065183163,0.6528546810150146,0.6241834759712219,0.013371978886425495,0.6194385290145874,0.6300271153450012,0.009867931716144085,0.6365908980369568,0.6411651968955994,0.010051123797893524,0.6578229069709778,0.6456294059753418,0.011624032631516457,0.6591367721557617,0.5848691463470459,0.005203100852668285,0.6211029291152954,0.5853755474090576,0.006879067048430443,0.6285642385482788,0.6034150123596191,0.012731683440506458,0.6455406546592712,0.6167048811912537,0.017640264704823494,no
0.7581222057342529,0.6327509880065918,-1.8306738525097899e-07,0.7335903644561768,0.6866949200630188,-0.00034449133090674877,0.7000628113746643,0.7224907875061035,-0.0004836377629544586,0.6719939708709717,0.7443640828132629,-0.004807612393051386,0.6534452438354492,0.761838972568512,-0.008166695944964886,0.6574956178665161,0.6826214790344238,0.021152175962924957,0.626231849193573,0.6886674761772156,0.014081497676670551,0.6292250752449036,0.6970565319061279,0.005471373442560434,0.6385005116462708,0.7005578875541687,0.0010538691421970725,0.6518654823303223,0.6512846350669861,0.01569383777678013,0.6215103268623352,0.660404622554779,0.009411114268004894,0.6351132392883301,0.6685470342636108,0.0018310063751414418,0.6504160761833191,0.6685321927070618,-0.0010321814334020019,0.6517834663391113,0.6197408437728882,0.007812043651938438,0.6217894554138184,0.6291253566741943,0.0032398677431046963,0.6389197707176208,0.6387928128242493,0.004482031799852848,0.6584427356719971,0.6383915543556213,0.007560207042843103,0.6567202210426331,0.5844013690948486,-0.0009427627664990723,0.6208738684654236,0.5887147188186646,-0.0006587323732674122,0.6263184547424316,0.6045352220535278,0.005601820535957813,0.6406884789466858,0.6134192943572998,0.01168577466160059,no
0.756693422794342,0.6338030099868774,-2.7193499363420415e-07,0.729653537273407,0.6866235733032227,0.005072453524917364,0.695558488368988,0.7231560945510864,0.007127236574888229,0.6669312119483948,0.7469751834869385,0.004304830450564623,0.6486034989356995,0.7655187249183655,0.0026305236387997866,0.6531357765197754,0.6796614527702332,0.023228049278259277,0.6226271390914917,0.6887294054031372,0.015190397389233112,0.6331478953361511,0.6997084021568298,0.005966466851532459,0.6481030583381653,0.7018746733665466,0.0010171291651204228,0.6479507088661194,0.6500627994537354,0.015488815493881702,0.6174644231796265,0.6625779867172241,0.0076747797429561615,0.6358258128166199,0.6747995615005493,-0.000171010906342417,0.6533459424972534,0.6747263669967651,-0.0034722064156085253,0.6486303210258484,0.6200046539306641,0.006075370125472546,0.6179664134979248,0.632203221321106,0.0014760475605726242,0.6398823857307434,0.6450202465057373,0.005154108628630638,0.6606734395027161,0.643246054649353,0.009255828335881233,0.6546379327774048,0.5854591727256775,-0.0037669693119823933,0.6184321641921997,0.5941976308822632,-0.003495844779536128,0.6322189569473267,0.6110532283782959,0.005103193689137697,0.6512460708618164,0.6161452531814575,0.012730453163385391,no
0.7622864842414856,0.6419894695281982,-2.8548299724207027e-07,0.7319366335868835,0.7053104043006897,0.0026238972786813974,0.7003986239433289,0.7498809099197388,0.002680680714547634,0.6761597394943237,0.7856975197792053,-0.002293060766533017,0.661002516746521,0.8168383836746216,-0.005401527509093285,0.6549767851829529,0.696474552154541,0.02554287202656269,0.6227247714996338,0.7061634659767151,0.016834409907460213,0.6386444568634033,0.7150061130523682,0.006875090766698122,0.660658597946167,0.7183204293251038,0.0019174113404005766,0.648982048034668,0.6633046269416809,0.018735213205218315,0.6164703369140625,0.6754722595214844,0.0087844617664814,0.6411734819412231,0.6857452988624573,-0.0010589581215754151,0.6652445197105408,0.6864649057388306,-0.004869339521974325,0.6495971083641052,0.6305839419364929,0.009850936941802502,0.6170622706413269,0.6425880789756775,0.004953575320541859,0.6438671350479126,0.6536874175071716,0.008112221956253052,0.6688562035560608,0.6524583101272583,0.012357482686638832,0.655680239200592,0.5912561416625977,0.0002485986042302102,0.617312490940094,0.5950197577476501,0.001916992594487965,0.6312019228935242,0.6131625771522522,0.010672402568161488,0.6495847105979919,0.6221979856491089,0.018280772492289543,no
0.7620303630828857,0.6445408463478088,-2.538117485073599e-07,0.735923707485199,0.7007692456245422,-0.0034261231776326895,0.7010636925697327,0.7469298839569092,-0.006440677680075169,0.6770509481430054,0.7850501537322998,-0.012869574129581451,0.6634940505027771,0.8194516897201538,-0.017718754708766937,0.6562820672988892,0.6930814981460571,0.012261273339390755,0.6218582391738892,0.7000355124473572,0.0020266699139028788,0.6332646608352661,0.7120905518531799,-0.006022689864039421,0.6507915258407593,0.7204790115356445,-0.009653611108660698,0.6507769227027893,0.6613726615905762,0.007426190655678511,0.6172181367874146,0.6721315979957581,-0.003926625940948725,0.6360393762588501,0.6842979788780212,-0.011712069623172283,0.6554641723632812,0.6878324747085571,-0.014378602616488934,0.6511831879615784,0.6283438801765442,0.0003698511573020369,0.6177106499671936,0.6377769112586975,-0.007518966216593981,0.6384356617927551,0.6515657901763916,-0.005247795954346657,0.6595143675804138,0.6562390923500061,-0.0015224297530949116,0.6570867300033569,0.5912566781044006,-0.007573028560727835,0.619562566280365,0.5956130623817444,-0.00984948594123125,0.632070779800415,0.6124430894851685,-0.003539844648912549,0.6500446200370789,0.6234955191612244,0.002563979011029005,no
0.7665947079658508,0.640274167060852,-2.6518236495576275e-07,0.737568199634552,0.7001151442527771,-0.0007092628511600196,0.7024129033088684,0.7482185363769531,-0.0012486230116337538,0.6784471273422241,0.7877692580223083,-0.0063241347670555115,0.6640223860740662,0.822395920753479,-0.010052514262497425,0.6560662984848022,0.6953828930854797,0.024414991959929466,0.6220389008522034,0.7078350186347961,0.0161932110786438,0.6341127753257751,0.7216581106185913,0.0053721023723483086,0.6552754640579224,0.7301151156425476,-0.0005694575957022607,0.6498603224754333,0.6627812385559082,0.0187234990298748,0.6154481172561646,0.6761733889579773,0.010345475748181343,0.6339331269264221,0.6906406879425049,-0.0004903292283415794,0.6585304737091064,0.6968656182289124,-0.005628387443721294,0.6507880687713623,0.6288169622421265,0.010416931472718716,0.6161172986030579,0.6407228112220764,0.005556778982281685,0.6360673308372498,0.6552796959877014,0.005245507694780827,0.6619018912315369,0.6594507098197937,0.006915649399161339,0.6571434736251831,0.5888104438781738,0.0011143145384266973,0.6187806129455566,0.594971776008606,0.0008888565353117883,0.6281423568725586,0.6129748821258545,0.006294038612395525,0.647530198097229,0.6238191723823547,0.011540472507476807,no
0.7602076530456543,0.6436806917190552,-2.1945047024019004e-07,0.7372028231620789,0.7007685303688049,-0.004702394362539053,0.6995425820350647,0.7485498785972595,-0.007063286378979683,0.6759450435638428,0.787209689617157,-0.012964550405740738,0.6587585210800171,0.8198923468589783,-0.01825636811554432,0.6567555069923401,0.6951168775558472,0.01319584809243679,0.6212025880813599,0.7021079063415527,0.002649568719789386,0.6267491579055786,0.7176515460014343,-0.006854022387415171,0.6419503688812256,0.7267311215400696,-0.011523992754518986,0.6519100666046143,0.6623587608337402,0.00849415548145771,0.616618812084198,0.6738188862800598,-0.0023691989481449127,0.6334618330001831,0.6869752407073975,-0.010538805276155472,0.6556928753852844,0.688370406627655,-0.013012954965233803,0.6516608595848083,0.6274136304855347,0.0011594316456466913,0.6173433065414429,0.6399512887001038,-0.007915981113910675,0.6400801539421082,0.6518516540527344,-0.00651722913607955,0.6649381518363953,0.6514482498168945,-0.002421810757368803,0.6561099290847778,0.5880022644996643,-0.007156720384955406,0.6199434995651245,0.5982128977775574,-0.011113756336271763,0.6344955563545227,0.6141033172607422,-0.005685817915946245,0.6560935974121094,0.6205055713653564,0.00029236977570690215,no
0.7585090398788452,0.643761157989502,-1.294684182084893e-07,0.7347703576087952,0.6992439031600952,-0.00549659738317132,0.6970341205596924,0.7449918389320374,-0.007744739297777414,0.6738064289093018,0.7825961112976074,-0.012948504649102688,0.6560090184211731,0.8143216967582703,-0.017652437090873718,0.6568266749382019,0.6881111860275269,0.011735226958990097,0.6228632926940918,0.6942394375801086,0.003954797051846981,0.6164329051971436,0.7127663493156433,-0.004034616518765688,0.6216039657592773,0.7285448312759399,-0.008235733024775982,0.6534035205841064,0.6562427282333374,0.008040137588977814,0.6193877458572388,0.665749192237854,0.001080294605344534,0.6248822808265686,0.6841596364974976,-0.005118930712342262,0.6379798650741577,0.6944227814674377,-0.007481776177883148,0.6543592214584351,0.6228908896446228,0.0017536751693114638,0.6205650568008423,0.6319913864135742,-0.004797372035682201,0.6349940299987793,0.6492897868156433,-0.0028140360955148935,0.6541129946708679,0.6566768288612366,0.0009312195470556617,0.6589030623435974,0.585080623626709,-0.005737145897001028,0.6221833825111389,0.5897557139396667,-0.008785328827798367,0.6305986642837524,0.607929527759552,-0.0038646890316158533,0.6487414836883545,0.6208447217941284,0.0013782165478914976,no
0.7617111206054688,0.6466626524925232,-1.7732368462475279e-07,0.7349775433540344,0.7040736079216003,-0.0031786246690899134,0.697406530380249,0.7478458285331726,-0.003761477768421173,0.6693757176399231,0.7775572538375854,-0.008382000029087067,0.6482690572738647,0.8024788498878479,-0.011893138289451599,0.6550674438476562,0.6986945867538452,0.020288152620196342,0.6223315596580505,0.7069765329360962,0.010870186612010002,0.6252086162567139,0.722461998462677,0.0007262966828420758,0.6371719241142273,0.7311305403709412,-0.004311762284487486,0.6505833268165588,0.6642245650291443,0.015473525039851665,0.6157530546188354,0.6726431250572205,0.007315473631024361,0.624974250793457,0.6909902095794678,-0.0010366591159254313,0.6405900716781616,0.6990794539451599,-0.004154876805841923,0.6511852145195007,0.6285426020622253,0.007506507448852062,0.6164951920509338,0.6371506452560425,0.0001173068885691464,0.6315491199493408,0.6559760570526123,0.0009863993618637323,0.6519749164581299,0.6623984575271606,0.004782798234373331,0.6558859348297119,0.5876811742782593,-0.001631220686249435,0.6154552102088928,0.5911344885826111,-0.004157507326453924,0.6205006241798401,0.6117921471595764,0.001100720721296966,0.6371850371360779,0.6255337595939636,0.007126703392714262,no
0.7612589597702026,0.6402591466903687,-2.6261577090735955e-07,0.7331455945968628,0.7039212584495544,-0.0020021409727633,0.6985568404197693,0.7515733242034912,-0.004240000154823065,0.6732339859008789,0.7881320714950562,-0.010270523838698864,0.6576546430587769,0.8202276229858398,-0.014706281945109367,0.653903603553772,0.7066349983215332,0.013575239107012749,0.6215461492538452,0.7162618637084961,0.0022178208455443382,0.6365947723388672,0.7180869579315186,-0.007648376282304525,0.6572391986846924,0.716468870639801,-0.012289078906178474,0.6476156115531921,0.6700654029846191,0.008114645257592201,0.6133631467819214,0.6821906566619873,-0.0049561625346541405,0.6369307041168213,0.6849089860916138,-0.01485095638781786,0.6612984538078308,0.6816918253898621,-0.018437860533595085,0.6481897234916687,0.6324695348739624,0.0008516494417563081,0.6144535541534424,0.646129846572876,-0.007649918086826801,0.6402495503425598,0.6518387794494629,-0.004522913601249456,0.6659597158432007,0.6489412188529968,0.0001660279813222587,0.6555017232894897,0.5895566940307617,-0.007193566299974918,0.6163012385368347,0.596979558467865,-0.009218874387443066,0.630724310874939,0.6127179861068726,-0.0010231630876660347,0.6514326333999634,0.6213592886924744,0.00667669577524066,no
0.7608388662338257,0.6401980519294739,-2.833103565080819e-07,0.7336295247077942,0.7020321488380432,-0.002744991797953844,0.6996750235557556,0.7511825561523438,-0.0054705203510820866,0.6751939654350281,0.7894667983055115,-0.01172553189098835,0.6594936847686768,0.8220188617706299,-0.016270022839307785,0.6535358428955078,0.7049232721328735,0.01079349871724844,0.6217347383499146,0.7136142253875732,0.00042960140854120255,0.6388984322547913,0.7164182662963867,-0.007603655569255352,0.6611167788505554,0.7166126370429993,-0.011054840870201588,0.6479000449180603,0.6681210398674011,0.005889458116143942,0.6153033971786499,0.6784421801567078,-0.005749499425292015,0.6389912366867065,0.6832654476165771,-0.0143520412966609,0.6632518768310547,0.6818161606788635,-0.017477763816714287,0.6486514210700989,0.6302509307861328,-0.0007128533907234669,0.6163142323493958,0.6414542198181152,-0.008561580441892147,0.6414922475814819,0.6485005617141724,-0.005802168045192957,0.6672338843345642,0.6470083594322205,-0.0017210127552971244,0.655663013458252,0.5878623723983765,-0.008047242648899555,0.6174913644790649,0.5936522483825684,-0.010455728508532047,0.6310585141181946,0.6095885038375854,-0.0032232769299298525,0.6511135697364807,0.6190196871757507,0.0037363413721323013,no
0.7677218914031982,0.6474406719207764,-2.135094945288074e-07,0.7378745079040527,0.7085227966308594,0.002243685768917203,0.7001971006393433,0.750998318195343,0.0040275021456182,0.672461986541748,0.7833571434020996,-5.786086694570258e-05,0.6529984474182129,0.8134707808494568,-0.0033719721250236034,0.6562319993972778,0.7028293609619141,0.03451351448893547,0.6223141551017761,0.7125308513641357,0.028107978403568268,0.6335057020187378,0.7235816121101379,0.018530597910284996,0.6488446593284607,0.7288292050361633,0.013483326882123947,0.6502557396888733,0.6690071821212769,0.026888933032751083,0.6155651211738586,0.6787433624267578,0.02068030647933483,0.6334969401359558,0.6897889375686646,0.010793546214699745,0.6529779434204102,0.6906557679176331,0.006816370412707329,0.6505818367004395,0.6323339939117432,0.0160982683300972,0.6154054403305054,0.6418710350990295,0.01167882326990366,0.6377123594284058,0.6525458097457886,0.012292103841900826,0.6599617600440979,0.6517063975334167,0.015078576281666756,0.6567784547805786,0.5900642275810242,0.004518017638474703,0.618464469909668,0.5968420505523682,0.005678422749042511,0.6333504319190979,0.6131353974342346,0.012926608324050903,0.6546159386634827,0.618452787399292,0.01961737871170044,no
0.7661350965499878,0.6391043663024902,-2.524953686133813e-07,0.733770489692688,0.702384352684021,0.000816517393104732,0.7002426981925964,0.7512284517288208,0.0013137790374457836,0.6753081679344177,0.7905240058898926,-0.00232711061835289,0.6598835587501526,0.8245366215705872,-0.0034475261345505714,0.6536592245101929,0.7034878730773926,0.025480618700385094,0.623108446598053,0.7078031897544861,0.019802505150437355,0.6401786804199219,0.7084833979606628,0.013510183431208134,0.6586824059486389,0.7088733911514282,0.010242258198559284,0.6477610468864441,0.6656177639961243,0.02014363557100296,0.6172556281089783,0.6733474731445312,0.012030292302370071,0.6435276865959167,0.6742295026779175,0.004559710621833801,0.6650900840759277,0.6727135181427002,0.0017555959057062864,0.650368332862854,0.6297650933265686,0.012684216722846031,0.6210031509399414,0.6377229690551758,0.008945874869823456,0.648095965385437,0.6416463851928711,0.01426081731915474,0.6696332097053528,0.6398701071739197,0.019139379262924194,0.6600690484046936,0.5878061652183533,0.004482038784772158,0.623612642288208,0.5896632671356201,0.0072970460169017315,0.6354591250419617,0.6038178205490112,0.016615130007267,0.6481180787086487,0.6129653453826904,0.02385753206908703,no
0.7600284814834595,0.6412868499755859,-2.3388426484416414e-07,0.7318533062934875,0.6962022185325623,-0.0002768211124930531,0.6956807971000671,0.737864077091217,-0.00034671754110604525,0.6685526967048645,0.7698731422424316,-0.004877905361354351,0.6511839032173157,0.7972774505615234,-0.008090653456747532,0.6520889401435852,0.6940664052963257,0.02121838554739952,0.620568037033081,0.7030674815177917,0.010305467061698437,0.6334766149520874,0.711463987827301,-0.0008783171651884913,0.6526005864143372,0.7131378054618835,-0.006376428063958883,0.6484110355377197,0.6613757014274597,0.015102440491318703,0.6153213977813721,0.6726323366165161,0.004133160691708326,0.6378806829452515,0.6809087991714478,-0.004958752077072859,0.6611838340759277,0.6790677905082703,-0.0076867821626365185,0.6509189605712891,0.6264632940292358,0.006481740158051252,0.6168991923332214,0.6361353993415833,-0.0016553602181375027,0.642681896686554,0.6464579105377197,0.0012082073371857405,0.6683614253997803,0.6450947523117065,0.006364315748214722,0.659348726272583,0.5869899988174438,-0.0029853149317204952,0.6218779683113098,0.5909830927848816,-0.005220619961619377,0.6364195346832275,0.6081265211105347,0.0024162798654288054,0.6578980088233948,0.6158422231674194,0.01015088614076376,no
0.7673377394676208,0.6440733671188354,-2.1887737489123538e-07,0.7350760102272034,0.6994017362594604,0.002109489869326353,0.6994587182998657,0.7372841238975525,0.0037755051162093878,0.6725354194641113,0.7661786079406738,-0.0005977763794362545,0.6521331667900085,0.7918500304222107,-0.004111100919544697,0.6578783392906189,0.6851232051849365,0.033858317881822586,0.6254141926765442,0.6925137639045715,0.026523765176534653,0.6345160603523254,0.7056788802146912,0.015422088094055653,0.6509820222854614,0.7124738693237305,0.009703361429274082,0.6532929539680481,0.6550500988960266,0.026513943448662758,0.61997389793396,0.6639885306358337,0.0188324972987175,0.6383432149887085,0.6789830327033997,0.0075695328414440155,0.6616173386573792,0.6817951798439026,0.0031849564984440804,0.6542139649391174,0.623750627040863,0.016075478866696358,0.6194554567337036,0.6314278244972229,0.010874602943658829,0.6426246762275696,0.6466046571731567,0.01036539115011692,0.6692034006118774,0.6478205919265747,0.013219812884926796,0.6601880788803101,0.5874398350715637,0.004684727638959885,0.6209081411361694,0.5885124802589417,0.0050362031906843185,0.6315181851387024,0.6091346740722656,0.010969213210046291,0.6529195308685303,0.6207441091537476,0.017232367768883705,no
0.7652559280395508,0.6395873427391052,-3.144359936868568e-07,0.7311407923698425,0.6990011930465698,0.004694208037108183,0.6965543031692505,0.7419136166572571,0.005742574576288462,0.671649694442749,0.7795692086219788,0.0018827707972377539,0.6551687121391296,0.8131269812583923,0.00039426525472663343,0.6514217257499695,0.6935741901397705,0.02493414469063282,0.6189230680465698,0.7032843232154846,0.01644078455865383,0.6387625932693481,0.7084707617759705,0.008251860737800598,0.6595042943954468,0.7071293592453003,0.004074066411703825,0.6466422080993652,0.659652054309845,0.017404649406671524,0.613571047782898,0.6718478202819824,0.005547438282519579,0.6452004909515381,0.6773016452789307,-0.0019342455780133605,0.6686545014381409,0.6736173033714294,-0.0037917045410722494,0.6493860483169556,0.6263339519500732,0.008261365815997124,0.6179453134536743,0.6381230354309082,0.00271742045879364,0.6496800184249878,0.6458709239959717,0.011099153198301792,0.6724143028259277,0.6406578421592712,0.018732750788331032,0.6593691110610962,0.5859971046447754,-0.0014462656108662486,0.6210210919380188,0.5908396244049072,0.001493980293162167,0.6401194334030151,0.6084877252578735,0.014023988507688046,0.6580563187599182,0.614471971988678,0.023906899616122246,no
0.7565755844116211,0.6351415514945984,-2.4797128617137787e-07,0.7289057374000549,0.6888591051101685,0.002730282489210367,0.6954798102378845,0.7293537855148315,0.003899951931089163,0.6700745224952698,0.7623405456542969,0.001075510517694056,0.6539504528045654,0.7928134202957153,-0.0006226541008800268,0.6541900634765625,0.6850411295890808,0.018710315227508545,0.6225360631942749,0.6926624774932861,0.01200137659907341,0.6275116205215454,0.7017553448677063,0.005777180194854736,0.6422712802886963,0.7058510184288025,0.003186351852491498,0.6490945219993591,0.6534078121185303,0.012734642252326012,0.6177842020988464,0.6647506356239319,0.005014562513679266,0.6393898129463196,0.6737134456634521,-0.00019240441906731576,0.6603062152862549,0.6721716523170471,-0.001029351376928389,0.6503717303276062,0.6217014193534851,0.005191018804907799,0.6193573474884033,0.6316525340080261,0.00023339042672887444,0.6444043517112732,0.6420480608940125,0.005451204255223274,0.6661145687103271,0.6389772891998291,0.011089927516877651,0.6571817398071289,0.5834833979606628,-0.0027373358607292175,0.6212842464447021,0.5871886610984802,-0.0023049237206578255,0.635546863079071,0.6035257577896118,0.006261917762458324,0.652168333530426,0.609889030456543,0.013760305941104889,no
0.7624703049659729,0.6339025497436523,-2.612671892165963e-07,0.7327859997749329,0.6875025033950806,0.0011656077113002539,0.6998399496078491,0.7280913591384888,0.0016745200846344233,0.6759739518165588,0.761607825756073,-0.0025238338857889175,0.6611354947090149,0.7907538414001465,-0.005306746810674667,0.6566867828369141,0.6827136874198914,0.022118674591183662,0.625836193561554,0.6896807551383972,0.014248616993427277,0.640052318572998,0.6947585940361023,0.0060528418980538845,0.6583442091941833,0.695328950881958,0.002286995993927121,0.6518848538398743,0.6518630385398865,0.016171960160136223,0.621495246887207,0.6591689586639404,0.0073327478021383286,0.644836962223053,0.6647794842720032,-0.0010589855955913663,0.6663596630096436,0.6616153120994568,-0.003869084408506751,0.6530589461326599,0.6198102831840515,0.008139388635754585,0.6212794184684753,0.6279146671295166,0.0024603167548775673,0.6457369923591614,0.6351573467254639,0.004742772318422794,0.6688281893730164,0.631398618221283,0.00887273345142603,0.6594434380531311,0.5836024284362793,-0.0005189946969039738,0.6209414005279541,0.585513710975647,0.00010820233001140878,0.6307591795921326,0.6018415689468384,0.007533271797001362,0.6463829874992371,0.6099292039871216,0.014448047615587711,no
0.7592199444770813,0.6308616995811462,-1.9345158364103554e-07,0.7337673902511597,0.682263195514679,0.002515108324587345,0.7041376233100891,0.718451738357544,0.0021193078719079494,0.6817190051078796,0.7491064071655273,-0.0026750387623906136,0.6693455576896667,0.7754044532775879,-0.006449937354773283,0.6616698503494263,0.6811934113502502,0.01917661540210247,0.6313584446907043,0.6929555535316467,0.013207454234361649,0.6363296508789062,0.6999760866165161,0.006373472977429628,0.6495544910430908,0.7007121443748474,0.003194094868376851,0.655207633972168,0.6511062383651733,0.012692813761532307,0.6241791248321533,0.6631830334663391,0.006711257621645927,0.6399680376052856,0.6699829697608948,-0.00036711301072500646,0.6574267148971558,0.6676267385482788,-0.0033124054316431284,0.6541398763656616,0.6199222207069397,0.004750471096485853,0.6219499707221985,0.6304784417152405,0.001730403513647616,0.640594482421875,0.6393441557884216,0.004249504301697016,0.6611232757568359,0.6367963552474976,0.0074582770466804504,0.6583072543144226,0.5848677158355713,-0.00379260559566319,0.620695173740387,0.587236762046814,-0.0019731498323380947,0.6290475726127625,0.6011468172073364,0.005832541733980179,0.6461878418922424,0.6073786616325378,0.012589027173817158,no
0.7556502819061279,0.6328381896018982,-2.947998325453227e-07,0.7305177450180054,0.6895879507064819,-0.0016691851196810603,0.6979877948760986,0.7346235513687134,-0.0024921526201069355,0.6742971539497375,0.7706487774848938,-0.007044018711894751,0.6584584712982178,0.8011667132377625,-0.00969344936311245,0.6536709070205688,0.6898922324180603,0.016975538805127144,0.6236780881881714,0.6992554664611816,0.006818578578531742,0.6405413150787354,0.7033317685127258,-0.0008227658690884709,0.6601810455322266,0.7017309665679932,-0.003964735195040703,0.6480242609977722,0.6563836336135864,0.011645477265119553,0.6171021461486816,0.6682055592536926,-0.000498947745654732,0.6432654857635498,0.6719526648521423,-0.007282262202352285,0.6650371551513672,0.6666831970214844,-0.008231142535805702,0.6483151316642761,0.6222076416015625,0.00391401769593358,0.6171562075614929,0.6342262029647827,-0.005865462124347687,0.6457687020301819,0.6405634880065918,-0.0009714075713418424,0.668672502040863,0.6358238458633423,0.0057466039434075356,0.6546567678451538,0.5821589827537537,-0.0045214807614684105,0.6186329126358032,0.5904760360717773,-0.007749883458018303,0.6371757984161377,0.6042138338088989,0.0006033945828676224,0.6567487120628357,0.6090870499610901,0.008895914070308208,no
0.7588520646095276,0.6361697912216187,-2.570845083482709e-07,0.728442907333374,0.6950083374977112,0.0030161933973431587,0.6956678032875061,0.7375331521034241,0.0037357492838054895,0.6713652014732361,0.771427571773529,-2.6662628442863934e-05,0.6562072038650513,0.8013440370559692,-0.002424641977995634,0.6555952429771423,0.6906811594963074,0.02006247453391552,0.6235762238502502,0.6989385485649109,0.013082582503557205,0.6339867115020752,0.7040974497795105,0.006280982866883278,0.6501438617706299,0.7050896286964417,0.0030873510986566544,0.650183916091919,0.6572036147117615,0.013419830240309238,0.6189156174659729,0.6679900884628296,0.004060998093336821,0.6411139965057373,0.67299485206604,-0.0035602233838289976,0.6620678305625916,0.6707648038864136,-0.006113759241998196,0.6511087417602539,0.6240100264549255,0.005350660998374224,0.620437502861023,0.633979320526123,-0.0001605969446245581,0.6457159519195557,0.6410150527954102,0.004021529573947191,0.6686195135116577,0.6384986042976379,0.008876562118530273,0.6579167246818542,0.5847766399383545,-0.003105008276179433,0.6208354830741882,0.588922917842865,-0.0026082999538630247,0.6358315348625183,0.6031407117843628,0.006105291191488504,0.654262900352478,0.6104492545127869,0.013620985671877861,no
0.7608896493911743,0.6369003057479858,-2.2194085147475562e-07,0.7315360307693481,0.6974844932556152,0.0005281515186652541,0.6979942917823792,0.7438894510269165,0.00016601753304712474,0.6745783686637878,0.783075749874115,-0.0037151873111724854,0.6586507558822632,0.8157781362533569,-0.005947011522948742,0.6571698188781738,0.6933755874633789,0.016796350479125977,0.6259265542030334,0.7001633048057556,0.01242403220385313,0.6366753578186035,0.7021280527114868,0.008840007707476616,0.6497431397438049,0.7014790773391724,0.007078954949975014,0.6512613892555237,0.6588414311408997,0.011342773213982582,0.6203939318656921,0.6685422658920288,0.0033223123755306005,0.6411804556846619,0.6707476377487183,-0.002578458748757839,0.6584572196006775,0.6671903729438782,-0.0046384274028241634,0.6518296003341675,0.6240227222442627,0.004601829219609499,0.6206079125404358,0.63466477394104,0.0005099733243696392,0.6448129415512085,0.6397027373313904,0.005996105261147022,0.664165735244751,0.6374457478523254,0.010756419971585274,0.658771276473999,0.5849264860153198,-0.00265256455168128,0.620263934135437,0.5909177660942078,-0.0013268616748973727,0.637175977230072,0.6032111048698425,0.00826745480298996,0.6554803848266602,0.6076995134353638,0.015767531469464302,no
0.7574504017829895,0.6361857652664185,-1.33956760350884e-07,0.7309116125106812,0.6928021311759949,-0.0023050978779792786,0.6971797347068787,0.7377501130104065,-0.0032600914128124714,0.6724992990493774,0.768904983997345,-0.006973453797399998,0.6550230979919434,0.7950692176818848,-0.00983536709100008,0.6573669910430908,0.6884044408798218,0.012922446243464947,0.627636194229126,0.695079505443573,0.007298707030713558,0.6242294311523438,0.7057471871376038,0.0015826636226847768,0.6284810304641724,0.7149059772491455,-0.00157349172513932,0.6527405381202698,0.6540853381156921,0.00875134114176035,0.6239756345748901,0.6629347801208496,0.001406036433763802,0.6325415968894958,0.6749316453933716,-0.005038267932832241,0.6452845335006714,0.6811545491218567,-0.007471626158803701,0.6539502143859863,0.6205769181251526,0.002813825849443674,0.6235145330429077,0.6267068386077881,-0.0037501435726881027,0.6359592080116272,0.6407297849655151,-0.0018129936652258039,0.652262270450592,0.6480739116668701,0.001967074815183878,0.6596459746360779,0.5825611352920532,-0.0037870900705456734,0.6234675645828247,0.5823391675949097,-0.006935557350516319,0.6248764991760254,0.5973331928253174,-0.0025063103530555964,0.6343870759010315,0.6110549569129944,0.002650458598509431,no
0.7550933957099915,0.6358025074005127,-2.0066303818566666e-07,0.7285805940628052,0.6951066851615906,-0.0010686353780329227,0.6960653066635132,0.7418362498283386,-0.0011755807790905237,0.6710735559463501,0.7748559713363647,-0.004791032988578081,0.6555132269859314,0.8031799793243408,-0.007153180427849293,0.65370112657547,0.6941459774971008,0.018849218264222145,0.6230427622795105,0.7007495760917664,0.0143409613519907,0.6295042634010315,0.7073383927345276,0.00966793391853571,0.6420786380767822,0.7121546268463135,0.007616974879056215,0.6477548480033875,0.6592233180999756,0.014486429281532764,0.6187766790390015,0.6694607138633728,0.007205579895526171,0.6365942358970642,0.6761881113052368,0.00021740658849012107,0.655926525592804,0.6771326065063477,-0.0019508006516844034,0.6484150290489197,0.6250596642494202,0.008313934318721294,0.6185694932937622,0.6335892677307129,0.0023597877006977797,0.639119029045105,0.6429920196533203,0.004191241227090359,0.6609534025192261,0.645362377166748,0.007985982112586498,0.6539435386657715,0.5851626992225647,0.0017132505308836699,0.6185800433158875,0.5889595150947571,0.00014000579540152103,0.6297547817230225,0.602602481842041,0.005921528209000826,0.6468626856803894,0.6123642921447754,0.011966067366302013,no
0.7582694888114929,0.6337531805038452,-3.440804050569568e-07,0.7290043234825134,0.6910358667373657,0.003098939312621951,0.6937258839607239,0.7356953620910645,0.004215438384562731,0.6705715656280518,0.774307131767273,0.0006241347873583436,0.6565129160881042,0.8090724945068359,-0.0012314992491155863,0.6495448350906372,0.688712477684021,0.02308979071676731,0.6191332936286926,0.6991026401519775,0.010745761916041374,0.6408898234367371,0.7003794312477112,0.0004917201003991067,0.6633549332618713,0.695986807346344,-0.003993119578808546,0.6439018845558167,0.6569696068763733,0.015597470104694366,0.6130042672157288,0.6710178852081299,0.0007350516971200705,0.6440953612327576,0.6732120513916016,-0.007733125239610672,0.666999101638794,0.6665114164352417,-0.00899195484817028,0.6447587609291077,0.6242856979370117,0.0058799306862056255,0.6141356825828552,0.6379315257072449,-0.0050745150074362755,0.6451419591903687,0.6430724859237671,0.0007667932077310979,0.6668787598609924,0.6366231441497803,0.008791455999016762,0.6521926522254944,0.5852454304695129,-0.004107877612113953,0.6159200668334961,0.5953538417816162,-0.005869048647582531,0.6378452181816101,0.6078119874000549,0.005278404336422682,0.6574088931083679,0.6091126799583435,0.015676766633987427,no
0.7559899687767029,0.6366729736328125,-3.0671523632008757e-07,0.7294458150863647,0.690735936164856,0.00033480391721241176,0.6929115056991577,0.73469078540802,0.0005845763953402638,0.6673266291618347,0.768904983997345,-0.0037506301887333393,0.6517142653465271,0.7991812825202942,-0.007208345923572779,0.6500394940376282,0.6888903379440308,0.01990732178092003,0.6164257526397705,0.6961556077003479,0.008547771722078323,0.6324625015258789,0.7030618190765381,-0.0012588601093739271,0.6546705961227417,0.7042092084884644,-0.005266078282147646,0.6450053453445435,0.6579013466835022,0.013389000669121742,0.612984299659729,0.6698480844497681,0.0007898948970250785,0.637687087059021,0.6774234175682068,-0.007967167533934116,0.6633251309394836,0.6735796928405762,-0.009553050622344017,0.6456420421600342,0.6246048212051392,0.004448979627341032,0.6144977807998657,0.6358210444450378,-0.006342938169836998,0.6427213549613953,0.6447538733482361,-0.004302238579839468,0.6689695715904236,0.6412534117698669,0.0014489754103124142,0.6515008211135864,0.585548460483551,-0.004850076045840979,0.6163665056228638,0.5956835746765137,-0.00941099226474762,0.6363030672073364,0.6094750165939331,-0.002514004008844495,0.6591491103172302,0.6132444143295288,0.0054120030254125595,no
0.7600356936454773,0.6340969800949097,-3.249741098443337e-07,0.7303406000137329,0.6952561736106873,0.004682146478444338,0.6948380470275879,0.7396037578582764,0.006532017141580582,0.6684275269508362,0.7760702967643738,0.003125438466668129,0.6536656022071838,0.8083578944206238,0.0013337177224457264,0.6516402363777161,0.6964586973190308,0.025978025048971176,0.6172306537628174,0.707185685634613,0.014128608629107475,0.6344760656356812,0.708918035030365,0.0032890946604311466,0.6542863249778748,0.7048860788345337,-0.0016400584718212485,0.6452405452728271,0.6630424857139587,0.01792381890118122,0.6118475794792175,0.6763485074043274,0.0055160848423838615,0.63996821641922,0.6782822608947754,-0.0027794544585049152,0.662935733795166,0.6723505854606628,-0.004553414415568113,0.6461254954338074,0.6279590129852295,0.0075144292786717415,0.6131913661956787,0.639298677444458,-0.0010465476661920547,0.6428183317184448,0.6460511088371277,0.0042857276275753975,0.666623592376709,0.6418054103851318,0.011243070475757122,0.6537632346153259,0.586719810962677,-0.003204724285751581,0.615875780582428,0.5942347049713135,-0.0037071742117404938,0.6362991333007812,0.6091771125793457,0.006421051453799009,0.6574734449386597,0.6143684387207031,0.015663975849747658,no
0.760066568851471,0.6364152431488037,-1.4623627464516176e-07,0.7363582849502563,0.6904102563858032,-0.004946198780089617,0.6999574303627014,0.7362844944000244,-0.007677184417843819,0.6766360998153687,0.7732198238372803,-0.013888697139918804,0.6607105135917664,0.8034587502479553,-0.019121242687106133,0.6563762426376343,0.6878347396850586,0.01648499071598053,0.6244804263114929,0.6979972720146179,0.007848303765058517,0.6266295909881592,0.7115024328231812,-0.0007860708283260465,0.6322718858718872,0.7190517783164978,-0.005652901716530323,0.6514735817909241,0.6548553109169006,0.011503411456942558,0.6191974878311157,0.6672638058662415,0.0035971456672996283,0.6283590197563171,0.6813467144966125,-0.003401278518140316,0.6388824582099915,0.6857721209526062,-0.006265453062951565,0.651594340801239,0.6203681230545044,0.0033611508551985025,0.61883544921875,0.6319655776023865,-0.0035460845101624727,0.632540225982666,0.6467997431755066,-0.0020247548818588257,0.6469931602478027,0.6514148712158203,0.0012536760186776519,0.6557223796844482,0.5829733610153198,-0.006066444329917431,0.618255615234375,0.5896831154823303,-0.00794040597975254,0.6245478391647339,0.6056569814682007,-0.002112958114594221,0.6387178897857666,0.6146584749221802,0.003563577774912119,no
0.7665735483169556,0.6331519484519958,-1.0611319822828591e-07,0.736739993095398,0.6934877634048462,0.0009529843227937818,0.7014775276184082,0.7380601167678833,0.002562029752880335,0.6780138611793518,0.7739983797073364,-0.0001941870286827907,0.6606510281562805,0.803756833076477,-0.002207526471465826,0.6618872880935669,0.6810253858566284,0.029222555458545685,0.630765438079834,0.692699670791626,0.028764501214027405,0.6241830587387085,0.7064689993858337,0.02401035465300083,0.6233965158462524,0.7168086767196655,0.02071063034236431,0.6565295457839966,0.6491466164588928,0.02321263588964939,0.626089870929718,0.6605067849159241,0.023477621376514435,0.6258538365364075,0.6768372654914856,0.01769164577126503,0.6293532848358154,0.6862306594848633,0.014003678224980831,0.6558302640914917,0.6168901324272156,0.01442805863916874,0.6243489980697632,0.6247333288192749,0.015082688070833683,0.6282426714897156,0.6435950398445129,0.01610778644680977,0.6362548470497131,0.6537907719612122,0.01721191219985485,0.658639669418335,0.581529974937439,0.0044911992736160755,0.6211638450622559,0.5842490196228027,0.007084589451551437,0.6207044124603271,0.6030970215797424,0.01265213917940855,0.6305152177810669,0.6172622442245483,0.017130818217992783,no
0.7596580982208252,0.6360241174697876,-2.465376951477083e-07,0.7347462177276611,0.6991434693336487,-0.005760555621236563,0.6989070177078247,0.7480081915855408,-0.00799870491027832,0.6725922226905823,0.7836907505989075,-0.013778479769825935,0.6545875072479248,0.8145492076873779,-0.017585236579179764,0.6538882255554199,0.6948531866073608,0.015470779500901699,0.6213164329528809,0.698851466178894,0.004252973478287458,0.6342918276786804,0.7051617503166199,-0.004966262727975845,0.6539223194122314,0.7080860733985901,-0.008642745204269886,0.6489028334617615,0.6586815118789673,0.012060072273015976,0.6174554824829102,0.6647942662239075,0.00015563331544399261,0.6377931833267212,0.6718253493309021,-0.008653729222714901,0.6602975130081177,0.670985221862793,-0.011080868542194366,0.6490117311477661,0.6225588917732239,0.005593819078058004,0.6171167492866516,0.6286811232566833,-0.004386271815747023,0.6390159726142883,0.6381086111068726,-0.004084523301571608,0.6636465191841125,0.6381486058235168,3.779781764023937e-05,0.6534460783004761,0.5822596549987793,-0.001954386942088604,0.6153771281242371,0.5810269117355347,-0.005322570912539959,0.6189396381378174,0.5979593992233276,-0.0011792329605668783,0.632209300994873,0.6110392212867737,0.0042034415528178215,no
0.7566768527030945,0.6369093060493469,-2.678880264284089e-07,0.7314795851707458,0.6972294449806213,-0.006012267898768187,0.6968865990638733,0.7497711181640625,-0.009278519079089165,0.672203540802002,0.7884581089019775,-0.01581672951579094,0.6564765572547913,0.8211181163787842,-0.020602084696292877,0.6544992923736572,0.6944794654846191,0.010865457355976105,0.62131267786026,0.7012618780136108,-0.001813839073292911,0.6351817846298218,0.7093638777732849,-0.011119109578430653,0.6552508473396301,0.713654100894928,-0.014911704696714878,0.6486647129058838,0.6595372557640076,0.0071892039850354195,0.6167011857032776,0.6696715950965881,-0.006963272579014301,0.6385878324508667,0.6774835586547852,-0.015784014016389847,0.6611723303794861,0.6767870783805847,-0.018179308623075485,0.647639811038971,0.6238631010055542,0.0007775402627885342,0.6162130832672119,0.6339993476867676,-0.01062072440981865,0.6399725079536438,0.6431878209114075,-0.009592757560312748,0.664186954498291,0.6430339217185974,-0.005019922740757465,0.6507454514503479,0.5843409895896912,-0.006580042652785778,0.6139249801635742,0.5878926515579224,-0.010476646013557911,0.6240302324295044,0.6025952696800232,-0.005261680111289024,0.6409367918968201,0.6117988228797913,0.000766045181080699,no
0.7546586990356445,0.6342597007751465,-2.4589937197561085e-07,0.7277816534042358,0.6981403231620789,-0.003323966171592474,0.6938011646270752,0.7494816184043884,-0.00554939080029726,0.6694689989089966,0.786181628704071,-0.011061010882258415,0.6544914245605469,0.8169757723808289,-0.014633411541581154,0.6507864594459534,0.695107638835907,0.010300388559699059,0.6173428297042847,0.7002266645431519,-0.00039376967470161617,0.6305481791496277,0.7039682269096375,-0.008274049498140812,0.6481099128723145,0.704060435295105,-0.011806827038526535,0.6453081369400024,0.6596605777740479,0.005308892577886581,0.6133975982666016,0.6672680377960205,-0.007217905949801207,0.6362611055374146,0.67287278175354,-0.014768930152058601,0.6576415300369263,0.670464038848877,-0.016991352662444115,0.645412802696228,0.6244893074035645,-0.0017029073787853122,0.6136780381202698,0.6321523785591125,-0.01024563517421484,0.6386663913726807,0.6409441232681274,-0.006776129361242056,0.6617529392242432,0.6408582329750061,-0.001962632406502962,0.6512452960014343,0.5861557722091675,-0.009600114077329636,0.6131618618965149,0.5885418653488159,-0.012171982787549496,0.6272155046463013,0.6033040881156921,-0.004942723549902439,0.646085262298584,0.6119900941848755,0.002016774145886302,no
0.7635319828987122,0.6326135396957397,-3.160087658216071e-07,0.7279164791107178,0.7071571946144104,0.006202584132552147,0.6959572434425354,0.7551037669181824,0.010402809828519821,0.6696797013282776,0.7909106016159058,0.00971986074000597,0.651025652885437,0.8233048915863037,0.012380721978843212,0.6493098735809326,0.7051150798797607,0.034542493522167206,0.6159449219703674,0.7156221866607666,0.02544294111430645,0.6353498697280884,0.7193630933761597,0.014212081208825111,0.6589444875717163,0.7188860177993774,0.008138877339661121,0.6420267224311829,0.6692134737968445,0.028246581554412842,0.6082736849784851,0.6810237169265747,0.01594294235110283,0.6388489603996277,0.6836443543434143,0.00570290582254529,0.6664177775382996,0.6821222901344299,0.0020970350597053766,0.6433297991752625,0.6312180161476135,0.019851021468639374,0.6116103529930115,0.6442906260490417,0.016160519793629646,0.6443676352500916,0.6484709978103638,0.022882450371980667,0.6690592765808105,0.6438154578208923,0.029188379645347595,0.6538795232772827,0.5874939560890198,0.010742081329226494,0.6170109510421753,0.5906568169593811,0.015413030982017517,0.6377927660942078,0.608287513256073,0.026755860075354576,0.6573588252067566,0.6146840453147888,0.0354982353746891,no
0.7635570168495178,0.6301788091659546,-2.892437294121919e-07,0.7371249794960022,0.6972842216491699,-0.0026799743063747883,0.6991904973983765,0.7472126483917236,-0.002677547512575984,0.6708590984344482,0.7848609685897827,-0.007530243135988712,0.653033435344696,0.8188949823379517,-0.01051513571292162,0.6538914442062378,0.701970636844635,0.02741933800280094,0.6198740005493164,0.710710346698761,0.015165688470005989,0.6384680271148682,0.7135588526725769,0.0022124748211354017,0.6597356200218201,0.7139773964881897,-0.00427104951813817,0.6459408402442932,0.6655193567276001,0.02218819409608841,0.6140860915184021,0.6767083406448364,0.008898348547518253,0.6406457424163818,0.6799511909484863,-0.0033326230477541685,0.6660985946655273,0.6772531270980835,-0.007606897968798876,0.6444914937019348,0.6279473900794983,0.013426817022264004,0.6140196323394775,0.6401439905166626,0.0029116556979715824,0.642536461353302,0.6456525325775146,0.0032854853197932243,0.6697218418121338,0.6424317955970764,0.007500066421926022,0.6491479277610779,0.5851273536682129,0.0036921214777976274,0.613261342048645,0.5938017964363098,0.001035227905958891,0.6299780011177063,0.6090570688247681,0.007697933353483677,0.6512253284454346,0.6156125068664551,0.014884773641824722,no
0.16319100558757782,0.4873785078525543,-2.0384601384648704e-07,0.19052495062351227,0.5253047943115234,-0.005191343370825052,0.22875277698040009,0.5462328791618347,-0.007425544783473015,0.26144713163375854,0.5514249205589294,-0.01289678830653429,0.2860649824142456,0.5527698993682861,-0.016949312761425972,0.2688235640525818,0.5223451256752014,0.012727835215628147,0.298125296831131,0.5259674191474915,-0.003946379758417606,0.28134578466415405,0.5364267826080322,-0.017494551837444305,0.25917837023735046,0.5406382083892822,-0.02278979867696762,0.268470823764801,0.49578824639320374,0.008976760320365429,0.2965840995311737,0.5031007528305054,-0.008405938744544983,0.2688867151737213,0.5139791369438171,-0.018693070858716965,0.24110639095306396,0.5166766047477722,-0.019993657246232033,0.26491838693618774,0.46872714161872864,0.002011647215113044,0.28928816318511963,0.4793795049190521,-0.014412672258913517,0.2637636065483093,0.49015018343925476,-0.014745675027370453,0.23791943490505219,0.4911312460899353,-0.008519046008586884,0.2576742470264435,0.43992823362350464,-0.005588966887444258,0.28551772236824036,0.4484616816043854,-0.014614200219511986,0.27042916417121887,0.4623948931694031,-0.009864055551588535,0.2522037923336029,0.46717312932014465,-0.0019595480989664793,no
0.15979236364364624,0.49283653497695923,-2.0491530960953241e-07,0.1818256974220276,0.5410476326942444,-0.027448922395706177,0.2120896577835083,0.5799463987350464,-0.04616159945726395,0.23628480732440948,0.6044049263000488,-0.06509209424257278,0.25507473945617676,0.6224062442779541,-0.08114006370306015,0.28339725732803345,0.5580002069473267,-0.01496507041156292,0.30950477719306946,0.5706698298454285,-0.049811284989118576,0.28083857893943787,0.5782161355018616,-0.0740089863538742,0.2572379410266876,0.5751127600669861,-0.08525315672159195,0.2839396893978119,0.5216858386993408,-0.013860945589840412,0.31530097126960754,0.5359098315238953,-0.048329636454582214,0.27666527032852173,0.5447795987129211,-0.06371551007032394,0.2509865164756775,0.5425183176994324,-0.06708016246557236,0.2800757884979248,0.48279252648353577,-0.01830478012561798,0.30966776609420776,0.4975200593471527,-0.04891684651374817,0.2761167883872986,0.5089409947395325,-0.05087750032544136,0.2500954866409302,0.5072625875473022,-0.04400874301791191,0.2695510685443878,0.4403578042984009,-0.025129009038209915,0.2984565794467926,0.45691248774528503,-0.04176993668079376,0.2768602967262268,0.47309327125549316,-0.0384439118206501,0.25731322169303894,0.4756629168987274,-0.03110886551439762,no
0.16411493718624115,0.49424123764038086,-2.480232978996355e-07,0.187311589717865,0.5455666184425354,-0.023779861629009247,0.2215656191110611,0.5874695777893066,-0.039434827864170074,0.24911686778068542,0.6125861406326294,-0.05563639849424362,0.27075040340423584,0.6259498596191406,-0.06853455305099487,0.287282794713974,0.5654844045639038,-0.012151156552135944,0.30805903673171997,0.5750128030776978,-0.045537639409303665,0.2732405960559845,0.5763049125671387,-0.06596529483795166,0.2505108118057251,0.5715510845184326,-0.07410549372434616,0.28741520643234253,0.5271061658859253,-0.012273591011762619,0.31363362073898315,0.5397220849990845,-0.04498850554227829,0.2705915570259094,0.5443132519721985,-0.05513748154044151,0.2468826323747635,0.5411737561225891,-0.05436047911643982,0.28316646814346313,0.48694828152656555,-0.01789526827633381,0.3088854253292084,0.49814310669898987,-0.04738685116171837,0.269919216632843,0.5072303414344788,-0.043064236640930176,0.24612301588058472,0.5057336688041687,-0.031752701848745346,0.273205429315567,0.4441191256046295,-0.025751391425728798,0.30011314153671265,0.4573631286621094,-0.04092204570770264,0.274580180644989,0.47267013788223267,-0.03350728750228882,0.25597772002220154,0.47700172662734985,-0.02279691956937313,no
0.17608879506587982,0.5143495202064514,-9.107597520596755e-08,0.19695743918418884,0.5608738660812378,-0.017511824145913124,0.23133736848831177,0.6044532656669617,-0.027829593047499657,0.25389981269836426,0.6338303089141846,-0.03901740908622742,0.2680904269218445,0.652585506439209,-0.04801563546061516,0.29360079765319824,0.5743444561958313,-0.007292833644896746,0.31358233094215393,0.5807021260261536,-0.03408806771039963,0.28013888001441956,0.5846954584121704,-0.05163531377911568,0.252323180437088,0.5840265154838562,-0.058671679347753525,0.29575401544570923,0.532583475112915,-0.009087441489100456,0.32024863362312317,0.5417215824127197,-0.03444666042923927,0.28262680768966675,0.5469259023666382,-0.04342063143849373,0.2554989159107208,0.5475204586982727,-0.043366774916648865,0.2906627655029297,0.49172258377075195,-0.015310137532651424,0.31336233019828796,0.5001651048660278,-0.03944617509841919,0.2781672477722168,0.5108066201210022,-0.03628471493721008,0.2532869577407837,0.5137931108474731,-0.027288097888231277,0.2781614661216736,0.4520844519138336,-0.023287063464522362,0.3011898100376129,0.4626697301864624,-0.039285268634557724,0.2760315239429474,0.4781229794025421,-0.03385777026414871,0.256035715341568,0.4851137697696686,-0.024661939591169357,no
0.17675316333770752,0.5116837620735168,-1.0330529676139122e-07,0.19959622621536255,0.5637122392654419,-0.012364843860268593,0.23143087327480316,0.6131279468536377,-0.020525651052594185,0.25145357847213745,0.6515544652938843,-0.030524207279086113,0.26343849301338196,0.6790190935134888,-0.03841013461351395,0.2946355938911438,0.5846948623657227,-0.0008630768279545009,0.3139228820800781,0.5917617082595825,-0.026563484221696854,0.2808496654033661,0.5930012464523315,-0.043783038854599,0.25301694869995117,0.5895681977272034,-0.05020838603377342,0.29720810055732727,0.5416696071624756,-0.004540998954325914,0.321502685546875,0.5467197895050049,-0.028678758069872856,0.28186413645744324,0.550567090511322,-0.037284813821315765,0.25445178151130676,0.5515742897987366,-0.036859143525362015,0.29253384470939636,0.4990961253643036,-0.012229764834046364,0.31416261196136475,0.5045349597930908,-0.033792462199926376,0.2779964804649353,0.5138503313064575,-0.028953274711966515,0.25305238366127014,0.5155539512634277,-0.019098885357379913,0.28078529238700867,0.4568779170513153,-0.021398337557911873,0.3035128712654114,0.46145811676979065,-0.033841315656900406,0.27816399931907654,0.47475576400756836,-0.02606094814836979,0.25893884897232056,0.4802413582801819,-0.015395927242934704,no
0.17292769253253937,0.4937598407268524,-1.2847262098603096e-07,0.1988883763551712,0.538447380065918,-0.02006610669195652,0.23739945888519287,0.5686537623405457,-0.03073258511722088,0.27204179763793945,0.5811923742294312,-0.04177533835172653,0.29769057035446167,0.5832577347755432,-0.050179436802864075,0.29101571440696716,0.5499124526977539,-0.005728736985474825,0.31492820382118225,0.5578005313873291,-0.03344701603055,0.28889402747154236,0.5657302141189575,-0.05204561725258827,0.265830397605896,0.5652199387550354,-0.05952858179807663,0.2925781309604645,0.516204297542572,-0.004988100379705429,0.31839418411254883,0.5278045535087585,-0.03093896433711052,0.28525039553642273,0.5366325378417969,-0.04116193205118179,0.26181086897850037,0.5367363691329956,-0.04167788848280907,0.28887295722961426,0.48111557960510254,-0.009202362038195133,0.312871515750885,0.4942203760147095,-0.03316556662321091,0.2831750214099884,0.5056552290916443,-0.03115152195096016,0.26007863879203796,0.5059388279914856,-0.022632082924246788,0.2790556848049164,0.44403621554374695,-0.015418353490531445,0.30362504720687866,0.45740804076194763,-0.029885685071349144,0.28444865345954895,0.4729311764240265,-0.025234360247850418,0.2679838240146637,0.4781307280063629,-0.016742752864956856,no
0.1747332364320755,0.5000087022781372,-1.3464705261867493e-07,0.1940802037715912,0.5505573749542236,-0.02535405196249485,0.22753426432609558,0.5943342447280884,-0.04059780016541481,0.2509952783584595,0.6217800974845886,-0.05579110234975815,0.26417213678359985,0.6373124122619629,-0.06797327101230621,0.2970879077911377,0.5763832330703735,-0.011912227608263493,0.31746259331703186,0.5886117815971375,-0.04304550215601921,0.28453224897384644,0.5890637636184692,-0.0633721724152565,0.2570112943649292,0.5844751000404358,-0.0715375691652298,0.3001077473163605,0.5338656306266785,-0.010503333061933517,0.32654327154159546,0.5414565801620483,-0.04143223166465759,0.2864358425140381,0.5442348122596741,-0.053122926503419876,0.25828060507774353,0.5440745949745178,-0.05312332138419151,0.29653990268707275,0.4911991059780121,-0.014457298442721367,0.3184325397014618,0.5015028119087219,-0.0423009991645813,0.28306764364242554,0.5091763138771057,-0.04160181060433388,0.25697311758995056,0.5097304582595825,-0.032379359006881714,0.28652259707450867,0.4494839310646057,-0.02079242281615734,0.31163254380226135,0.456976056098938,-0.036694448441267014,0.28965795040130615,0.4701394736766815,-0.032310601323843,0.270597904920578,0.47645676136016846,-0.02321392297744751,no
0.17880459129810333,0.5004087686538696,-1.5957124332999228e-07,0.20221948623657227,0.5548064708709717,-0.016281234100461006,0.23366224765777588,0.6064424514770508,-0.028208211064338684,0.25477251410484314,0.6442359685897827,-0.04206642508506775,0.2703053057193756,0.6694703698158264,-0.05378261208534241,0.2977825105190277,0.5762395262718201,-0.0052694412879645824,0.3188689947128296,0.590857207775116,-0.03484352305531502,0.28659141063690186,0.5930842757225037,-0.054734617471694946,0.2579289972782135,0.5883804559707642,-0.06250356137752533,0.3003271222114563,0.5350629091262817,-0.007637978997081518,0.3245859146118164,0.5486909747123718,-0.03536059707403183,0.2854607403278351,0.5526631474494934,-0.04602980613708496,0.2571564018726349,0.5496461391448975,-0.046681396663188934,0.29747462272644043,0.4929516017436981,-0.014624306000769138,0.32374250888824463,0.5056307911872864,-0.03890673443675041,0.2890576720237732,0.5149979591369629,-0.03660619258880615,0.26230642199516296,0.5140587091445923,-0.027919873595237732,0.2884114980697632,0.4504793882369995,-0.02337382175028324,0.31504929065704346,0.4602792263031006,-0.03752024471759796,0.2922879755496979,0.47548848390579224,-0.03191056847572327,0.2717088758945465,0.48072078824043274,-0.02261161617934704,no
0.17967993021011353,0.49642911553382874,-1.5652676665922627e-07,0.1994999200105667,0.5507895946502686,-0.018673526123166084,0.2308136522769928,0.6035888195037842,-0.031266722828149796,0.2519795000553131,0.6407204866409302,-0.04488067328929901,0.26525864005088806,0.6651502847671509,-0.05638623982667923,0.2979609966278076,0.5756849646568298,-0.009708310477435589,0.3177720308303833,0.5893469452857971,-0.0377676859498024,0.28640636801719666,0.592670202255249,-0.05691206827759743,0.2595909833908081,0.5906762480735779,-0.0649799183011055,0.3010001480579376,0.533668041229248,-0.010876893065869808,0.3253585696220398,0.545218825340271,-0.03701787441968918,0.28794124722480774,0.5494131445884705,-0.047160807996988297,0.2599436640739441,0.5479881763458252,-0.048006296157836914,0.29717525839805603,0.49129557609558105,-0.016402164474129677,0.3203028440475464,0.5013023614883423,-0.03904879838228226,0.28768500685691833,0.5104634761810303,-0.03717751055955887,0.26251542568206787,0.5110882520675659,-0.02934497408568859,0.28679347038269043,0.4500824809074402,-0.023843960836529732,0.3123287558555603,0.4575791358947754,-0.03657330945134163,0.2912275195121765,0.47131872177124023,-0.030977381393313408,0.27186283469200134,0.47679951786994934,-0.022195253521203995,no
0.18620534241199493,0.49847227334976196,-1.6262522706256277e-07,0.20402690768241882,0.5479255318641663,-0.01893562637269497,0.23840777575969696,0.5962487459182739,-0.029569312930107117,0.2583521008491516,0.6270977258682251,-0.04104960709810257,0.2679470479488373,0.6476404666900635,-0.04956071078777313,0.3010377287864685,0.5772919058799744,-0.00475264573469758,0.32039856910705566,0.5902590155601501,-0.031614478677511215,0.28647956252098083,0.5892109870910645,-0.04887928441166878,0.26239213347435,0.5847870707511902,-0.0554017573595047,0.3066251575946808,0.5372905731201172,-0.005077574867755175,0.32458245754241943,0.5474749803543091,-0.03073643334209919,0.2859981060028076,0.5459476709365845,-0.03975415602326393,0.26386234164237976,0.5417374968528748,-0.0389493852853775,0.3057211935520172,0.49634653329849243,-0.010248263366520405,0.32403504848480225,0.506382405757904,-0.033389318734407425,0.289021760225296,0.5099592208862305,-0.030705582350492477,0.2677493691444397,0.5070601105690002,-0.021570444107055664,0.2986765205860138,0.4559241235256195,-0.0173856969922781,0.3200693428516388,0.46441301703453064,-0.030309872701764107,0.2957550883293152,0.47307756543159485,-0.024257764220237732,0.27837246656417847,0.47503140568733215,-0.014471753500401974,no
0.1819457858800888,0.49927613139152527,-1.3645696128605778e-07,0.20366917550563812,0.5532101392745972,-0.016846075654029846,0.23575755953788757,0.6044902801513672,-0.028965378180146217,0.2549567222595215,0.6375875473022461,-0.0425846204161644,0.266737699508667,0.659642219543457,-0.05394239351153374,0.3037327826023102,0.5741643905639648,-0.006253649014979601,0.32331910729408264,0.591976523399353,-0.03527159243822098,0.29057177901268005,0.5962774157524109,-0.054968152195215225,0.262590229511261,0.5939696431159973,-0.0630967766046524,0.3058784306049347,0.5327382683753967,-0.008573411032557487,0.3285960555076599,0.5471980571746826,-0.03575868904590607,0.28922414779663086,0.5542555451393127,-0.04643708094954491,0.2616616189479828,0.552692711353302,-0.047351423650979996,0.3009406328201294,0.4909786581993103,-0.015292110852897167,0.3254569470882416,0.5013075470924377,-0.039171792566776276,0.2895662486553192,0.513896644115448,-0.03621980547904968,0.26404866576194763,0.514682412147522,-0.027386344969272614,0.2890126705169678,0.44913116097450256,-0.02376689948141575,0.31204476952552795,0.45949870347976685,-0.037752848118543625,0.2878146171569824,0.4763466715812683,-0.03135142847895622,0.2688242197036743,0.4820350706577301,-0.021665334701538086,no
0.186651811003685,0.4956580400466919,-1.8237486187899776e-07,0.20751279592514038,0.5494754314422607,-0.015715353190898895,0.23916587233543396,0.6029386520385742,-0.02682601846754551,0.2601008713245392,0.6418170928955078,-0.039664238691329956,0.27559611201286316,0.6664689183235168,-0.04992709681391716,0.3015393614768982,0.5796748399734497,-0.005316946189850569,0.32347795367240906,0.5935870409011841,-0.033381227403879166,0.2918936014175415,0.591265857219696,-0.051251284778118134,0.26755738258361816,0.5859919786453247,-0.05814836546778679,0.3063492476940155,0.5396727323532104,-0.0076073575764894485,0.33006399869918823,0.5505750179290771,-0.03343343734741211,0.2926887571811676,0.5512505769729614,-0.04212755337357521,0.2690204381942749,0.5482388138771057,-0.041901350021362305,0.304971307516098,0.49778905510902405,-0.014335266314446926,0.32896408438682556,0.5073443055152893,-0.03664432838559151,0.2948230803012848,0.5144277811050415,-0.03219301253557205,0.27182114124298096,0.5134535431861877,-0.022759953513741493,0.2978261709213257,0.45477616786956787,-0.02280501089990139,0.322099894285202,0.46114030480384827,-0.034406229853630066,0.2996489703655243,0.47339165210723877,-0.0268855020403862,0.2819148600101471,0.4780357778072357,-0.01671435683965683,no
0.18596823513507843,0.49725040793418884,-1.6099667732305534e-07,0.20701763033866882,0.5469881296157837,-0.020189648494124413,0.2437884360551834,0.5933735966682434,-0.03189421817660332,0.26911407709121704,0.626561164855957,-0.044440727680921555,0.28679394721984863,0.6455298662185669,-0.053617481142282486,0.3072822093963623,0.5729662179946899,-0.005493442062288523,0.32775843143463135,0.583717942237854,-0.03604000434279442,0.29402321577072144,0.5859329104423523,-0.05491916835308075,0.2718687653541565,0.5829606652259827,-0.06222870945930481,0.311522513628006,0.5341477394104004,-0.006026062183082104,0.33184653520584106,0.5469833016395569,-0.03489101305603981,0.29154860973358154,0.5509119629859924,-0.04351390525698662,0.27085110545158386,0.54788738489151,-0.04225223511457443,0.30887094140052795,0.49300283193588257,-0.012045609764754772,0.330629825592041,0.5053204298019409,-0.03765140846371651,0.29345422983169556,0.5141521096229553,-0.03183035925030708,0.2731175422668457,0.5120855569839478,-0.020577216520905495,0.29954975843429565,0.45031091570854187,-0.020311394706368446,0.31995344161987305,0.46387606859207153,-0.03426017239689827,0.29479876160621643,0.4770854413509369,-0.026729552075266838,0.27969640493392944,0.4798937141895294,-0.01604364439845085,no
0.19536104798316956,0.5104748010635376,-1.1149317202807651e-07,0.21685972809791565,0.562456488609314,-0.011300753802061081,0.24710561335086823,0.6135655641555786,-0.01867898739874363,0.265165776014328,0.6464939713478088,-0.02827189862728119,0.2731430232524872,0.6636903285980225,-0.03564364090561867,0.3094266653060913,0.5912655591964722,9.106803918257356e-05,0.33359551429748535,0.6053962707519531,-0.02129805088043213,0.3024930953979492,0.6003568172454834,-0.03572910279035568,0.2761249244213104,0.5918248891830444,-0.04158870130777359,0.3159278333187103,0.5503544807434082,-0.0035326206125319004,0.3386736810207367,0.5609656572341919,-0.024354642257094383,0.30117377638816833,0.5598835945129395,-0.03315024822950363,0.2772723138332367,0.556098997592926,-0.03431042656302452,0.3137633800506592,0.5084618926048279,-0.010444373823702335,0.3371533453464508,0.5156651139259338,-0.0284647885710001,0.3017200827598572,0.5231264233589172,-0.02394086681306362,0.27803879976272583,0.5219579935073853,-0.01582837477326393,0.30380779504776,0.4643439054489136,-0.018697790801525116,0.3283696174621582,0.4730340838432312,-0.02895156294107437,0.3024803400039673,0.4864611029624939,-0.02075909450650215,0.28292199969291687,0.48986268043518066,-0.010691341012716293,no
0.20098859071731567,0.504082977771759,-9.060233452373723e-08,0.2188509702682495,0.5549037456512451,-0.01603114977478981,0.24837081134319305,0.6038962602615356,-0.026012659072875977,0.2677917182445526,0.6378723978996277,-0.037193864583969116,0.2792225480079651,0.6591822504997253,-0.04594065994024277,0.3114316165447235,0.5872195363044739,-0.005833901464939117,0.3357529640197754,0.6026131510734558,-0.0305783748626709,0.30621883273124695,0.5990002155303955,-0.04750863462686539,0.2795315980911255,0.5908746123313904,-0.05488147586584091,0.31800732016563416,0.5475634932518005,-0.007715849205851555,0.34149572253227234,0.5600111484527588,-0.03244781121611595,0.30464330315589905,0.558918833732605,-0.043648745864629745,0.2786629796028137,0.5543939471244812,-0.04582100361585617,0.3165171146392822,0.5064912438392639,-0.013407699763774872,0.3406776785850525,0.5144346952438354,-0.0343303456902504,0.30634957551956177,0.5207667946815491,-0.03201820328831673,0.28175148367881775,0.5189462900161743,-0.024887818843126297,0.30706852674484253,0.46417558193206787,-0.020794661715626717,0.32772424817085266,0.47255608439445496,-0.033138301223516464,0.30412179231643677,0.4843273460865021,-0.027584165334701538,0.28699585795402527,0.4877774715423584,-0.019405802711844444,no
0.20047792792320251,0.5029675364494324,-1.2098077206701419e-07,0.22261297702789307,0.5632017850875854,-0.009518219158053398,0.24875466525554657,0.6167451739311218,-0.016531094908714294,0.26305368542671204,0.6586028337478638,-0.025820329785346985,0.2686120569705963,0.6886876225471497,-0.032681941986083984,0.3093990981578827,0.5919365882873535,-0.0019912433344870806,0.33452051877975464,0.6113125085830688,-0.023720476776361465,0.303295373916626,0.6044067740440369,-0.03687307611107826,0.2775285243988037,0.5944674015045166,-0.041815970093011856,0.31755635142326355,0.5530328154563904,-0.0062344432808458805,0.339634507894516,0.5676491856575012,-0.02897360920906067,0.3009796440601349,0.5624698996543884,-0.03763497248291969,0.276987224817276,0.5572612881660461,-0.03868430107831955,0.3168011009693146,0.5118865966796875,-0.01325184665620327,0.34211066365242004,0.5213126540184021,-0.0317540168762207,0.3065279722213745,0.5250020027160645,-0.02601098269224167,0.28234779834747314,0.5227155089378357,-0.017227165400981903,0.30754438042640686,0.46814608573913574,-0.021447112783789635,0.33209261298179626,0.47702813148498535,-0.031832609325647354,0.30713191628456116,0.48926669359207153,-0.02350039593875408,0.2885812520980835,0.4928704798221588,-0.013374580070376396,no
0.20016199350357056,0.5009409189224243,-7.263596302209407e-08,0.22045955061912537,0.5547866821289062,-0.012203477323055267,0.24901510775089264,0.6111592054367065,-0.020142773166298866,0.2638573944568634,0.6450181603431702,-0.029603589326143265,0.26716941595077515,0.665989100933075,-0.036362677812576294,0.31187519431114197,0.5882288813591003,-0.00309782475233078,0.3341102600097656,0.6004963517189026,-0.023807467892766,0.3033003807067871,0.5942738056182861,-0.03723461553454399,0.2847993075847626,0.5887795090675354,-0.04347340390086174,0.31874462962150574,0.5461249351501465,-0.006121997255831957,0.3403630256652832,0.557444155216217,-0.025560127571225166,0.3044698238372803,0.554957389831543,-0.03256741538643837,0.2884402871131897,0.5513032674789429,-0.03360559791326523,0.31673088669776917,0.5038518905639648,-0.012324808165431023,0.3391784429550171,0.5122520923614502,-0.02820240706205368,0.3051348328590393,0.5172957181930542,-0.021376462653279305,0.2872892916202545,0.5154935121536255,-0.013071591965854168,0.30717262625694275,0.4607331156730652,-0.020091596990823746,0.32674241065979004,0.4703354239463806,-0.026994459331035614,0.30385643243789673,0.4820963442325592,-0.017529528588056564,0.29067400097846985,0.4859292209148407,-0.007790699135512114,no
0.19816693663597107,0.5047222971916199,-1.0649857529188012e-07,0.2193036675453186,0.5605405569076538,-0.010944428853690624,0.24589598178863525,0.6145651936531067,-0.01940074749290943,0.25925031304359436,0.652626097202301,-0.030457202345132828,0.2646333575248718,0.676196277141571,-0.03943220153450966,0.3055480420589447,0.5940991640090942,-0.0014534740475937724,0.33460256457328796,0.6126918196678162,-0.025227362290024757,0.3047572076320648,0.608148455619812,-0.04093543812632561,0.2785928547382355,0.5998926162719727,-0.046891625970602036,0.31259915232658386,0.5551415681838989,-0.004906166810542345,0.33862704038619995,0.5678708553314209,-0.02662147767841816,0.3020075857639313,0.5662549734115601,-0.035052359104156494,0.2776086926460266,0.562863826751709,-0.03561791777610779,0.3133549690246582,0.5135610699653625,-0.011951557360589504,0.3421235978603363,0.5228866338729858,-0.02969055250287056,0.3087315559387207,0.5287613272666931,-0.025766901671886444,0.2844889760017395,0.5269883275032043,-0.0179189033806324,0.3074682056903839,0.46884965896606445,-0.02043796144425869,0.3334035873413086,0.47625070810317993,-0.02982443757355213,0.3118768334388733,0.4878012239933014,-0.02281251735985279,0.29328399896621704,0.49154648184776306,-0.013592777773737907,no
0.2002001702785492,0.5058075189590454,-8.160051123695666e-08,0.21772903203964233,0.5615029335021973,-0.015253330580890179,0.24428822100162506,0.6173192858695984,-0.025265052914619446,0.26079535484313965,0.6545916795730591,-0.0367165207862854,0.26909124851226807,0.6756394505500793,-0.04586762562394142,0.30888718366622925,0.5944035649299622,-0.006365655455738306,0.3363872468471527,0.6100422143936157,-0.03170071169734001,0.30706679821014404,0.6077253222465515,-0.04796478524804115,0.28107693791389465,0.6009133458137512,-0.05416782572865486,0.31629252433776855,0.5545219779014587,-0.008221017196774483,0.3412935733795166,0.5637590885162354,-0.031761229038238525,0.30507737398147583,0.5636844635009766,-0.04049786552786827,0.2808768153190613,0.5601853132247925,-0.04097319394350052,0.31676480174064636,0.5128306746482849,-0.014046493917703629,0.34222710132598877,0.5190223455429077,-0.034207265824079514,0.30911266803741455,0.5254104137420654,-0.030780889093875885,0.28662604093551636,0.5239409804344177,-0.022775325924158096,0.31021395325660706,0.46929413080215454,-0.02152697555720806,0.33453118801116943,0.47572237253189087,-0.03290541470050812,0.3119646906852722,0.48656925559043884,-0.026638833805918694,0.29430949687957764,0.4897274374961853,-0.017694413661956787,no
0.2003207504749298,0.5123806595802307,-3.9598987200406555e-08,0.2210015058517456,0.5661264061927795,-0.01245133113116026,0.24942022562026978,0.6157937049865723,-0.020837243646383286,0.263229638338089,0.6503338813781738,-0.031245160847902298,0.26740315556526184,0.6740913987159729,-0.040010202676057816,0.30796968936920166,0.59491366147995,-0.00384352239780128,0.3328494131565094,0.6092287302017212,-0.02579033561050892,0.303970068693161,0.608222246170044,-0.04075358062982559,0.279479056596756,0.6020752787590027,-0.04739118367433548,0.31489279866218567,0.5561147928237915,-0.006925143301486969,0.3393097221851349,0.5683290362358093,-0.0285428948700428,0.30463162064552307,0.5692033171653748,-0.03748790919780731,0.2800379991531372,0.5640793442726135,-0.03886640816926956,0.31458336114883423,0.5148897171020508,-0.013438859023153782,0.3417085111141205,0.5211705565452576,-0.03253594785928726,0.3073466718196869,0.5294029712677002,-0.029601387679576874,0.28264161944389343,0.5291085243225098,-0.02246544510126114,0.3065064251422882,0.4703873097896576,-0.02134661376476288,0.3285980820655823,0.4768335521221161,-0.033731188625097275,0.3053981065750122,0.48994696140289307,-0.028885820880532265,0.2866104543209076,0.4954967200756073,-0.02127082273364067,no
0.2031368464231491,0.5003983974456787,-7.312318217600478e-08,0.2200537621974945,0.5560976266860962,-0.015714775770902634,0.24687442183494568,0.609709620475769,-0.02530953474342823,0.26246416568756104,0.6463990211486816,-0.03538685292005539,0.2709362208843231,0.6703401803970337,-0.042310550808906555,0.3115982413291931,0.5926740765571594,-0.00823451392352581,0.3326869308948517,0.611152172088623,-0.03433729708194733,0.3014094829559326,0.6077242493629456,-0.05075879767537117,0.2784422039985657,0.6008380651473999,-0.057561445981264114,0.3188040554523468,0.5527526140213013,-0.00976463221013546,0.338855117559433,0.5675124526023865,-0.0365123525261879,0.3021637201309204,0.5674395561218262,-0.047179657965898514,0.28076478838920593,0.5639061331748962,-0.048959050327539444,0.31743359565734863,0.5114011764526367,-0.014772461727261543,0.33867451548576355,0.520953893661499,-0.03624286875128746,0.3036518692970276,0.5282421708106995,-0.031457819044589996,0.28235846757888794,0.5274000763893127,-0.02284463681280613,0.3081077039241791,0.4694026708602905,-0.021511640399694443,0.3243546485900879,0.48046815395355225,-0.03330009803175926,0.30072611570358276,0.4934631884098053,-0.02605975605547428,0.28672581911087036,0.4979653060436249,-0.01654888689517975,no
0.19367416203022003,0.5115291476249695,-2.4021796107831506e-08,0.21368351578712463,0.5650625824928284,-0.017428485676646233,0.24554738402366638,0.6108505725860596,-0.027095546945929527,0.27223849296569824,0.6363345384597778,-0.037611767649650574,0.29280102252960205,0.6463172435760498,-0.04590675234794617,0.3072502017021179,0.5914095044136047,-0.00529974140226841,0.3322594165802002,0.6012606620788574,-0.029258983209729195,0.30469152331352234,0.6028472185134888,-0.0454486720263958,0.28136128187179565,0.6007610559463501,-0.0524391308426857,0.3134009540081024,0.5512151718139648,-0.005815698765218258,0.33767375349998474,0.561295747756958,-0.029376527294516563,0.30303335189819336,0.5638567805290222,-0.03895827382802963,0.2789105474948883,0.5614884495735168,-0.04018991440534592,0.312537282705307,0.5097091794013977,-0.01050073467195034,0.3372674584388733,0.5167484283447266,-0.03204765543341637,0.3039769232273102,0.5259997844696045,-0.028855858370661736,0.2797374129295349,0.5266180634498596,-0.020976504310965538,0.30417072772979736,0.46616530418395996,-0.01696094498038292,0.32632964849472046,0.4754337668418884,-0.03088371455669403,0.3033016622066498,0.4883652329444885,-0.02591022662818432,0.28480401635169983,0.49357420206069946,-0.017788056284189224,no
0.19292542338371277,0.5093222260475159,-9.348416796228776e-08,0.21327397227287292,0.56304532289505,-0.016550958156585693,0.24689941108226776,0.611932635307312,-0.024821599945425987,0.27671319246292114,0.6353729963302612,-0.0337444506585598,0.30347970128059387,0.6404258608818054,-0.04042181000113487,0.30647626519203186,0.5873885154724121,-0.005313210655003786,0.3311113715171814,0.5991121530532837,-0.028439251706004143,0.30257561802864075,0.6006938815116882,-0.043630145490169525,0.2786678075790405,0.5965656042098999,-0.04987350478768349,0.31276988983154297,0.5492453575134277,-0.00587100675329566,0.3368086814880371,0.5585845708847046,-0.028428154066205025,0.301847904920578,0.5618666410446167,-0.037820614874362946,0.27885428071022034,0.5590319633483887,-0.03914609178900719,0.31174200773239136,0.5085508823394775,-0.010317779146134853,0.3360097110271454,0.515704333782196,-0.03187695890665054,0.3023371398448944,0.5240037441253662,-0.029292425140738487,0.2801280915737152,0.5234350562095642,-0.021963857114315033,0.3034946620464325,0.46572309732437134,-0.016272662207484245,0.3246598541736603,0.4748833477497101,-0.03105725534260273,0.3006300628185272,0.4882226288318634,-0.02657761424779892,0.28315168619155884,0.49274107813835144,-0.018708862364292145,no
0.19516870379447937,0.5142391324043274,-5.828538007790485e-08,0.21284304559230804,0.5698097944259644,-0.01450244802981615,0.24120326340198517,0.6223618984222412,-0.023420186713337898,0.2605731785297394,0.6602718830108643,-0.03381285071372986,0.27343863248825073,0.6866031885147095,-0.04229608550667763,0.305052250623703,0.6003235578536987,-0.004812246188521385,0.33117997646331787,0.6139489412307739,-0.02844787761569023,0.3037473261356354,0.6121997833251953,-0.0442466102540493,0.2786068022251129,0.6066969037055969,-0.05095521733164787,0.3123558461666107,0.5593247413635254,-0.006939155049622059,0.33638590574264526,0.5698888897895813,-0.029909197241067886,0.30135878920555115,0.5698254704475403,-0.038905587047338486,0.2765287458896637,0.5664677619934082,-0.04010998085141182,0.31150007247924805,0.516140878200531,-0.012908093631267548,0.33726316690444946,0.5218689441680908,-0.033627238124608994,0.3036078214645386,0.5293632745742798,-0.030343512073159218,0.27957579493522644,0.5302003622055054,-0.022896744310855865,0.3024231493473053,0.4709509611129761,-0.02039123699069023,0.3247315287590027,0.47740980982780457,-0.03389118239283562,0.30136215686798096,0.49023178219795227,-0.028877202421426773,0.28309133648872375,0.4961812198162079,-0.021003685891628265,no
0.2025831788778305,0.5087124109268188,-6.02497323143325e-08,0.22043675184249878,0.5641480684280396,-0.013408760540187359,0.24745133519172668,0.6230777502059937,-0.021573850885033607,0.26339656114578247,0.6723912358283997,-0.030687501654028893,0.2697053551673889,0.7047775983810425,-0.03679082170128822,0.3083304762840271,0.5939909219741821,-0.0031644836999475956,0.3314254581928253,0.6122250556945801,-0.02550235390663147,0.29936647415161133,0.6038691997528076,-0.03912696987390518,0.2754654884338379,0.594024121761322,-0.04394802078604698,0.31498581171035767,0.5554198026657104,-0.004315175116062164,0.3365294337272644,0.5663753151893616,-0.026846617460250854,0.29931432008743286,0.5614030361175537,-0.03465508297085762,0.277953177690506,0.5551769733428955,-0.03469653055071831,0.31472593545913696,0.515579104423523,-0.00891142152249813,0.33653491735458374,0.521402895450592,-0.0266994908452034,0.302703320980072,0.5250437259674072,-0.02026817575097084,0.2819920778274536,0.5223968625068665,-0.010899774730205536,0.30816641449928284,0.4752015173435211,-0.015045964159071445,0.3290921747684479,0.4813380837440491,-0.023334071040153503,0.30517372488975525,0.4907703995704651,-0.01470244862139225,0.28942227363586426,0.4931316673755646,-0.004538457840681076,no
0.19875529408454895,0.502470850944519,-3.7813268960462665e-08,0.2209213823080063,0.5616273283958435,-0.008099155500531197,0.24616241455078125,0.6195371150970459,-0.014043297618627548,0.26128649711608887,0.665128231048584,-0.021373841911554337,0.26649799942970276,0.6881449222564697,-0.025744976475834846,0.30561453104019165,0.5892478823661804,0.000502285489346832,0.3284328579902649,0.6140198707580566,-0.018853550776839256,0.3007951080799103,0.6061773300170898,-0.031229564920067787,0.277910053730011,0.5970588326454163,-0.03601117804646492,0.3128927946090698,0.5534114241600037,-0.002693540882319212,0.33566486835479736,0.5732237696647644,-0.02536451630294323,0.30082619190216064,0.5667880177497864,-0.035900965332984924,0.2788679599761963,0.558905303478241,-0.03820546343922615,0.3132845461368561,0.5138372778892517,-0.00790075771510601,0.33782148361206055,0.5253875255584717,-0.024972539395093918,0.3052402436733246,0.5295159220695496,-0.019718263298273087,0.28286972641944885,0.5272136926651001,-0.011480612680315971,0.3061941862106323,0.47366034984588623,-0.013988272286951542,0.33052751421928406,0.48186469078063965,-0.022038429975509644,0.3060322701931,0.49430882930755615,-0.013130877166986465,0.28882578015327454,0.49749472737312317,-0.002968169515952468,no
0.20242148637771606,0.5040785670280457,-9.53060421693408e-08,0.22092926502227783,0.5515152215957642,-0.012141680344939232,0.25035223364830017,0.5991900563240051,-0.019613053649663925,0.27337539196014404,0.6343914270401001,-0.028335202485322952,0.28825587034225464,0.6566767692565918,-0.03484738990664482,0.3066096901893616,0.5870189070701599,-0.004386872984468937,0.32970964908599854,0.6064555048942566,-0.02576255612075329,0.3021877110004425,0.6023304462432861,-0.03929075598716736,0.2784823775291443,0.5920104384422302,-0.04432716965675354,0.3146120309829712,0.5511221289634705,-0.00666505191475153,0.3369930386543274,0.5650041699409485,-0.02729419805109501,0.301613450050354,0.562075674533844,-0.034506477415561676,0.2772294878959656,0.5548655390739441,-0.034440673887729645,0.31540751457214355,0.5123036503791809,-0.012167231179773808,0.338992714881897,0.5233572125434875,-0.030288638547062874,0.3053632080554962,0.5274021625518799,-0.0250751581043005,0.2812657356262207,0.5232594013214111,-0.016475476324558258,0.3092787265777588,0.4700299799442291,-0.018995918333530426,0.3310697674751282,0.48046496510505676,-0.030787277966737747,0.30718109011650085,0.4906555116176605,-0.0241188183426857,0.2884543538093567,0.4924671947956085,-0.014918376691639423,no
0.1915597915649414,0.5114773511886597,-1.011185872812348e-07,0.21025705337524414,0.5673422813415527,-0.017992492765188217,0.23680081963539124,0.6176545023918152,-0.029523365199565887,0.2549123764038086,0.6552121043205261,-0.04211730882525444,0.2666049897670746,0.6775659322738647,-0.05211666598916054,0.2997039258480072,0.6002423167228699,-0.007433099206537008,0.32475173473358154,0.6126441955566406,-0.03443469479680061,0.2946159243583679,0.6047162413597107,-0.05212096869945526,0.2694043815135956,0.5950019955635071,-0.05963383615016937,0.30723267793655396,0.5600010752677917,-0.00857791118323803,0.33420151472091675,0.5699096918106079,-0.035924963653087616,0.2966752350330353,0.5659751892089844,-0.04629984498023987,0.27199095487594604,0.5607354044914246,-0.047297704964876175,0.30830511450767517,0.5177611112594604,-0.014021542854607105,0.33693021535873413,0.5231553316116333,-0.03820245712995529,0.3007200062274933,0.526813805103302,-0.03522109240293503,0.2759295701980591,0.5251173973083496,-0.026707669720053673,0.3028836250305176,0.4732361435890198,-0.02125662751495838,0.3269319236278534,0.47769850492477417,-0.036121126264333725,0.30172598361968994,0.4864634871482849,-0.03127066791057587,0.2826777994632721,0.4900105595588684,-0.022907210513949394,no
0.1913989782333374,0.5112072825431824,-1.191615695006476e-07,0.20923849940299988,0.5663466453552246,-0.01722598448395729,0.23729851841926575,0.6188880801200867,-0.02772676572203636,0.2561503052711487,0.6553968191146851,-0.03915676847100258,0.26782727241516113,0.6790620684623718,-0.047906409949064255,0.3040361702442169,0.5984280109405518,-0.0061771865002810955,0.32793164253234863,0.6105664968490601,-0.031575027853250504,0.29834744334220886,0.6056996583938599,-0.047880418598651886,0.27295157313346863,0.5982518196105957,-0.05430334061384201,0.3114053010940552,0.5580796003341675,-0.006881268694996834,0.33451876044273376,0.5647259950637817,-0.03181237354874611,0.29771432280540466,0.5636118650436401,-0.04102491959929466,0.272884726524353,0.5620202422142029,-0.04128500446677208,0.3117821216583252,0.5161770582199097,-0.011727304197847843,0.33330851793289185,0.5188427567481995,-0.03372209519147873,0.2993289828300476,0.5234400629997253,-0.031168680638074875,0.2762962281703949,0.524115800857544,-0.023179547861218452,0.3054514527320862,0.4730682075023651,-0.01831377111375332,0.32447659969329834,0.4756423830986023,-0.030972104519605637,0.300116628408432,0.4846957325935364,-0.025640059262514114,0.2825324833393097,0.48945075273513794,-0.017042607069015503,no
0.19273704290390015,0.5115792751312256,-3.9928188755311567e-08,0.21108341217041016,0.5639166831970215,-0.01651083678007126,0.2388196885585785,0.6133363246917725,-0.027286753058433533,0.25721901655197144,0.6429705619812012,-0.03919299319386482,0.26750779151916504,0.6565080881118774,-0.048575859516859055,0.3011724352836609,0.5953431725502014,-0.007055803667753935,0.32868319749832153,0.6110879778862,-0.032846979796886444,0.30179134011268616,0.6094608306884766,-0.04942880570888519,0.2786227762699127,0.6040211319923401,-0.0561097078025341,0.30664029717445374,0.556347668170929,-0.008572524413466454,0.33357447385787964,0.5687187910079956,-0.034242235124111176,0.30136987566947937,0.568661093711853,-0.0445730946958065,0.27827954292297363,0.5648532509803772,-0.04570605233311653,0.30660736560821533,0.5158895254135132,-0.01412617415189743,0.33164045214653015,0.5259889960289001,-0.036314357072114944,0.3011091947555542,0.5320184230804443,-0.034091319888830185,0.27878904342651367,0.5305413007736206,-0.02637607231736183,0.30038440227508545,0.4733443260192871,-0.021393079310655594,0.32168352603912354,0.48381271958351135,-0.03398171439766884,0.3000316917896271,0.4937421679496765,-0.02895383909344673,0.2827640771865845,0.4966387152671814,-0.020790869370102882,no
0.1934559941291809,0.497182697057724,-1.4334028719531489e-07,0.20546036958694458,0.5481880903244019,-0.02732703648507595,0.2307663857936859,0.5972352027893066,-0.04414563253521919,0.2508997917175293,0.6350934505462646,-0.06016525998711586,0.2660340666770935,0.6570133566856384,-0.07254451513290405,0.30415332317352295,0.5884627103805542,-0.01666482910513878,0.3264503479003906,0.6028283834457397,-0.048978161066770554,0.29475146532058716,0.5962873697280884,-0.06875957548618317,0.26986610889434814,0.5853156447410583,-0.07644978910684586,0.31096169352531433,0.5500558614730835,-0.014161651022732258,0.33484745025634766,0.5614863038063049,-0.04520532116293907,0.2963622212409973,0.5574166774749756,-0.0560351200401783,0.2727715075016022,0.5496646165847778,-0.056272298097610474,0.31196513772010803,0.5092672109603882,-0.017075711861252785,0.33566030859947205,0.5188988447189331,-0.04347766563296318,0.3012832999229431,0.5208702683448792,-0.040808651596307755,0.27895858883857727,0.5148113965988159,-0.03178582340478897,0.3067016005516052,0.4662521481513977,-0.022607728838920593,0.3291777968406677,0.4754618704319,-0.037347473204135895,0.30565398931503296,0.4825897514820099,-0.03216492012143135,0.2886529862880707,0.48177191615104675,-0.02330705337226391,no
0.1883428692817688,0.49613457918167114,-1.5425753474573867e-07,0.20740389823913574,0.5531647801399231,-0.015471003018319607,0.23622864484786987,0.6082785725593567,-0.025682197883725166,0.25730010867118835,0.6409832835197449,-0.03763226792216301,0.2721230387687683,0.6600212454795837,-0.047266505658626556,0.3036743998527527,0.5884914398193359,-0.001242476049810648,0.3248114585876465,0.60749751329422,-0.02686566859483719,0.2966647148132324,0.6049193143844604,-0.044781167060136795,0.2692987322807312,0.5963955521583557,-0.05213773250579834,0.30959755182266235,0.5500770807266235,-0.0036567230708897114,0.3325071930885315,0.5637075901031494,-0.028204921633005142,0.2953803539276123,0.5604645013809204,-0.03858281299471855,0.2674710750579834,0.5551417469978333,-0.03913988918066025,0.3092098534107208,0.509235680103302,-0.010412727482616901,0.32997843623161316,0.5224826335906982,-0.03270857781171799,0.29545676708221436,0.5256373882293701,-0.03088567592203617,0.2697209119796753,0.522417426109314,-0.022615281865000725,0.30229678750038147,0.4663940668106079,-0.018876241520047188,0.3235494792461395,0.47808408737182617,-0.032145608216524124,0.29884016513824463,0.4887017011642456,-0.02619430236518383,0.27884307503700256,0.491028755903244,-0.016643280163407326,no
0.19249950349330902,0.510387659072876,-8.94648408689136e-08,0.20962657034397125,0.5621448159217834,-0.015303428284823895,0.2359941601753235,0.6141008734703064,-0.02504483424127102,0.25476178526878357,0.6455793380737305,-0.035585395991802216,0.2677326202392578,0.6574968099594116,-0.043257128447294235,0.2991637885570526,0.5919980406761169,-0.007553080562502146,0.32339242100715637,0.605156660079956,-0.032178837805986404,0.29365435242652893,0.6012423038482666,-0.046471018344163895,0.26963168382644653,0.5934251546859741,-0.051249910145998,0.3053865432739258,0.5522804260253906,-0.009263407438993454,0.3271551728248596,0.5631082057952881,-0.032528288662433624,0.29171714186668396,0.56053626537323,-0.0397111251950264,0.2709089517593384,0.5557965636253357,-0.03903137147426605,0.305147647857666,0.5115914940834045,-0.014839802868664265,0.3274063766002655,0.5213167667388916,-0.03577743098139763,0.2944376468658447,0.5254179835319519,-0.031192444264888763,0.27388647198677063,0.5233135223388672,-0.022302571684122086,0.2981645464897156,0.46909216046333313,-0.02197038009762764,0.3192397356033325,0.47940564155578613,-0.034526947885751724,0.29601043462753296,0.4888802766799927,-0.02808983065187931,0.2793983221054077,0.49125343561172485,-0.01878993585705757,no
0.18772047758102417,0.5103915333747864,-1.1773744290621835e-07,0.2074832022190094,0.5637555718421936,-0.016510171815752983,0.23598070442676544,0.6142014265060425,-0.026386205106973648,0.2563173174858093,0.6467266082763672,-0.037247613072395325,0.2703249156475067,0.665655255317688,-0.045391909778118134,0.3056052625179291,0.5913159251213074,-0.0017923535779118538,0.320625364780426,0.6024156212806702,-0.026621732860803604,0.2916983366012573,0.597822368144989,-0.04305974766612053,0.26877689361572266,0.5899786949157715,-0.04929237812757492,0.31200116872787476,0.5520177483558655,-0.002691929927095771,0.32526150345802307,0.5616337060928345,-0.026202963665127754,0.28880053758621216,0.5574203133583069,-0.03574990853667259,0.26788851618766785,0.5517551898956299,-0.03612850606441498,0.31055012345314026,0.5119935870170593,-0.007914283312857151,0.3229350745677948,0.5215550065040588,-0.029523242264986038,0.290059357881546,0.5226287841796875,-0.027481473982334137,0.27138254046440125,0.5186192393302917,-0.019586246460676193,0.30223900079727173,0.4719964861869812,-0.014830228872597218,0.3195849359035492,0.4783552587032318,-0.0268084816634655,0.2964208126068115,0.4859897196292877,-0.02100372686982155,0.2811643183231354,0.487962931394577,-0.011790855787694454,no
0.18534526228904724,0.5200002789497375,-7.224110731840483e-08,0.20719313621520996,0.570353090763092,-0.010351006872951984,0.2361656129360199,0.6197101473808289,-0.01695772260427475,0.2580175995826721,0.6473908424377441,-0.025975389406085014,0.26989173889160156,0.6612897515296936,-0.03324900195002556,0.29433581233024597,0.5933669805526733,0.0030888512264937162,0.3185999095439911,0.6038274765014648,-0.018635673448443413,0.29179421067237854,0.6007479429244995,-0.03331361711025238,0.26596155762672424,0.5923711061477661,-0.03809269890189171,0.298886775970459,0.5558648109436035,8.737595635466278e-05,0.324421763420105,0.5650351047515869,-0.020440328866243362,0.2903589904308319,0.5614012479782104,-0.028861749917268753,0.26393410563468933,0.5542775988578796,-0.02867780067026615,0.2982550859451294,0.5170629024505615,-0.006544485222548246,0.3232439160346985,0.525661826133728,-0.026296164840459824,0.2907657325267792,0.5290171504020691,-0.02496017888188362,0.26477763056755066,0.525556206703186,-0.017510157078504562,0.2922508418560028,0.47620439529418945,-0.014256919734179974,0.32072892785072327,0.48040181398391724,-0.026608547195792198,0.2983481287956238,0.4919509291648865,-0.021991800516843796,0.2748814523220062,0.49672749638557434,-0.013489331118762493,no
0.17935186624526978,0.5231691598892212,2.2404970323464113e-08,0.20708581805229187,0.5775486826896667,-0.011063770391047001,0.24129179120063782,0.6244617700576782,-0.01789156347513199,0.26199251413345337,0.6575334072113037,-0.02691388688981533,0.27274882793426514,0.6778796315193176,-0.03458727151155472,0.29704737663269043,0.5852575302124023,-0.00026187181356363,0.32064560055732727,0.5967826247215271,-0.020397279411554337,0.2923557758331299,0.6020041704177856,-0.03478945419192314,0.2650173008441925,0.5980302095413208,-0.04064186289906502,0.29970598220825195,0.5468220710754395,-0.003147273790091276,0.32467159628868103,0.5595064759254456,-0.022287558764219284,0.2920617163181305,0.5655146241188049,-0.031219450756907463,0.26363521814346313,0.5621846914291382,-0.03304435685276985,0.2958937883377075,0.5075318813323975,-0.009486311115324497,0.32187843322753906,0.5196097493171692,-0.02684505097568035,0.2911328077316284,0.5305658578872681,-0.025263693183660507,0.2639321982860565,0.5303941965103149,-0.019395658746361732,0.2854048013687134,0.4666840136051178,-0.017180858179926872,0.3102782666683197,0.4751797318458557,-0.028357047587633133,0.29061225056648254,0.4902607798576355,-0.024363389238715172,0.2704346776008606,0.49600285291671753,-0.017725123092532158,no
0.18038317561149597,0.5214077234268188,-7.14155063974431e-08,0.2057938128709793,0.5739114880561829,-0.009240278974175453,0.23645558953285217,0.6232137680053711,-0.015562341548502445,0.2543412148952484,0.6510568857192993,-0.02453894540667534,0.26152685284614563,0.6575363278388977,-0.03193076327443123,0.2951555550098419,0.5931828618049622,0.002590636722743511,0.3187177777290344,0.6040452122688293,-0.019490515813231468,0.29024538397789,0.6008254885673523,-0.03584792837500572,0.26305845379829407,0.5935109257698059,-0.042622461915016174,0.2991316616535187,0.5524083971977234,-0.0017345070373266935,0.324970006942749,0.5621732473373413,-0.021990979090332985,0.29122698307037354,0.5610074996948242,-0.03128242865204811,0.2641969621181488,0.5567478537559509,-0.032655585557222366,0.2962568998336792,0.5115876197814941,-0.00960580911487341,0.32019954919815063,0.5190664529800415,-0.02666524052619934,0.289488285779953,0.5243800282478333,-0.024790223687887192,0.26472511887550354,0.5242591500282288,-0.018398860469460487,0.28684642910957336,0.470599502325058,-0.018856573849916458,0.3118208944797516,0.4732453525066376,-0.0275341235101223,0.29302263259887695,0.4845564663410187,-0.022257620468735695,0.2747837007045746,0.49093031883239746,-0.014835283160209656,no
0.17681124806404114,0.5213173031806946,-3.2168461228110345e-09,0.20446786284446716,0.5787582993507385,-0.013169960118830204,0.23778939247131348,0.6237369179725647,-0.02143082395195961,0.2594444155693054,0.6528051495552063,-0.03207571431994438,0.27183303236961365,0.6659932732582092,-0.041270311921834946,0.29750603437423706,0.5956205129623413,0.0010048163821920753,0.3208327889442444,0.6052284836769104,-0.023606233298778534,0.2906874716281891,0.6061816811561584,-0.041852351278066635,0.2614629864692688,0.5999690294265747,-0.0497843362390995,0.3011780381202698,0.5555358529090881,-0.002203534124419093,0.32495614886283875,0.5646783113479614,-0.02679651789367199,0.28977078199386597,0.5678808093070984,-0.038929667323827744,0.25934740900993347,0.5643364787101746,-0.041750915348529816,0.2976785898208618,0.5144500136375427,-0.009577271528542042,0.32129648327827454,0.5219868421554565,-0.03233172371983528,0.2882920205593109,0.5307895541191101,-0.032712120562791824,0.25979918241500854,0.5307998061180115,-0.026605630293488503,0.2876560389995575,0.47136980295181274,-0.018443379551172256,0.31057116389274597,0.47884470224380493,-0.033295657485723495,0.28779491782188416,0.49258333444595337,-0.030604584142565727,0.2659333348274231,0.4985535144805908,-0.023918500170111656,no
0.17933574318885803,0.5226667523384094,-2.814660327032925e-08,0.20531363785266876,0.5794615745544434,-0.009284330531954765,0.23784653842449188,0.6302818059921265,-0.014822801575064659,0.25729864835739136,0.6648722887039185,-0.023320086300373077,0.26776742935180664,0.6871860027313232,-0.030612563714385033,0.2921457886695862,0.5943000316619873,0.0027192160487174988,0.3186153471469879,0.6029325127601624,-0.019059397280216217,0.288969486951828,0.6040302515029907,-0.034455008804798126,0.25963857769966125,0.5977112054824829,-0.04029405489563942,0.29616668820381165,0.5540239810943604,-0.0012893490493297577,0.3242049813270569,0.5609831809997559,-0.0227513425052166,0.2903395891189575,0.5654392838478088,-0.03269793465733528,0.2601059377193451,0.5632838010787964,-0.0343126505613327,0.2937108278274536,0.5135070085525513,-0.008931221440434456,0.3219009339809418,0.5203967094421387,-0.028287619352340698,0.28991949558258057,0.5295400619506836,-0.027673134580254555,0.2617317736148834,0.5298760533332825,-0.0215875543653965,0.28493791818618774,0.47186338901519775,-0.01781018078327179,0.31175363063812256,0.4768378734588623,-0.03012872487306595,0.291218101978302,0.4903715252876282,-0.027046354487538338,0.2697611153125763,0.49651721119880676,-0.020568381994962692,no
0.17862598598003387,0.503559410572052,-1.464158003727789e-07,0.20493091642856598,0.5582187175750732,-0.010914825834333897,0.23526430130004883,0.6090055704116821,-0.020392999053001404,0.25263819098472595,0.6465345621109009,-0.03320780768990517,0.2644909918308258,0.6713228225708008,-0.044496238231658936,0.2932649254798889,0.5799334645271301,-0.0009888079948723316,0.3206106126308441,0.599415123462677,-0.02807116135954857,0.2928812801837921,0.6005245447158813,-0.04650593176484108,0.2645578980445862,0.5922806262969971,-0.053730543702840805,0.29592370986938477,0.5404993295669556,-0.006556303706020117,0.3255918323993683,0.5550851821899414,-0.03288985416293144,0.28846243023872375,0.555712878704071,-0.043998125940561295,0.2586667239665985,0.5496162176132202,-0.045071087777614594,0.29274582862854004,0.5000063180923462,-0.01620955392718315,0.31963449716567993,0.5127913951873779,-0.04022374376654625,0.28591927886009216,0.5203371047973633,-0.04041639342904091,0.2583639621734619,0.5181494951248169,-0.03324868530035019,0.2834220230579376,0.4587601125240326,-0.027118263766169548,0.3131958842277527,0.4634777903556824,-0.04206100106239319,0.2922687530517578,0.47901320457458496,-0.03840659186244011,0.27003225684165955,0.48670291900634766,-0.030551467090845108,no
0.1771257221698761,0.5055221915245056,-9.375737874961487e-08,0.20184245705604553,0.555479884147644,-0.013053039088845253,0.22889362275600433,0.6000392436981201,-0.02374076098203659,0.24478679895401,0.6309123039245605,-0.03727823868393898,0.25524622201919556,0.6469323635101318,-0.04893236234784126,0.2923671007156372,0.5785009264945984,-0.0002894087811000645,0.3167339861392975,0.5934459567070007,-0.028314221650362015,0.28878459334373474,0.594416081905365,-0.047383710741996765,0.26253023743629456,0.5888913869857788,-0.05475884675979614,0.2948910593986511,0.5386041402816772,-0.004622530657798052,0.3215581774711609,0.546714723110199,-0.031291138380765915,0.2829504609107971,0.5479517579078674,-0.04216795787215233,0.2559982240200043,0.5471519231796265,-0.042641542851924896,0.29119691252708435,0.49848026037216187,-0.013394428417086601,0.31377825140953064,0.5072451829910278,-0.038249772042036057,0.27859029173851013,0.5149630904197693,-0.03772047534584999,0.2529110610485077,0.515663743019104,-0.02948778308928013,0.28068262338638306,0.45826268196105957,-0.023599697276949883,0.3058980107307434,0.46560484170913696,-0.03859696537256241,0.2824069857597351,0.48102685809135437,-0.03403149172663689,0.2607210576534271,0.4893999993801117,-0.025074245408177376,no
0.17692750692367554,0.5118066072463989,-7.588966610683201e-08,0.20372121036052704,0.5619874000549316,-0.014617466367781162,0.2374635487794876,0.6044628024101257,-0.023308472707867622,0.26040393114089966,0.6291700601577759,-0.03377613425254822,0.27640730142593384,0.6384283304214478,-0.04188300669193268,0.2987421751022339,0.5718573331832886,-0.001506376196630299,0.31844407320022583,0.5816631317138672,-0.028884509578347206,0.28732767701148987,0.585032045841217,-0.04631636664271355,0.2611828148365021,0.5808631181716919,-0.05250723659992218,0.29999038577079773,0.5321277379989624,-0.004108169116079807,0.3215625584125519,0.541648268699646,-0.030864687636494637,0.28236377239227295,0.5460455417633057,-0.04064969718456268,0.2564464211463928,0.5442962646484375,-0.040228549391031265,0.2943803668022156,0.49331772327423096,-0.011185042560100555,0.3132628798484802,0.5019873380661011,-0.0358431339263916,0.2774941921234131,0.5122464895248413,-0.03340131789445877,0.25423339009284973,0.513331949710846,-0.024143684655427933,0.28193891048431396,0.45471251010894775,-0.019837846979498863,0.3022947311401367,0.4641149342060089,-0.034653495997190475,0.2782738506793976,0.4801105856895447,-0.029545927420258522,0.26013579964637756,0.48795291781425476,-0.02032352238893509,no
0.17494851350784302,0.5071257948875427,-1.6784551348791865e-07,0.20211537182331085,0.5658566355705261,-0.015887824818491936,0.2333153784275055,0.6203949451446533,-0.027963196858763695,0.25359392166137695,0.6576457619667053,-0.042246121913194656,0.2658095955848694,0.6869184374809265,-0.05425667390227318,0.29861971735954285,0.5872135162353516,-0.005220772698521614,0.32105666399002075,0.5999062061309814,-0.03445195034146309,0.28999680280685425,0.5985512137413025,-0.05349509045481682,0.26164716482162476,0.5915600657463074,-0.06113956868648529,0.3013326823711395,0.5440897345542908,-0.008636429905891418,0.32365453243255615,0.5524690747261047,-0.03829573839902878,0.28216102719306946,0.5538257956504822,-0.04978685453534126,0.25318020582199097,0.5519048571586609,-0.050589680671691895,0.29748058319091797,0.5012441277503967,-0.01651075668632984,0.3177238702774048,0.5076969265937805,-0.0428890623152256,0.2810804843902588,0.5169297456741333,-0.04204646125435829,0.25454410910606384,0.5193634629249573,-0.033780090510845184,0.28749173879623413,0.4577820599079132,-0.026077751070261,0.31078600883483887,0.4592376947402954,-0.04163401946425438,0.28742051124572754,0.47486671805381775,-0.037477415055036545,0.2675727307796478,0.4845177233219147,-0.028967581689357758,no
0.17602244019508362,0.5057982802391052,-1.1411015776729982e-07,0.20208685100078583,0.5571017861366272,-0.016573164612054825,0.23285900056362152,0.6046772003173828,-0.028674399480223656,0.25325921177864075,0.6449639201164246,-0.042805496603250504,0.26662516593933105,0.6737726926803589,-0.054974865168333054,0.297690749168396,0.5775652527809143,-0.004901705775409937,0.31831032037734985,0.5945488214492798,-0.03321588411927223,0.2885526120662689,0.5935039520263672,-0.05257503315806389,0.261383056640625,0.5864875316619873,-0.0602995865046978,0.2995356023311615,0.5373240113258362,-0.0073112803511321545,0.3233166038990021,0.5472807884216309,-0.03401908650994301,0.2850942611694336,0.5483689308166504,-0.04485827684402466,0.2570651173591614,0.5464271903038025,-0.045716628432273865,0.2942529320716858,0.4971359670162201,-0.01422523707151413,0.3156569302082062,0.5044008493423462,-0.038661468774080276,0.28118255734443665,0.514017641544342,-0.03822768107056618,0.253903329372406,0.5161242485046387,-0.03041943721473217,0.282519668340683,0.45702508091926575,-0.022865479812026024,0.3095315992832184,0.4589790999889374,-0.0377625897526741,0.2885180711746216,0.47704407572746277,-0.03385430946946144,0.26654955744743347,0.4887222349643707,-0.02545483410358429,no
0.17837491631507874,0.49393677711486816,-1.8549970093317825e-07,0.2008875012397766,0.5417358875274658,-0.02149229869246483,0.2449197918176651,0.5742995738983154,-0.03036600351333618,0.2832988500595093,0.5816282033920288,-0.0392146110534668,0.3099258840084076,0.5772162675857544,-0.04509834945201874,0.29902467131614685,0.5669560432434082,-0.001994522288441658,0.32254621386528015,0.5808795690536499,-0.02887311764061451,0.2950216233730316,0.5873585343360901,-0.047688450664281845,0.2697892189025879,0.5852190256118774,-0.05526868999004364,0.30376315116882324,0.5317947864532471,-0.00015248470299411565,0.3265204131603241,0.5454285144805908,-0.025359077379107475,0.290632039308548,0.5503495335578918,-0.03674853593111038,0.2654782235622406,0.5473527312278748,-0.03769340738654137,0.3011629581451416,0.4943881034851074,-0.0035575651563704014,0.3212587237358093,0.5100966095924377,-0.028023967519402504,0.2898964285850525,0.5177426934242249,-0.027761438861489296,0.2662767469882965,0.5150313973426819,-0.01986660622060299,0.2919926643371582,0.45375844836235046,-0.008973198011517525,0.3131270110607147,0.4665709435939789,-0.024395015090703964,0.2911923825740814,0.48070573806762695,-0.020467929542064667,0.27331018447875977,0.4848136901855469,-0.011952871456742287,no
0.17918729782104492,0.4935368299484253,-1.727538290197117e-07,0.19765794277191162,0.5446543097496033,-0.023205596953630447,0.24008290469646454,0.5820106863975525,-0.032784122973680496,0.27795785665512085,0.5918346643447876,-0.04228154942393303,0.30392277240753174,0.588900625705719,-0.04899793863296509,0.2965814173221588,0.5763048529624939,-0.004317064303904772,0.32020148634910583,0.5955991744995117,-0.03065146505832672,0.29384845495224,0.6005341410636902,-0.04907209798693657,0.26862868666648865,0.5975915789604187,-0.05685542896389961,0.303146630525589,0.5379163026809692,-0.002563455607742071,0.32912978529930115,0.5530561208724976,-0.02860155701637268,0.29288747906684875,0.5561596155166626,-0.04041430354118347,0.26561373472213745,0.5535942912101746,-0.04152275249361992,0.301824152469635,0.49727797508239746,-0.0060620540753006935,0.32360902428627014,0.5138146877288818,-0.032170217484235764,0.29101917147636414,0.5207768678665161,-0.03323820233345032,0.26494523882865906,0.5186954736709595,-0.025845356285572052,0.29394522309303284,0.4543038308620453,-0.011647279374301434,0.317444384098053,0.46794116497039795,-0.029072189703583717,0.29423993825912476,0.4811776280403137,-0.02619798108935356,0.27296966314315796,0.48431476950645447,-0.01826302707195282,no
0.1774735301733017,0.5010397434234619,-1.7359499793201394e-07,0.20163023471832275,0.5581793785095215,-0.01424887590110302,0.23251909017562866,0.610724925994873,-0.025057828053832054,0.2547444701194763,0.6399276256561279,-0.03785601258277893,0.26980772614479065,0.6540206670761108,-0.048561036586761475,0.3023669719696045,0.584018886089325,-0.002803975250571966,0.3205137848854065,0.605854868888855,-0.02910085953772068,0.2891332805156708,0.6041460633277893,-0.04733269661664963,0.2629556953907013,0.5967665910720825,-0.055220913141965866,0.3063734471797943,0.5441380739212036,-0.006316945888102055,0.3295390009880066,0.5607067942619324,-0.031021932139992714,0.28944963216781616,0.5602249503135681,-0.040471192449331284,0.26126155257225037,0.555874764919281,-0.04080147296190262,0.30304327607154846,0.5025338530540466,-0.01388898491859436,0.324361115694046,0.516545832157135,-0.0369873046875,0.2870529592037201,0.5234519839286804,-0.034296900033950806,0.26028332114219666,0.5222023725509644,-0.02561805211007595,0.2922475337982178,0.45977652072906494,-0.02295440062880516,0.31467336416244507,0.47117286920547485,-0.037144407629966736,0.2887745201587677,0.4875938892364502,-0.030870286747813225,0.2670811116695404,0.49521955847740173,-0.02116709016263485,no
0.17478415369987488,0.49577978253364563,-1.6545850201055146e-07,0.197256937623024,0.5517064332962036,-0.018762199208140373,0.22710171341896057,0.6027876138687134,-0.032899852842092514,0.2513635456562042,0.6284722089767456,-0.04838939756155014,0.26958686113357544,0.6344308853149414,-0.061687953770160675,0.29927945137023926,0.5734308958053589,-0.009430985897779465,0.3218291997909546,0.5957068800926208,-0.03958239406347275,0.2920939028263092,0.6009767055511475,-0.060434967279434204,0.26639747619628906,0.5973666310310364,-0.06951120495796204,0.3029420077800751,0.5346128940582275,-0.01153858844190836,0.33034321665763855,0.5520111918449402,-0.03921925276517868,0.2906889319419861,0.5560443997383118,-0.05068552866578102,0.2631266415119171,0.5524618029594421,-0.05214948207139969,0.30049362778663635,0.49472859501838684,-0.01807667873799801,0.32323476672172546,0.5089873671531677,-0.042645495384931564,0.287230908870697,0.5168856382369995,-0.040726177394390106,0.26227226853370667,0.5149216055870056,-0.032307062298059464,0.2919715642929077,0.45402464270591736,-0.026448430493474007,0.31433165073394775,0.4671434760093689,-0.03911750763654709,0.290130615234375,0.48134171962738037,-0.03217637166380882,0.2711268961429596,0.48514169454574585,-0.022420819848775864,no
0.1839456856250763,0.5132445693016052,-1.0417086571123946e-07,0.20574384927749634,0.5628198981285095,-0.013519959524273872,0.23886224627494812,0.6086166501045227,-0.020627617835998535,0.2649063766002655,0.6294807195663452,-0.029210606589913368,0.2830764055252075,0.6345963478088379,-0.03536912053823471,0.2941557765007019,0.5772028565406799,-0.001761693973094225,0.3191063702106476,0.5819184184074402,-0.025502685457468033,0.2905416190624237,0.5806639194488525,-0.03969334438443184,0.2656897306442261,0.574464738368988,-0.04358997568488121,0.2971959412097931,0.539192795753479,-0.0032153313513845205,0.3214195668697357,0.5451392531394958,-0.025147438049316406,0.2865246534347534,0.5445066690444946,-0.0322527214884758,0.26223647594451904,0.5384272336959839,-0.030954543501138687,0.29552745819091797,0.5008735656738281,-0.008755624294281006,0.31946468353271484,0.5070207118988037,-0.029303161427378654,0.2873913049697876,0.5122604370117188,-0.0261604655534029,0.2635851502418518,0.5089774131774902,-0.017357811331748962,0.2885068655014038,0.4615078866481781,-0.015774857252836227,0.31783950328826904,0.46420347690582275,-0.028275102376937866,0.299787700176239,0.47720423340797424,-0.02326103486120701,0.2808915376663208,0.48312151432037354,-0.014448434114456177,no
0.18492162227630615,0.5066446661949158,-8.690274455602776e-08,0.20455007255077362,0.553792417049408,-0.01640404760837555,0.2340424358844757,0.5963854789733887,-0.02635699138045311,0.25832849740982056,0.62226802110672,-0.03775255009531975,0.2771593928337097,0.6319593191146851,-0.04696425423026085,0.2935976982116699,0.574059247970581,-0.003954109735786915,0.317670077085495,0.5812835693359375,-0.029114555567502975,0.29196518659591675,0.581917405128479,-0.04537547379732132,0.2677159607410431,0.5763605833053589,-0.05087311565876007,0.29772329330444336,0.5373897552490234,-0.004507801961153746,0.31945061683654785,0.5460963249206543,-0.028005486354231834,0.28441867232322693,0.544995129108429,-0.03674590587615967,0.26018527150154114,0.5383865833282471,-0.03635435923933983,0.2968197166919708,0.4994245171546936,-0.009363392367959023,0.31824034452438354,0.509046196937561,-0.03144234046339989,0.2859477400779724,0.5135698318481445,-0.029351454228162766,0.262125164270401,0.5093291997909546,-0.020936941727995872,0.28994521498680115,0.4600027799606323,-0.01590152457356453,0.31722915172576904,0.4656062126159668,-0.029873965308070183,0.2969057857990265,0.4786665737628937,-0.025251546874642372,0.27611586451530457,0.48404836654663086,-0.016418971121311188,no
0.18688586354255676,0.4986356794834137,-1.4587374153052224e-07,0.20569446682929993,0.5483705997467041,-0.015670517459511757,0.2329939305782318,0.5969192981719971,-0.026161860674619675,0.25251731276512146,0.6288166642189026,-0.038663554936647415,0.26778435707092285,0.64567631483078,-0.048704564571380615,0.2977379560470581,0.5827627182006836,-0.002756634261459112,0.32017189264297485,0.5966781377792358,-0.028948917984962463,0.2923416495323181,0.5930324792861938,-0.046391811221838,0.266426146030426,0.5845941305160522,-0.05262298509478569,0.30300331115722656,0.5439748764038086,-0.0045794094912707806,0.324881911277771,0.5498499274253845,-0.02866256609559059,0.2893792688846588,0.545295000076294,-0.038309428840875626,0.26461824774742126,0.5404467582702637,-0.038470782339572906,0.3020360469818115,0.5038327574729919,-0.010867543518543243,0.3217313289642334,0.5087463855743408,-0.032974518835544586,0.28944581747055054,0.5114689469337463,-0.03236977383494377,0.26516464352607727,0.5102143883705139,-0.024752695113420486,0.2955785393714905,0.4640181064605713,-0.01888052001595497,0.32243308424949646,0.46343785524368286,-0.03161933645606041,0.3041534721851349,0.4730033874511719,-0.027208441868424416,0.28485754132270813,0.4791294038295746,-0.018656151369214058,no
0.18691694736480713,0.5047678351402283,-1.2801355353531108e-07,0.20819106698036194,0.554390013217926,-0.012600944377481937,0.2382374405860901,0.6040734648704529,-0.02202858030796051,0.25455179810523987,0.6400613784790039,-0.03380616381764412,0.26374608278274536,0.6671450138092041,-0.04343017190694809,0.29823431372642517,0.5854455828666687,-0.00046623044181615114,0.320487916469574,0.5962453484535217,-0.025534816086292267,0.2910447418689728,0.5928671360015869,-0.04225168749690056,0.2638740837574005,0.5861798524856567,-0.04826425388455391,0.3022981882095337,0.5465577840805054,-0.003909944090992212,0.32684236764907837,0.5544682741165161,-0.027562813833355904,0.28950369358062744,0.5510334968566895,-0.0363076776266098,0.2607775628566742,0.5470079183578491,-0.03578510880470276,0.3015468418598175,0.5060790181159973,-0.011591033078730106,0.32560282945632935,0.5151873230934143,-0.033600036054849625,0.29190459847450256,0.5175574421882629,-0.03203824907541275,0.26453232765197754,0.5154058933258057,-0.023889411240816116,0.29511526226997375,0.464994877576828,-0.02077432908117771,0.32213860750198364,0.4691344201564789,-0.03518713638186455,0.299246221780777,0.478457510471344,-0.030754180625081062,0.2757200598716736,0.4824962615966797,-0.02194170095026493,no
0.18780945241451263,0.4999653995037079,-1.5771676942222257e-07,0.20857924222946167,0.548656702041626,-0.013243652880191803,0.23796431720256805,0.5948721170425415,-0.0224594809114933,0.25974228978157043,0.6278910636901855,-0.033706918358802795,0.2749466001987457,0.6477898955345154,-0.04259271174669266,0.29724887013435364,0.57762610912323,-0.0015328670851886272,0.3180486857891083,0.5873613953590393,-0.026861216872930527,0.29010915756225586,0.5825165510177612,-0.0430213138461113,0.2660963833332062,0.5736567378044128,-0.04857842996716499,0.3019073009490967,0.5400360822677612,-0.004126846324652433,0.32403239607810974,0.5477753281593323,-0.02756676636636257,0.28868505358695984,0.5437448620796204,-0.035538893193006516,0.26400226354599,0.5369693040847778,-0.034682899713516235,0.30135664343833923,0.5014747977256775,-0.010960614308714867,0.3209953010082245,0.509818971157074,-0.03245842456817627,0.28866130113601685,0.5118548274040222,-0.02979865111410618,0.26536425948143005,0.5079939365386963,-0.02113276906311512,0.2954089343547821,0.4625122845172882,-0.019300417974591255,0.321035772562027,0.464384526014328,-0.0316186249256134,0.3013709485530853,0.47349393367767334,-0.02622993104159832,0.28269878029823303,0.47743308544158936,-0.017213089391589165,no
0.18659615516662598,0.49774977564811707,-9.700963943259922e-08,0.2062721997499466,0.5468759536743164,-0.015206546522676945,0.23534725606441498,0.5917800068855286,-0.025651942938566208,0.2550768256187439,0.6236664652824402,-0.03773128613829613,0.2675859332084656,0.6446969509124756,-0.047712285071611404,0.29392388463020325,0.5747529864311218,-0.0043854317627847195,0.3150842785835266,0.5799541473388672,-0.02977694943547249,0.2884673774242401,0.5812827348709106,-0.04695158824324608,0.26413294672966003,0.5778971314430237,-0.05363871529698372,0.29852649569511414,0.5374754071235657,-0.006358278449624777,0.3239268660545349,0.5456883311271667,-0.029981523752212524,0.29105645418167114,0.5464987754821777,-0.039590902626514435,0.2642025947570801,0.5422738194465637,-0.040158115327358246,0.2976652681827545,0.4986392855644226,-0.012485216371715069,0.32115980982780457,0.5074855089187622,-0.03400939330458641,0.29170072078704834,0.5118383169174194,-0.03365897387266159,0.2671610116958618,0.5087724328041077,-0.026795644313097,0.29087430238723755,0.4586154818534851,-0.02025626413524151,0.31739139556884766,0.4627375900745392,-0.0339173749089241,0.2998882532119751,0.47384870052337646,-0.03072584979236126,0.28081122040748596,0.47833219170570374,-0.023382974788546562,no
0.17924490571022034,0.4957956075668335,-1.9762030945003062e-07,0.20366331934928894,0.5485828518867493,-0.015065223909914494,0.23805776238441467,0.5973479151725769,-0.02523396909236908,0.2608013451099396,0.6328813433647156,-0.03725983574986458,0.2759471535682678,0.6588574051856995,-0.04627707228064537,0.30283457040786743,0.5700778961181641,-0.0013622702099382877,0.3197133541107178,0.5833795070648193,-0.02837340161204338,0.28582194447517395,0.5825183987617493,-0.04551178961992264,0.2626257836818695,0.5747187733650208,-0.051792193204164505,0.30684876441955566,0.5312570333480835,-0.0038330978713929653,0.32481059432029724,0.5460467338562012,-0.02898484654724598,0.28434139490127563,0.5465538501739502,-0.0371231772005558,0.26200419664382935,0.5402805209159851,-0.03597958758473396,0.30471140146255493,0.491710364818573,-0.01091338787227869,0.32284852862358093,0.5082517862319946,-0.03390185162425041,0.2863346338272095,0.5132888555526733,-0.029962904751300812,0.2646072804927826,0.5078017711639404,-0.019930142909288406,0.2966236472129822,0.45164892077445984,-0.01971791312098503,0.3203885853290558,0.46519988775253296,-0.032340455800294876,0.2971763610839844,0.47703588008880615,-0.025248762220144272,0.2792430818080902,0.47832807898521423,-0.014594676904380322,no
0.18837440013885498,0.4892863631248474,-1.6385645551508787e-07,0.20961612462997437,0.5396251678466797,-0.011082636192440987,0.2395925372838974,0.5876182317733765,-0.019719362258911133,0.25686773657798767,0.6263245940208435,-0.03139916807413101,0.2688552737236023,0.6546355485916138,-0.040947455912828445,0.29859432578086853,0.5685316920280457,0.0011193997925147414,0.31550106406211853,0.5848640203475952,-0.02360108308494091,0.28617480397224426,0.5831714272499084,-0.04041900485754013,0.26068300008773804,0.5752354264259338,-0.04685290530323982,0.3039575517177582,0.5320804715156555,-0.0031327831093221903,0.3222419023513794,0.5456294417381287,-0.0255444273352623,0.2863265872001648,0.543597936630249,-0.03406340256333351,0.2612071633338928,0.5380052924156189,-0.03417358174920082,0.3027365207672119,0.4934399127960205,-0.011577624827623367,0.3223254382610321,0.5063371062278748,-0.031863436102867126,0.28960472345352173,0.5103139877319336,-0.02988092415034771,0.26528769731521606,0.5073203444480896,-0.022253969684243202,0.2952536344528198,0.4543379843235016,-0.021528134122490883,0.32163965702056885,0.45892518758773804,-0.03349226713180542,0.3035871088504791,0.4705057740211487,-0.028494348749518394,0.28477367758750916,0.476751446723938,-0.020117631182074547,no
0.18331965804100037,0.4872801899909973,-1.8732225726125762e-07,0.2046884000301361,0.5429280996322632,-0.02041100710630417,0.23834720253944397,0.5902971625328064,-0.03212002292275429,0.26439976692199707,0.6221103668212891,-0.04478851333260536,0.2834954261779785,0.6437902450561523,-0.05459348484873772,0.30233973264694214,0.5679524540901184,-0.004616175778210163,0.32093584537506104,0.5752329230308533,-0.03367496654391289,0.2898545265197754,0.5732979774475098,-0.05325133726000786,0.2635330259799957,0.5669047832489014,-0.06075757369399071,0.3074769973754883,0.529525876045227,-0.004050139337778091,0.3269351124763489,0.5383896231651306,-0.032077133655548096,0.28854310512542725,0.5369659662246704,-0.04253684729337692,0.2618010640144348,0.5336458086967468,-0.042189277708530426,0.30655068159103394,0.4895794987678528,-0.008707338012754917,0.32576918601989746,0.5001028180122375,-0.033562496304512024,0.2918194532394409,0.5036343336105347,-0.03197985887527466,0.26657840609550476,0.501732349395752,-0.02285798080265522,0.2997289001941681,0.44954076409339905,-0.01558778714388609,0.3239848017692566,0.457536518573761,-0.029914502054452896,0.30268505215644836,0.4686657786369324,-0.02529624104499817,0.28326401114463806,0.4735631048679352,-0.016031499952077866,no
0.18369874358177185,0.49236518144607544,-2.0044645054895227e-07,0.2047581672668457,0.5471833348274231,-0.018394652754068375,0.23820102214813232,0.5996784567832947,-0.02974393591284752,0.2612181603908539,0.6351414918899536,-0.04213868826627731,0.2781890332698822,0.6578188538551331,-0.05160989612340927,0.30544513463974,0.5725058317184448,-0.005997349042445421,0.3207547664642334,0.5808007717132568,-0.03576374053955078,0.2869032621383667,0.5819939970970154,-0.05451488494873047,0.2624934911727905,0.5779010653495789,-0.061293333768844604,0.30956482887268066,0.5313085913658142,-0.007183935958892107,0.3287295699119568,0.5411772131919861,-0.035205092281103134,0.28794458508491516,0.5433064699172974,-0.04412461817264557,0.2636711895465851,0.5412318110466003,-0.042775336652994156,0.3070070743560791,0.49000775814056396,-0.013310746289789677,0.3249576985836029,0.5023249387741089,-0.038396332412958145,0.2891395092010498,0.5080251693725586,-0.03517061099410057,0.2668193578720093,0.5063270330429077,-0.0250715259462595,0.29796531796455383,0.44975054264068604,-0.021399779245257378,0.32205966114997864,0.45738810300827026,-0.03532185032963753,0.30045458674430847,0.4688189625740051,-0.02931341901421547,0.28331342339515686,0.47348636388778687,-0.019144967198371887,no
0.1886408030986786,0.5048277378082275,-1.2511114277913293e-07,0.2078240066766739,0.5561514496803284,-0.01802733726799488,0.23656220734119415,0.6039764881134033,-0.029917772859334946,0.2543388903141022,0.6401441693305969,-0.04305391386151314,0.26479730010032654,0.6653781533241272,-0.053807761520147324,0.30422794818878174,0.5918846726417542,-0.006339019164443016,0.3224155902862549,0.6008100509643555,-0.03248172998428345,0.29260876774787903,0.5943070650100708,-0.05023709312081337,0.26781409978866577,0.5849632620811462,-0.057736095041036606,0.3113533854484558,0.5509909391403198,-0.007528502959758043,0.3281262516975403,0.556639552116394,-0.03254973143339157,0.29141950607299805,0.5531595349311829,-0.042976003140211105,0.2674119174480438,0.5492987632751465,-0.04417628422379494,0.31012338399887085,0.5085709691047668,-0.013042372651398182,0.3281077742576599,0.5132650136947632,-0.035175684839487076,0.2946612536907196,0.5163391828536987,-0.03339618444442749,0.2721693813800812,0.5147659182548523,-0.025938311591744423,0.30127838253974915,0.4658382534980774,-0.020442059263586998,0.3227439522743225,0.46618300676345825,-0.03376791626214981,0.3002599775791168,0.4755743443965912,-0.028895793482661247,0.2827831208705902,0.48121553659439087,-0.020406730473041534,no
0.19332799315452576,0.5052565932273865,-1.3633672324431245e-07,0.21074913442134857,0.5562993884086609,-0.014675265178084373,0.23876477777957916,0.607368528842926,-0.02501804381608963,0.25643154978752136,0.6434860229492188,-0.03666498512029648,0.26601970195770264,0.6670193076133728,-0.04577206075191498,0.30268341302871704,0.5906731486320496,-0.0052802846767008305,0.3220750689506531,0.6015379428863525,-0.030570391565561295,0.28981003165245056,0.5944132208824158,-0.04644814878702164,0.26518407464027405,0.5841892957687378,-0.05237593129277229,0.30886194109916687,0.5499144196510315,-0.007764018140733242,0.3287304937839508,0.5584248304367065,-0.030017448589205742,0.2903679311275482,0.5542768239974976,-0.03693719580769539,0.26888909935951233,0.5484720468521118,-0.03636718541383743,0.30775347352027893,0.5080177187919617,-0.01432908046990633,0.32786357402801514,0.5164859890937805,-0.03470680117607117,0.29380297660827637,0.5189845561981201,-0.029996540397405624,0.27307724952697754,0.5147698521614075,-0.021123455837368965,0.30006906390190125,0.46521925926208496,-0.022457238286733627,0.3241962194442749,0.46714600920677185,-0.03413936123251915,0.30116984248161316,0.47699424624443054,-0.026876771822571754,0.28313755989074707,0.48090317845344543,-0.017040599137544632,no
0.19948671758174896,0.5089397430419922,-8.616891022938944e-08,0.2147017866373062,0.5579144358634949,-0.014242397621273994,0.24211286008358002,0.6088056564331055,-0.022397296503186226,0.2642236649990082,0.638578474521637,-0.031172407791018486,0.27791643142700195,0.6517004370689392,-0.03763214871287346,0.2996566891670227,0.5890385508537292,-0.005901962984353304,0.3220398426055908,0.6011888980865479,-0.02822042815387249,0.2933303415775299,0.5975771546363831,-0.04137371852993965,0.26990047097206116,0.5892552733421326,-0.04555406793951988,0.30622369050979614,0.550595760345459,-0.006999949924647808,0.32618123292922974,0.562292754650116,-0.02731209620833397,0.29167938232421875,0.5597971081733704,-0.03369016572833061,0.26984232664108276,0.5522169470787048,-0.032971907407045364,0.3068629801273346,0.5108816623687744,-0.011674617417156696,0.32713890075683594,0.5214647054672241,-0.030700597912073135,0.29471203684806824,0.5256014466285706,-0.02573191188275814,0.27341723442077637,0.5214640498161316,-0.017032746225595474,0.30147701501846313,0.4679650366306305,-0.017699113115668297,0.32348376512527466,0.47664016485214233,-0.02974936179816723,0.2991741895675659,0.48595288395881653,-0.022842956706881523,0.2804429233074188,0.4874604642391205,-0.013324561528861523,no
0.2015804946422577,0.5154659152030945,-4.752942928121229e-08,0.21635107696056366,0.5602533221244812,-0.01392349787056446,0.246180921792984,0.6061490774154663,-0.020589053630828857,0.273894727230072,0.6295149922370911,-0.02714388631284237,0.29492437839508057,0.6370094418525696,-0.031933967024087906,0.299650102853775,0.5816316604614258,-0.008769812993705273,0.32097387313842773,0.5910895466804504,-0.026892978698015213,0.29476624727249146,0.5884762406349182,-0.03706199303269386,0.27052202820777893,0.5825352668762207,-0.04020263999700546,0.3049808144569397,0.5459577441215515,-0.008684614673256874,0.324364572763443,0.5567079186439514,-0.025447487831115723,0.29382964968681335,0.5559293627738953,-0.030597271397709846,0.27009832859039307,0.5502572655677795,-0.03024359978735447,0.3044375777244568,0.5095948576927185,-0.0114641934633255,0.32480087876319885,0.5187892317771912,-0.027878565713763237,0.29582610726356506,0.5246107578277588,-0.023202143609523773,0.27297523617744446,0.5221116542816162,-0.01588761806488037,0.2977224886417389,0.47077324986457825,-0.015461995266377926,0.3191664218902588,0.48132291436195374,-0.027729151770472527,0.29716506600379944,0.49075621366500854,-0.02221907675266266,0.27830609679222107,0.49197906255722046,-0.014243257232010365,no
0.19767555594444275,0.5105124711990356,-5.2693152952087985e-08,0.21469229459762573,0.5580544471740723,-0.012166854925453663,0.24114170670509338,0.6089333295822144,-0.020512675866484642,0.2599935233592987,0.6421961188316345,-0.02990843541920185,0.270269513130188,0.6648948192596436,-0.037657368928194046,0.29807358980178833,0.5876011252403259,-0.007659900933504105,0.3217739760875702,0.6012239456176758,-0.028602570295333862,0.2962759733200073,0.5978368520736694,-0.04155653342604637,0.2725751996040344,0.5899479389190674,-0.04636389762163162,0.30474045872688293,0.5493847727775574,-0.009949001483619213,0.3265799582004547,0.5621596574783325,-0.029097577556967735,0.29423263669013977,0.5602216124534607,-0.03572951257228851,0.26970359683036804,0.5532218813896179,-0.03600876405835152,0.30501025915145874,0.5094669461250305,-0.015238267369568348,0.32795533537864685,0.5200848579406738,-0.032344751060009,0.2976990044116974,0.5250573754310608,-0.028230449184775352,0.2740160822868347,0.5214073657989502,-0.02112758159637451,0.29837292432785034,0.46638914942741394,-0.021764138713479042,0.32308223843574524,0.4712943136692047,-0.033568985760211945,0.30169618129730225,0.4822303056716919,-0.028128350153565407,0.2820471227169037,0.48617687821388245,-0.020221613347530365,no
0.1940322071313858,0.5046563744544983,-8.658844308229163e-08,0.21039289236068726,0.554521918296814,-0.016425007954239845,0.23899370431900024,0.6004566550254822,-0.025499572977423668,0.26340189576148987,0.6247261166572571,-0.03533242642879486,0.28091397881507874,0.631446897983551,-0.04294300451874733,0.2990596294403076,0.5836168527603149,-0.0036157220602035522,0.32053518295288086,0.5921753644943237,-0.027350537478923798,0.29532191157341003,0.5896533131599426,-0.04298020526766777,0.2712048292160034,0.5824909210205078,-0.0484301894903183,0.3052307367324829,0.5470929145812988,-0.003638435387983918,0.32506799697875977,0.5539658665657043,-0.025284813717007637,0.29222217202186584,0.5523330569267273,-0.033854708075523376,0.26786094903945923,0.5466113090515137,-0.033764634281396866,0.3054439425468445,0.5090221166610718,-0.0078194011002779,0.3254864811897278,0.5142726898193359,-0.027569234371185303,0.2952696681022644,0.5170562863349915,-0.024964427575469017,0.2724658250808716,0.5131528973579407,-0.01698155701160431,0.2992682158946991,0.46870875358581543,-0.013701080344617367,0.32162484526634216,0.471652626991272,-0.026268992573022842,0.30031442642211914,0.4812806248664856,-0.021053584292531013,0.2811436951160431,0.4844321608543396,-0.012121387757360935,no
0.1916884183883667,0.4989517331123352,-1.4359339672864735e-07,0.20774021744728088,0.5496454238891602,-0.014500339515507221,0.23475603759288788,0.6001647114753723,-0.02410993166267872,0.25564002990722656,0.6296494007110596,-0.03519298508763313,0.2708488404750824,0.6445955038070679,-0.043889403343200684,0.29975369572639465,0.5832329988479614,-0.0025907722301781178,0.3232010304927826,0.5969589352607727,-0.02653249353170395,0.29482439160346985,0.5933893918991089,-0.04255266487598419,0.2689770758152008,0.5839914083480835,-0.048548825085163116,0.3055357336997986,0.5461270213127136,-0.0044060624204576015,0.32689031958580017,0.5571800470352173,-0.02600046433508396,0.29088690876960754,0.5531073212623596,-0.03440799564123154,0.26667848229408264,0.5456236004829407,-0.03451297804713249,0.3052273392677307,0.5070269107818604,-0.010235151275992393,0.3265548646450043,0.5173590183258057,-0.02981141395866871,0.2938483655452728,0.5202739834785461,-0.02681819163262844,0.27108147740364075,0.5152358412742615,-0.01888294331729412,0.29830336570739746,0.466006875038147,-0.01766948588192463,0.32069870829582214,0.47454604506492615,-0.029842520132660866,0.29740530252456665,0.4852485954761505,-0.023731209337711334,0.278083473443985,0.48761242628097534,-0.014484009705483913,no
0.19689515233039856,0.4993778467178345,-1.3386116393121483e-07,0.21171560883522034,0.5487608313560486,-0.015429437160491943,0.23787209391593933,0.6003104448318481,-0.025611331686377525,0.2582484781742096,0.6339626312255859,-0.036674823611974716,0.27201205492019653,0.6538761854171753,-0.04523191601037979,0.3057597279548645,0.5855593681335449,-0.005014592781662941,0.3232688903808594,0.6022306680679321,-0.029024893417954445,0.29388079047203064,0.599320113658905,-0.04422212392091751,0.269605815410614,0.5895031690597534,-0.04978581890463829,0.312056303024292,0.5478804707527161,-0.006661422085016966,0.3276343047618866,0.5629976391792297,-0.029182957485318184,0.291316956281662,0.5602089762687683,-0.037259574979543686,0.26791566610336304,0.5520943999290466,-0.036881525069475174,0.3112037181854248,0.5084118843078613,-0.01217901986092329,0.32557642459869385,0.5223682522773743,-0.03319735825061798,0.2915556728839874,0.5262954831123352,-0.02966637909412384,0.26953837275505066,0.5218181014060974,-0.021043775603175163,0.3028992712497711,0.46736839413642883,-0.01922273263335228,0.3192714750766754,0.47952523827552795,-0.03265836462378502,0.2934221029281616,0.490383118391037,-0.026383960619568825,0.27473145723342896,0.49261412024497986,-0.01667225919663906,no
0.19659340381622314,0.5003258585929871,-1.4784984614379937e-07,0.21261407434940338,0.5509663224220276,-0.014256719499826431,0.24014371633529663,0.6046951413154602,-0.02370620146393776,0.2584898769855499,0.6403690576553345,-0.03456336632370949,0.26888570189476013,0.6619056463241577,-0.04299471899867058,0.3011862337589264,0.5886198282241821,-0.0036212585400789976,0.3231458067893982,0.6043815612792969,-0.02838403917849064,0.2927182912826538,0.5998121500015259,-0.043634574860334396,0.2676062285900116,0.5906585454940796,-0.048926763236522675,0.3070294260978699,0.5498927235603333,-0.005855406168848276,0.3278248608112335,0.5627931356430054,-0.029364848509430885,0.2899247407913208,0.5598845481872559,-0.03691998869180679,0.2657966613769531,0.5541665554046631,-0.03567340970039368,0.3070138692855835,0.5095764994621277,-0.012130760587751865,0.32589080929756165,0.5227434635162354,-0.03387465700507164,0.29062581062316895,0.5263593792915344,-0.029889298602938652,0.267902672290802,0.522861659526825,-0.020430948585271835,0.30073732137680054,0.4678783714771271,-0.019866617396473885,0.32028213143348694,0.4796397387981415,-0.032931096851825714,0.2943917512893677,0.4898681342601776,-0.02624743990600109,0.2753291726112366,0.4919830560684204,-0.01615760289132595,no
0.19035083055496216,0.5050320029258728,-1.174682253690662e-07,0.20758652687072754,0.555628776550293,-0.016602683812379837,0.23658758401870728,0.6060477495193481,-0.02756432816386223,0.25696930289268494,0.6408393979072571,-0.039860110729932785,0.27229824662208557,0.6598031520843506,-0.049840960651636124,0.3016652762889862,0.5874388813972473,-0.005047129467129707,0.3241403102874756,0.6012064218521118,-0.03206588327884674,0.29583266377449036,0.5976918935775757,-0.049762703478336334,0.2699592411518097,0.5884015560150146,-0.05616602301597595,0.3064495623111725,0.5482965111732483,-0.006481608375906944,0.32923388481140137,0.557946503162384,-0.031066324561834335,0.2918168902397156,0.5547025203704834,-0.03962978348135948,0.2658052444458008,0.5481340885162354,-0.039150677621364594,0.30523592233657837,0.5073671340942383,-0.012386055663228035,0.3294506072998047,0.5166399478912354,-0.03498117998242378,0.2949109971523285,0.5199880003929138,-0.03145522251725197,0.2695867419242859,0.5159686803817749,-0.022233787924051285,0.2977878451347351,0.4647839665412903,-0.020042452961206436,0.32274994254112244,0.47108617424964905,-0.03442249074578285,0.29856184124946594,0.4820775091648102,-0.02842489816248417,0.27700263261795044,0.48512959480285645,-0.018566535785794258,no
0.1910378485918045,0.5045756101608276,-9.422571878303643e-08,0.20792154967784882,0.5523551106452942,-0.01940890960395336,0.2353794127702713,0.600441038608551,-0.03232777118682861,0.25331398844718933,0.6338143348693848,-0.04616167023777962,0.26665857434272766,0.6488648653030396,-0.057437680661678314,0.2997884452342987,0.5864279866218567,-0.007301884237676859,0.32374438643455505,0.598936140537262,-0.03650670126080513,0.2961355745792389,0.5958685874938965,-0.0555490218102932,0.27174240350723267,0.5876983404159546,-0.06268864125013351,0.3050398528575897,0.5482751727104187,-0.00753252487629652,0.32723885774612427,0.5561366677284241,-0.03446432203054428,0.28924262523651123,0.5519388318061829,-0.04398388788104057,0.2660254240036011,0.5453790426254272,-0.04364994540810585,0.3051353096961975,0.5081498622894287,-0.012578083202242851,0.3271538019180298,0.5165252685546875,-0.03669658303260803,0.29161062836647034,0.5181353092193604,-0.03292452543973923,0.269131600856781,0.5132498145103455,-0.023149585351347923,0.29945671558380127,0.4658379554748535,-0.019645769149065018,0.32056963443756104,0.47445282340049744,-0.033791083842515945,0.29491838812828064,0.4837152659893036,-0.02717718295753002,0.27589160203933716,0.4857944846153259,-0.016898024827241898,no
0.1944483369588852,0.49148133397102356,-1.5751949433706613e-07,0.2097925841808319,0.5417866110801697,-0.015443578362464905,0.23887372016906738,0.5916304588317871,-0.025168364867568016,0.2613513767719269,0.6222941875457764,-0.03601497784256935,0.27600380778312683,0.6399455070495605,-0.044539060443639755,0.3037746846675873,0.5827170014381409,-0.003520091762766242,0.3227487802505493,0.5968024134635925,-0.028382331132888794,0.2944796681404114,0.5933951139450073,-0.04562446475028992,0.2696339786052704,0.5851603150367737,-0.05262039601802826,0.30991220474243164,0.5445030331611633,-0.00510469451546669,0.3299046456813812,0.5558758974075317,-0.027465282008051872,0.29480841755867004,0.5526308417320251,-0.036114055663347244,0.27036136388778687,0.5467763543128967,-0.03620109707117081,0.3092910647392273,0.5041161179542542,-0.010802464559674263,0.3275744915008545,0.5150082111358643,-0.031099993735551834,0.2951277494430542,0.5179662704467773,-0.02789410576224327,0.2724103033542633,0.5146061182022095,-0.019556213170289993,0.3019392490386963,0.4624202251434326,-0.018196523189544678,0.32301780581474304,0.4719330370426178,-0.030046634376049042,0.2991207540035248,0.4819128215312958,-0.023288438096642494,0.28032687306404114,0.48457765579223633,-0.01359187625348568,no
0.19291287660598755,0.5046250224113464,-1.2237975965945225e-07,0.21011966466903687,0.5540615916252136,-0.01563575677573681,0.2367492914199829,0.6007258296012878,-0.0258492324501276,0.2560535967350006,0.6296220421791077,-0.03744341805577278,0.27093932032585144,0.642874002456665,-0.04685690626502037,0.300588458776474,0.5874274969100952,-0.0033885263837873936,0.32211631536483765,0.5991639494895935,-0.02762680873274803,0.2957581877708435,0.5951290130615234,-0.04472876340150833,0.27028194069862366,0.5856567621231079,-0.05162285268306732,0.30666834115982056,0.5496585369110107,-0.004704550374299288,0.32824379205703735,0.5585088133811951,-0.02700004354119301,0.29301917552948,0.5544347763061523,-0.03687087818980217,0.26636791229248047,0.5473955869674683,-0.03800434619188309,0.30684009194374084,0.5098534822463989,-0.01007904578000307,0.32911553978919983,0.5186372399330139,-0.030348045751452446,0.2969198226928711,0.5206326246261597,-0.02913893386721611,0.27130934596061707,0.515592098236084,-0.022281497716903687,0.3002128601074219,0.46875235438346863,-0.01716487854719162,0.32392001152038574,0.47345417737960815,-0.03060731291770935,0.3017660975456238,0.4823985695838928,-0.02641274966299534,0.2809833288192749,0.4844810366630554,-0.018431445583701134,no
0.19435496628284454,0.5034351944923401,-1.5468312142274954e-07,0.21283942461013794,0.5510974526405334,-0.014323869720101357,0.24333564937114716,0.5996021032333374,-0.024581095203757286,0.261142373085022,0.6359192132949829,-0.03643343225121498,0.27087926864624023,0.6615747213363647,-0.04555078223347664,0.3034972548484802,0.584571123123169,-0.004996279254555702,0.3234573006629944,0.6008080244064331,-0.031195180490612984,0.2915949821472168,0.5953360795974731,-0.04734900966286659,0.2657988667488098,0.5850557684898376,-0.053006354719400406,0.3075970709323883,0.5456629395484924,-0.007687391247600317,0.32841241359710693,0.5582184791564941,-0.031683873385190964,0.2904936969280243,0.556686520576477,-0.03896084055304527,0.26647722721099854,0.5499773025512695,-0.037814509123563766,0.30593106150627136,0.5050939321517944,-0.01462605968117714,0.3268887400627136,0.5177015662193298,-0.035614315420389175,0.2939339280128479,0.523565948009491,-0.03145492076873779,0.27202311158180237,0.5193006992340088,-0.02237229235470295,0.29822689294815063,0.4632486402988434,-0.023169508203864098,0.3234883248806,0.4703405201435089,-0.03501702472567558,0.3019337058067322,0.4824347496032715,-0.02815108746290207,0.2838246524333954,0.48548123240470886,-0.018386490643024445,no
0.19488942623138428,0.5053954720497131,-1.1590061177457756e-07,0.21128913760185242,0.5541913509368896,-0.017201101407408714,0.2366158813238144,0.6019867062568665,-0.029209300875663757,0.25359731912612915,0.6327763795852661,-0.04238167405128479,0.26543867588043213,0.6489791870117188,-0.05310667306184769,0.3047841489315033,0.5900266170501709,-0.007191821932792664,0.3233998417854309,0.6045804023742676,-0.03315908461809158,0.2941403090953827,0.6017521023750305,-0.05030515044927597,0.26813048124313354,0.592041015625,-0.05669033154845238,0.31027987599372864,0.5504146218299866,-0.00836080964654684,0.3297242522239685,0.558895468711853,-0.03215714544057846,0.2919785976409912,0.5569421648979187,-0.04118756949901581,0.26547667384147644,0.5507552623748779,-0.04140204191207886,0.3092169463634491,0.5092664957046509,-0.013715849258005619,0.3292580246925354,0.5182565450668335,-0.03559244051575661,0.29523369669914246,0.5220521688461304,-0.0335967093706131,0.2699517607688904,0.5173944234848022,-0.02567414753139019,0.3015275001525879,0.4675842821598053,-0.020840199664235115,0.3261083960533142,0.47043895721435547,-0.03479966148734093,0.3041897714138031,0.4808273911476135,-0.03007175773382187,0.2833920121192932,0.483991414308548,-0.021401796489953995,no
0.18972893059253693,0.5096943974494934,-1.3654735653290118e-07,0.20869454741477966,0.5636530518531799,-0.017448777332901955,0.23766998946666718,0.6158064603805542,-0.028272775933146477,0.2557833790779114,0.6530666351318359,-0.04052964225411415,0.26790010929107666,0.6735615730285645,-0.05048815533518791,0.30379238724708557,0.5977753400802612,-0.004957206081598997,0.3263346254825592,0.6088322997093201,-0.031420279294252396,0.29700666666030884,0.6018921732902527,-0.048683226108551025,0.26897475123405457,0.5913957953453064,-0.05491502955555916,0.3103315234184265,0.5547915101051331,-0.005992823746055365,0.3321703374385834,0.5587688684463501,-0.03172880411148071,0.29231080412864685,0.5545145273208618,-0.04110303893685341,0.26317650079727173,0.5510624647140503,-0.04057168960571289,0.3096294105052948,0.5109656453132629,-0.011584294959902763,0.33037710189819336,0.5154997110366821,-0.03532199189066887,0.2953517436981201,0.5176027417182922,-0.0342746339738369,0.2691861391067505,0.5162922143936157,-0.02598462998867035,0.30235108733177185,0.46730032563209534,-0.018910091370344162,0.32793352007865906,0.46864479780197144,-0.0333179347217083,0.305325448513031,0.476813942193985,-0.028945447877049446,0.28423312306404114,0.4804902672767639,-0.020088618621230125,no
0.19676432013511658,0.5013099908828735,-1.2868829912804358e-07,0.21237997710704803,0.5523373484611511,-0.014315142296254635,0.2377779483795166,0.6011078357696533,-0.024313395842909813,0.2538059949874878,0.6328924298286438,-0.036153167486190796,0.2631221413612366,0.6550977826118469,-0.04584851861000061,0.3024939298629761,0.5881956219673157,-0.0029064917471259832,0.3234703838825226,0.6005493402481079,-0.027313021942973137,0.29450273513793945,0.5960606932640076,-0.04351993650197983,0.26995256543159485,0.586489200592041,-0.0499127171933651,0.3094376027584076,0.5503406524658203,-0.005626060534268618,0.32929572463035583,0.5600131750106812,-0.028512755408883095,0.2937355935573578,0.5565817356109619,-0.038025204092264175,0.2705411911010742,0.5504839420318604,-0.038793113082647324,0.30958133935928345,0.5103283524513245,-0.012348770163953304,0.32846689224243164,0.5185573697090149,-0.03312458470463753,0.29667407274246216,0.5198713541030884,-0.03155691921710968,0.2756236791610718,0.5151181817054749,-0.02434789575636387,0.30303487181663513,0.4687778949737549,-0.020578429102897644,0.32576847076416016,0.4706602692604065,-0.03272297978401184,0.3051008880138397,0.47835835814476013,-0.02756446599960327,0.28821155428886414,0.48084354400634766,-0.01910877600312233,no
0.1936502754688263,0.5082290172576904,-1.1732674920494901e-07,0.2105645090341568,0.5573301911354065,-0.016143668442964554,0.23850205540657043,0.6063671708106995,-0.026666881516575813,0.2554197311401367,0.6410982012748718,-0.03854968398809433,0.26459646224975586,0.6650317907333374,-0.04821914806962013,0.3043089807033539,0.5889345407485962,-0.004290837328881025,0.3235552906990051,0.5985227823257446,-0.028607413172721863,0.2943698763847351,0.5950959324836731,-0.04512352496385574,0.26999956369400024,0.5869078636169434,-0.051711779087781906,0.3105275332927704,0.5500091910362244,-0.0057982211001217365,0.3292873203754425,0.5582739114761353,-0.027784280478954315,0.2940075993537903,0.5564142465591431,-0.037070997059345245,0.27160292863845825,0.5506243109703064,-0.03795965760946274,0.3089832067489624,0.5098977088928223,-0.01141335442662239,0.32750412821769714,0.5179556012153625,-0.031398799270391464,0.2964933514595032,0.5198525190353394,-0.029987754300236702,0.2763674259185791,0.514707624912262,-0.023106016218662262,0.30055171251296997,0.4687170386314392,-0.018711788579821587,0.325602650642395,0.4688410758972168,-0.030179839581251144,0.3071348965167999,0.47727692127227783,-0.02523682452738285,0.29141050577163696,0.4805598556995392,-0.017069639638066292,no
0.19353505969047546,0.5103522539138794,-1.323289922083859e-07,0.2106139361858368,0.5608776211738586,-0.012540210969746113,0.2385786473751068,0.6126797199249268,-0.020700745284557343,0.2576180100440979,0.6395429372787476,-0.03064870648086071,0.2689415514469147,0.6496151685714722,-0.03837336227297783,0.3017825782299042,0.5955996513366699,-0.00114436075091362,0.32474130392074585,0.6090737581253052,-0.025140635669231415,0.29584604501724243,0.6031140685081482,-0.04031502828001976,0.26986607909202576,0.5935254096984863,-0.04552959278225899,0.3084774613380432,0.5558503270149231,-0.004292535129934549,0.328636109828949,0.5655165314674377,-0.026690829545259476,0.29116901755332947,0.5602433085441589,-0.03437711298465729,0.26724541187286377,0.5553022027015686,-0.03353182226419449,0.308008074760437,0.5141008496284485,-0.011361747980117798,0.3277762234210968,0.5219181776046753,-0.031868353486061096,0.29350340366363525,0.5236207842826843,-0.028213301673531532,0.2711397707462311,0.5213726162910461,-0.019499225541949272,0.30088189244270325,0.47072672843933105,-0.01979895681142807,0.3231029212474823,0.47461938858032227,-0.03174828365445137,0.2991834580898285,0.4835444986820221,-0.025103867053985596,0.2803352177143097,0.4877665042877197,-0.015401002950966358,no
0.18751627206802368,0.514220654964447,-1.1638997676755025e-07,0.20862281322479248,0.5688787698745728,-0.011923336423933506,0.238250270485878,0.6188169121742249,-0.020141514018177986,0.2589365839958191,0.6544519662857056,-0.030107099562883377,0.26983842253685,0.6783685684204102,-0.037938233464956284,0.3006587028503418,0.594228982925415,-0.0016228710301220417,0.3243904411792755,0.6058904528617859,-0.024324744939804077,0.2954303026199341,0.6016547679901123,-0.039082374423742294,0.267900288105011,0.5916369557380676,-0.044370125979185104,0.30642858147621155,0.5538147687911987,-0.004341025836765766,0.3281387686729431,0.5612592697143555,-0.02692681923508644,0.291579931974411,0.559760570526123,-0.03578587993979454,0.26501011848449707,0.554434061050415,-0.03598799929022789,0.3057394027709961,0.5126499533653259,-0.010552256368100643,0.32723933458328247,0.5188202857971191,-0.03077015094459057,0.2946854829788208,0.5253615975379944,-0.028492866083979607,0.2701992094516754,0.5245243310928345,-0.020872751250863075,0.2980348467826843,0.4704669117927551,-0.017978409305214882,0.3201752305030823,0.47636863589286804,-0.03075159154832363,0.29617422819137573,0.48805275559425354,-0.025459129363298416,0.27615875005722046,0.4922424554824829,-0.01666848361492157,no
0.19234657287597656,0.5062478184700012,-1.3072367721633782e-07,0.20980003476142883,0.5582447052001953,-0.015875667333602905,0.23658791184425354,0.6090501546859741,-0.02663286216557026,0.25201719999313354,0.6372727155685425,-0.03917423635721207,0.2597554326057434,0.6491878628730774,-0.04933015629649162,0.30077606439590454,0.5952656865119934,-0.004068469163030386,0.32602062821388245,0.6044242978096008,-0.029120711609721184,0.295369952917099,0.5958060026168823,-0.04496907815337181,0.26967835426330566,0.5859053134918213,-0.050907861441373825,0.3075528144836426,0.5540891885757446,-0.006393278017640114,0.3321036100387573,0.5595242381095886,-0.030249428004026413,0.2934458553791046,0.5548089742660522,-0.03901892900466919,0.26953765749931335,0.5518980026245117,-0.0388261042535305,0.3077796995639801,0.5117617845535278,-0.012962478213012218,0.3316052258014679,0.5167636275291443,-0.0345354788005352,0.2961903214454651,0.5181600451469421,-0.03187587857246399,0.27319949865341187,0.5158936977386475,-0.02353321947157383,0.3013031780719757,0.46795886754989624,-0.021240772679448128,0.32741817831993103,0.4679480791091919,-0.0335749126970768,0.3046968877315521,0.47668972611427307,-0.02776377648115158,0.28585100173950195,0.4817213714122772,-0.018660878762602806,no
0.19120055437088013,0.5114622712135315,-1.3221679751040938e-07,0.2086026817560196,0.5647838711738586,-0.015131400898098946,0.2368401139974594,0.6195687651634216,-0.02457026205956936,0.2576538026332855,0.6405590772628784,-0.03480611369013786,0.26781347393989563,0.6276137232780457,-0.042661312967538834,0.3007317781448364,0.5960835218429565,-0.006657010409981012,0.32705795764923096,0.6087620258331299,-0.03144428879022598,0.2958117723464966,0.6021328568458557,-0.04627230018377304,0.26847419142723083,0.5908108353614807,-0.05119692534208298,0.30705493688583374,0.5541443228721619,-0.008662777952849865,0.33208179473876953,0.5609447956085205,-0.03215363994240761,0.29210126399993896,0.557439923286438,-0.03971682861447334,0.266802579164505,0.5523182153701782,-0.03885795176029205,0.3062847852706909,0.5111880898475647,-0.01442932803183794,0.331331342458725,0.5172551274299622,-0.0353989452123642,0.29527539014816284,0.5206809043884277,-0.031186271458864212,0.27175596356391907,0.5180602669715881,-0.02223558910191059,0.2987496256828308,0.4669106602668762,-0.021723030135035515,0.3229423761367798,0.47041991353034973,-0.033750198781490326,0.2978515326976776,0.47982561588287354,-0.026745233684778214,0.27916887402534485,0.4825618863105774,-0.017123771831393242,no
0.18661576509475708,0.49609246850013733,-1.7118844652941334e-07,0.2061072289943695,0.5486948490142822,-0.016425589099526405,0.2389969825744629,0.597951352596283,-0.02599850855767727,0.2609458863735199,0.6312544345855713,-0.03724054992198944,0.2748986780643463,0.6537871360778809,-0.04604252055287361,0.301577627658844,0.5803458094596863,-0.001252359594218433,0.321088045835495,0.5962815284729004,-0.026644831523299217,0.2914409935474396,0.5950275659561157,-0.043868742883205414,0.2665480077266693,0.5884141325950623,-0.050686098635196686,0.3094402551651001,0.5428083539009094,-0.0029036530759185553,0.3286532759666443,0.5549106597900391,-0.02711525931954384,0.29169100522994995,0.5549334287643433,-0.037247009575366974,0.2671049237251282,0.5516353845596313,-0.037763409316539764,0.30991092324256897,0.5029216408729553,-0.009192329831421375,0.3289353549480438,0.5139240026473999,-0.03133229538798332,0.2954988479614258,0.5188630223274231,-0.03051518276333809,0.2723487913608551,0.5166346430778503,-0.02302727848291397,0.3037111759185791,0.4617280662059784,-0.01728712022304535,0.32812559604644775,0.46609050035476685,-0.030572688207030296,0.3065088093280792,0.47669219970703125,-0.026050185784697533,0.28797587752342224,0.48138928413391113,-0.017513280734419823,no
0.1923007071018219,0.5102762579917908,-1.1955158640830632e-07,0.21002182364463806,0.5641583204269409,-0.011563814245164394,0.23869845271110535,0.616279661655426,-0.019068337976932526,0.2578347623348236,0.6527464985847473,-0.028372520580887794,0.27056849002838135,0.6786580085754395,-0.03598460927605629,0.30147555470466614,0.5953046679496765,-0.0011241897009313107,0.32206106185913086,0.6091327667236328,-0.023272408172488213,0.29521799087524414,0.6033639907836914,-0.03843459486961365,0.26684728264808655,0.591964840888977,-0.04399041086435318,0.30811625719070435,0.5552164316177368,-0.004354921635240316,0.3293607532978058,0.5648382902145386,-0.02559518814086914,0.2946579158306122,0.5620373487472534,-0.0343969501554966,0.2654302716255188,0.5566189289093018,-0.03459903970360756,0.30711793899536133,0.5132591128349304,-0.011060135439038277,0.32758331298828125,0.5208461880683899,-0.0304117389023304,0.2961474061012268,0.5255325436592102,-0.028735388070344925,0.2699832320213318,0.5242427587509155,-0.02148059569299221,0.29872775077819824,0.4700348973274231,-0.01900498941540718,0.3237355649471283,0.4723561406135559,-0.03163149580359459,0.30192244052886963,0.4823642373085022,-0.026500102132558823,0.2806698679924011,0.48673033714294434,-0.01771245151758194,no
0.19324657320976257,0.5053039193153381,-1.0202347766608e-07,0.2116900086402893,0.5611158609390259,-0.014269215986132622,0.23798780143260956,0.6173497438430786,-0.023603739216923714,0.25756970047950745,0.6587326526641846,-0.033811185508966446,0.27001953125,0.6875298023223877,-0.04117235541343689,0.30137863755226135,0.5941637754440308,-0.007411646656692028,0.32598018646240234,0.6070471405982971,-0.03118382953107357,0.2945167124271393,0.6007153391838074,-0.04454629123210907,0.26947346329689026,0.5929433107376099,-0.04902853071689606,0.30720412731170654,0.5516330003738403,-0.009374774992465973,0.32904407382011414,0.558229923248291,-0.033533934503793716,0.2904389500617981,0.5567667484283447,-0.04071708396077156,0.2677239179611206,0.5558692812919617,-0.04016305133700371,0.30527034401893616,0.5086643695831299,-0.014758924953639507,0.32529208064079285,0.5120932459831238,-0.03528640419244766,0.28987088799476624,0.5192147493362427,-0.029031427577137947,0.2680908739566803,0.5214253067970276,-0.019499581307172775,0.29639866948127747,0.4650540351867676,-0.021608615294098854,0.31613099575042725,0.46866926550865173,-0.03302140533924103,0.29041287302970886,0.4808771014213562,-0.025109102949500084,0.2729981541633606,0.4865662753582001,-0.01509136613458395,no
0.1854618489742279,0.5016365051269531,-1.0650410331436433e-07,0.20648139715194702,0.5526890754699707,-0.013957382179796696,0.2407325804233551,0.602371335029602,-0.021708600223064423,0.2656809687614441,0.6343076825141907,-0.03082956001162529,0.28297486901283264,0.6548860669136047,-0.03776698559522629,0.3019654154777527,0.5740610957145691,-0.0019354299874976277,0.3232269287109375,0.5866127014160156,-0.024959364905953407,0.2949066162109375,0.5889074206352234,-0.04089329391717911,0.2722979187965393,0.5858058333396912,-0.047744013369083405,0.3065718412399292,0.537390947341919,-0.00388106657192111,0.32697904109954834,0.548460066318512,-0.02577221766114235,0.2934708595275879,0.5528251528739929,-0.03482520207762718,0.2701278626918793,0.5511542558670044,-0.035964738577604294,0.3038422465324402,0.49876949191093445,-0.009750785306096077,0.3261703848838806,0.5067415833473206,-0.02879602462053299,0.2950255870819092,0.5167813897132874,-0.02498248778283596,0.2721949815750122,0.5174146890640259,-0.017278792336583138,0.2937343418598175,0.45854419469833374,-0.017297232523560524,0.3144766092300415,0.46786195039749146,-0.02882208302617073,0.293315589427948,0.4812993109226227,-0.022874845191836357,0.2769075930118561,0.4862150549888611,-0.01443477999418974,no
0.18870295584201813,0.5063096284866333,-9.046681981317306e-08,0.20949457585811615,0.5586169362068176,-0.014661523513495922,0.23935158550739288,0.6127219200134277,-0.02355373464524746,0.2589598000049591,0.6513969898223877,-0.03374791890382767,0.2705168128013611,0.6777017116546631,-0.041590023785829544,0.3017486035823822,0.5910494923591614,-0.003951007034629583,0.3265668451786041,0.6060869693756104,-0.02632644772529602,0.29839402437210083,0.6010360717773438,-0.04067586362361908,0.2748231887817383,0.5928546786308289,-0.04654006287455559,0.30816519260406494,0.5503577589988708,-0.005813153460621834,0.3323601186275482,0.5586522221565247,-0.028043478727340698,0.29639220237731934,0.5578324794769287,-0.03652261942625046,0.27228406071662903,0.554931640625,-0.03698800131678581,0.30654212832450867,0.5076408982276917,-0.011429489590227604,0.33095452189445496,0.5127370357513428,-0.03145158290863037,0.2967528700828552,0.5191900730133057,-0.027747344225645065,0.27335992455482483,0.519182026386261,-0.019697850570082664,0.2968355715274811,0.463167279958725,-0.01854887790977955,0.3180479407310486,0.46634986996650696,-0.030804572626948357,0.2953813374042511,0.4778807461261749,-0.025082333013415337,0.2784675061702728,0.48353445529937744,-0.01653601974248886,no
0.18866395950317383,0.5075260996818542,-9.22481717680057e-08,0.2085108757019043,0.5609166622161865,-0.015254868194460869,0.23847512900829315,0.6142871379852295,-0.025359902530908585,0.25691425800323486,0.6556272506713867,-0.03672272711992264,0.26865920424461365,0.6861869692802429,-0.04608292877674103,0.300283282995224,0.5887851715087891,-0.007781021296977997,0.3246656358242035,0.6031301617622375,-0.03161689266562462,0.29715991020202637,0.6025672554969788,-0.04739784821867943,0.2715882956981659,0.5958042740821838,-0.05407428368926048,0.3052870035171509,0.5484749674797058,-0.009723745286464691,0.32924091815948486,0.5571057796478271,-0.032878875732421875,0.29365047812461853,0.5604949593544006,-0.04191873222589493,0.26749810576438904,0.5586607456207275,-0.04322438687086105,0.3026108741760254,0.506354570388794,-0.015307190828025341,0.3269919157028198,0.5115687847137451,-0.03595149144530296,0.2929883301258087,0.5237135887145996,-0.03287868574261665,0.26729103922843933,0.52643883228302,-0.025568781420588493,0.2924904525279999,0.4628625214099884,-0.02246796526014805,0.3144099712371826,0.4683476984500885,-0.036122508347034454,0.29127272963523865,0.48380985856056213,-0.031365055590867996,0.2718225419521332,0.49142345786094666,-0.02365978993475437,no
0.7568584680557251,0.4901125729084015,-3.1731740790519325e-08,0.7281950116157532,0.5223525762557983,0.005746440030634403,0.6892144083976746,0.540268063545227,0.011198663152754307,0.6602193117141724,0.5520402789115906,0.0129013042896986,0.6377787590026855,0.5610302686691284,0.01479747798293829,0.6707132458686829,0.4954769015312195,0.025205068290233612,0.639105498790741,0.5061590671539307,0.02508140541613102,0.6210131049156189,0.523393452167511,0.020942969247698784,0.609808087348938,0.5364267826080322,0.017923133447766304,0.6654641628265381,0.47335880994796753,0.01878126710653305,0.6325319409370422,0.4851595163345337,0.02007780782878399,0.6121498942375183,0.5064358711242676,0.014467770233750343,0.6019260883331299,0.5227619409561157,0.010028572753071785,0.6623409390449524,0.45199599862098694,0.010832883417606354,0.629135012626648,0.45635953545570374,0.010541733354330063,0.6100446581840515,0.4777640402317047,0.007535519544035196,0.6009833812713623,0.4955652058124542,0.005707213655114174,0.6619752049446106,0.4272678792476654,0.002570847747847438,0.6277068853378296,0.4239008128643036,0.0017674098489806056,0.6080792546272278,0.43757301568984985,0.002252836711704731,0.5978072285652161,0.45510852336883545,0.003236875869333744,no
0.7546908855438232,0.4898678660392761,-1.1744393013657373e-08,0.7227356433868408,0.5268431305885315,0.0043992651626467705,0.6824917793273926,0.5454362630844116,0.008798486553132534,0.6528226733207703,0.554608941078186,0.009068023413419724,0.6288911700248718,0.5621912479400635,0.00948308501392603,0.6601927280426025,0.5117489099502563,0.024748999625444412,0.6283820867538452,0.5214027762413025,0.021394891664385796,0.6077055335044861,0.5378437638282776,0.014344630762934685,0.5935115814208984,0.5529208183288574,0.009612633846700191,0.6558177471160889,0.48594939708709717,0.01745680905878544,0.6220369338989258,0.4958585500717163,0.015493019483983517,0.6010510921478271,0.516417384147644,0.008445996791124344,0.5907193422317505,0.535148024559021,0.003912815824151039,0.6550690531730652,0.45951277017593384,0.00813858862966299,0.6198902726173401,0.46173524856567383,0.005677878390997648,0.6019595861434937,0.48101773858070374,0.003005390288308263,0.5961387157440186,0.49983879923820496,0.002286813920363784,0.6578211188316345,0.42995190620422363,-0.001868800143711269,0.6225284337997437,0.4244776964187622,-0.0035244436003267765,0.6045527458190918,0.43725013732910156,-0.002157541224732995,0.5978348851203918,0.4554770290851593,-5.4970922064967453e-05,no
0.7556815147399902,0.49281686544418335,-5.311625983495105e-08,0.7222869396209717,0.5313462615013123,0.012013493105769157,0.6810709834098816,0.5481082797050476,0.020792046561837196,0.6516004800796509,0.5568385720252991,0.024038022384047508,0.6268488764762878,0.5618399977684021,0.027165208011865616,0.664553701877594,0.5045643448829651,0.038080714643001556,0.631447970867157,0.5148916244506836,0.041759032756090164,0.6132946610450745,0.5292481780052185,0.03940867260098457,0.6023947596549988,0.5411453247070312,0.03778216615319252,0.6600028276443481,0.479563444852829,0.028857147321105003,0.6260160803794861,0.4903707504272461,0.033830270171165466,0.6065620183944702,0.5092110633850098,0.02908109314739704,0.5986530780792236,0.5262137055397034,0.025583835318684578,0.6576108932495117,0.45517727732658386,0.018088048323988914,0.6227303743362427,0.45910918712615967,0.021990327164530754,0.6053381562232971,0.4780938923358917,0.021033626049757004,0.5990384817123413,0.495010644197464,0.02051916904747486,0.6574261784553528,0.42782658338546753,0.007240768056362867,0.6206823587417603,0.4245932102203369,0.011440255679190159,0.6027418971061707,0.43756040930747986,0.01548699289560318,0.5958520174026489,0.4553363025188446,0.018762841820716858,no
0.7549713850021362,0.4954450726509094,-4.36544311810394e-08,0.7257214188575745,0.532163143157959,0.006612756289541721,0.6856200098991394,0.5547760725021362,0.012228332459926605,0.6573541760444641,0.5705172419548035,0.014372455887496471,0.6330180168151855,0.58016037940979,0.016872238367795944,0.6711380481719971,0.5087527632713318,0.023331264033913612,0.6346745491027832,0.522952675819397,0.024888085201382637,0.6125089526176453,0.5381279587745667,0.023005912080407143,0.5960119962692261,0.5504578351974487,0.020990241318941116,0.6637622714042664,0.4854716658592224,0.016812147572636604,0.6283567547798157,0.49988114833831787,0.018938181921839714,0.6041131615638733,0.5189163088798523,0.014090195298194885,0.5869399309158325,0.5336669683456421,0.009731128811836243,0.658575177192688,0.4636843800544739,0.009268408641219139,0.6230416297912598,0.470822811126709,0.011230291798710823,0.600533127784729,0.48887982964515686,0.00921856053173542,0.5846446752548218,0.5047837495803833,0.0071618640795350075,0.6561644673347473,0.4402943253517151,0.0014913886552676558,0.6208221316337585,0.43792182207107544,0.0027799890376627445,0.6005000472068787,0.451954185962677,0.004432607442140579,0.5878976583480835,0.47099781036376953,0.0057267178781330585,no
0.7478389143943787,0.4913792610168457,-2.3847929853104688e-08,0.7206491231918335,0.5276471376419067,0.0018060769652947783,0.6810769438743591,0.5509318709373474,0.003831958631053567,0.6523110866546631,0.565051794052124,0.0030792620964348316,0.6295017600059509,0.5728686451911926,0.0022991616278886795,0.6623775362968445,0.5162535309791565,0.012658873572945595,0.6302767395973206,0.5308544635772705,0.007470165379345417,0.6086493730545044,0.548880398273468,0.0008470885804854333,0.5926845669746399,0.5630167722702026,-0.003854303853586316,0.6569328308105469,0.4916215240955353,0.006542332470417023,0.6241883635520935,0.5088343620300293,0.0035135287325829268,0.6005488634109497,0.5303192734718323,-0.001703819027170539,0.5840861201286316,0.5458999276161194,-0.0058097136206924915,0.6542150378227234,0.4665643572807312,-0.0010850029066205025,0.6199985146522522,0.4756917655467987,-0.0048191430978477,0.5995758771896362,0.49471911787986755,-0.006294670049101114,0.5871694087982178,0.5105185508728027,-0.006899166852235794,0.6546518206596375,0.43732112646102905,-0.009377763606607914,0.620273232460022,0.43595269322395325,-0.012844135984778404,0.6019925475120544,0.4484289288520813,-0.01134362630546093,0.5920234322547913,0.46516284346580505,-0.009414027445018291,no
0.7276938557624817,0.4891214966773987,9.470240591724632e-09,0.697957456111908,0.5306476950645447,0.0026698452420532703,0.6563944220542908,0.5539377927780151,0.00453061331063509,0.625799298286438,0.5701414942741394,0.003367892699316144,0.6031378507614136,0.5854602456092834,0.002390839159488678,0.6451194882392883,0.5187407732009888,0.01255897805094719,0.6058651208877563,0.5372490882873535,0.007696535903960466,0.5792306661605835,0.5550242066383362,0.0023084143176674843,0.5583360195159912,0.5682373642921448,-0.0014953719219192863,0.6383265256881714,0.4926759898662567,0.005627043079584837,0.5999526977539062,0.5105627775192261,0.002487106481567025,0.5732320547103882,0.5291292071342468,-0.0022915410809218884,0.5514540672302246,0.5403285026550293,-0.006066522095352411,0.6334696412086487,0.4669681787490845,-0.0027023456059396267,0.5954111814498901,0.47644397616386414,-0.005831170827150345,0.5720993876457214,0.4952589273452759,-0.006510278210043907,0.5556015372276306,0.5081394910812378,-0.006858054082840681,0.6303246021270752,0.4387471079826355,-0.011615834198892117,0.594251811504364,0.44146427512168884,-0.013231032527983189,0.575564980506897,0.45687511563301086,-0.010299925692379475,0.5638781785964966,0.472648948431015,-0.00774440448731184,no
0.7445151209831238,0.4795592427253723,-5.812788472780994e-09,0.7191637754440308,0.5086989998817444,0.006298315245658159,0.6841478943824768,0.5290017127990723,0.011026249267160892,0.6604651212692261,0.5449636578559875,0.012490568682551384,0.6407246589660645,0.5517026782035828,0.014101953245699406,0.6691968441009521,0.4858473241329193,0.02239190973341465,0.6390764117240906,0.4977840781211853,0.025806086137890816,0.6207208037376404,0.5125846266746521,0.02518349699676037,0.6078142523765564,0.5242962837219238,0.024032754823565483,0.6637440919876099,0.4680838882923126,0.016327712684869766,0.6335259079933167,0.4825972020626068,0.020613646134734154,0.612550675868988,0.4998370409011841,0.016780922189354897,0.5990921258926392,0.5129770636558533,0.012775206007063389,0.659443199634552,0.45144906640052795,0.009446204639971256,0.6290481090545654,0.4589972198009491,0.013435903005301952,0.6097249388694763,0.4743833541870117,0.011627103202044964,0.5970656275749207,0.4875293970108032,0.009279676713049412,0.6571686267852783,0.43319979310035706,0.0023900899104774,0.6266972422599792,0.4309921860694885,0.005609084852039814,0.6089047789573669,0.4411660134792328,0.007884178310632706,0.5976799726486206,0.454606831073761,0.009201946668326855,no
0.7481250166893005,0.48746389150619507,-1.2940414251261245e-07,0.7191651463508606,0.5264424681663513,0.007811081595718861,0.6797264814376831,0.5499181151390076,0.014691331423819065,0.6524365544319153,0.5632336139678955,0.016979390755295753,0.6301528811454773,0.5703672170639038,0.01963004469871521,0.6599805951118469,0.5095613598823547,0.03287831321358681,0.6287882924079895,0.5249345898628235,0.033345840871334076,0.6132574677467346,0.5416823625564575,0.02919897250831127,0.6059837341308594,0.5552355051040649,0.026960259303450584,0.6533908843994141,0.4853958487510681,0.02579638548195362,0.6206285953521729,0.5021460056304932,0.026996783912181854,0.6084660887718201,0.5208184719085693,0.020646685734391212,0.6060351729393005,0.5346052050590515,0.017058562487363815,0.6503040194511414,0.4608479142189026,0.016889996826648712,0.615861177444458,0.4708762764930725,0.017524834722280502,0.6045311093330383,0.48959583044052124,0.015777843073010445,0.6028838157653809,0.5025597214698792,0.0157417394220829,0.6505385637283325,0.4332548975944519,0.007777684833854437,0.6136731505393982,0.43195444345474243,0.00965504813939333,0.5994060039520264,0.44645190238952637,0.012996818870306015,0.5950236320495605,0.4618173837661743,0.01644609495997429,no
0.7467648983001709,0.49168306589126587,-1.0411133644083748e-07,0.7192121744155884,0.5287643671035767,0.005183082539588213,0.6800168752670288,0.5514340400695801,0.010032211430370808,0.6522030830383301,0.5643431544303894,0.011066430248320103,0.6296626329421997,0.5707762241363525,0.012668506242334843,0.6568987965583801,0.5075294375419617,0.02396128512918949,0.6267828345298767,0.5190141797065735,0.022248106077313423,0.6108680367469788,0.5350582003593445,0.0176924429833889,0.6039397716522217,0.5478439927101135,0.015053735114634037,0.6518548727035522,0.4835590124130249,0.01738627627491951,0.6191595196723938,0.49574652314186096,0.01664211042225361,0.604699969291687,0.5154465436935425,0.011533073149621487,0.6023373603820801,0.5302479863166809,0.008599656634032726,0.6498903036117554,0.4608028829097748,0.009067988954484463,0.6162511110305786,0.4681493639945984,0.007335429545491934,0.6037972569465637,0.4892469644546509,0.00652375677600503,0.6033872365951538,0.5045890808105469,0.0072922962717711926,0.6510398387908936,0.4359704852104187,0.0003149811236653477,0.6151005029678345,0.4337248206138611,-0.0010559690417721868,0.5990468859672546,0.4490797817707062,0.001257376279681921,0.5954779386520386,0.46695151925086975,0.004288491327315569,no
0.7474135756492615,0.4947010278701782,-1.1784486275701056e-07,0.7177368402481079,0.5345640182495117,0.007499305531382561,0.677980363368988,0.5551023483276367,0.01541986595839262,0.6496880650520325,0.5656461715698242,0.018329406157135963,0.6267016530036926,0.5704918503761292,0.021654700860381126,0.6549719572067261,0.5205273032188416,0.036914899945259094,0.6255192160606384,0.5331408977508545,0.036696527153253555,0.6120907068252563,0.5479546785354614,0.03109433688223362,0.6075748205184937,0.5592982172966003,0.02829226851463318,0.6495276689529419,0.49367648363113403,0.02987676113843918,0.6169036626815796,0.5054423213005066,0.030550070106983185,0.6090421676635742,0.5222926735877991,0.023434562608599663,0.6124757528305054,0.5348551273345947,0.02013556659221649,0.6477430462837219,0.46606889367103577,0.020533587783575058,0.6142456531524658,0.4720507860183716,0.020328469574451447,0.6068804264068604,0.49030253291130066,0.01805519498884678,0.6109187602996826,0.5024158358573914,0.01850784756243229,0.6489245891571045,0.43543142080307007,0.010819058865308762,0.6122263669967651,0.43254977464675903,0.012448746711015701,0.5994182825088501,0.44807443022727966,0.015550371259450912,0.5994259119033813,0.4646090865135193,0.019182521849870682,no
0.7580810189247131,0.5018501281738281,1.1512913289379867e-08,0.7305766344070435,0.5459613800048828,0.002032246207818389,0.6918731331825256,0.5705855488777161,0.004720973316580057,0.6615264415740967,0.5827439427375793,0.00505082868039608,0.6362732648849487,0.5914233326911926,0.005643086042255163,0.668103814125061,0.5300615429878235,0.016552435234189034,0.6309755444526672,0.5400494933128357,0.015276492573320866,0.6094774007797241,0.5500603914260864,0.01097811944782734,0.5932137966156006,0.5578557252883911,0.0075468262657523155,0.6614726781845093,0.5015978813171387,0.011760995723307133,0.6259496212005615,0.5103906393051147,0.01188571099191904,0.6042860746383667,0.5237278342247009,0.006769505795091391,0.5891653299331665,0.5331151485443115,0.002588484436273575,0.6589176654815674,0.4746958613395691,0.005590260960161686,0.622956395149231,0.4785599112510681,0.005290821194648743,0.6027658581733704,0.4924122095108032,0.003804553300142288,0.5893057584762573,0.503769040107727,0.0026444795075803995,0.6597577333450317,0.44679340720176697,-0.0011476491345092654,0.6233075261116028,0.44361692667007446,-0.0016967753181234002,0.60410076379776,0.4555661082267761,0.00011025403364328668,0.5931528806686401,0.47125595808029175,0.0019561804365366697,no
0.7560663819313049,0.5030858516693115,-4.137180198426904e-08,0.725559651851654,0.5435253381729126,0.006681850645691156,0.6851137280464172,0.5645036101341248,0.011821538209915161,0.6551608443260193,0.5762439370155334,0.013279754668474197,0.6298869848251343,0.5826468467712402,0.014855585061013699,0.6665546298027039,0.5230262279510498,0.02407143823802471,0.6327391862869263,0.5351637005805969,0.024301093071699142,0.6126275062561035,0.5490097403526306,0.02090115286409855,0.5986773371696472,0.5600411295890808,0.018079888075590134,0.6603491306304932,0.49706751108169556,0.017189038917422295,0.6268144249916077,0.510051965713501,0.01864559017121792,0.605643093585968,0.5276524424552917,0.01318154577165842,0.5925506353378296,0.5415221452713013,0.008577960543334484,0.6570239663124084,0.47171539068222046,0.009101392701268196,0.6222131252288818,0.4783310890197754,0.010069123469293118,0.6019151210784912,0.4956531524658203,0.007807733956724405,0.5894243717193604,0.5108523368835449,0.005812549963593483,0.6567959189414978,0.44378331303596497,0.0007784402114339173,0.621902346611023,0.44022858142852783,0.0015861715655773878,0.6022372841835022,0.45248091220855713,0.0032003899104893208,0.5906650424003601,0.4701203405857086,0.004514932166785002,no
0.7685498595237732,0.800571084022522,1.2345560662652133e-07,0.718059778213501,0.7666360139846802,-0.016107164323329926,0.6744307279586792,0.7054774761199951,-0.028284726664423943,0.6326884031295776,0.6795647740364075,-0.041599076241254807,0.6009221076965332,0.6593794822692871,-0.055358946323394775,0.713291585445404,0.6091100573539734,-0.009954525157809258,0.6784623861312866,0.5575976371765137,-0.038905590772628784,0.644473671913147,0.5650179982185364,-0.06440647691488266,0.6176286339759827,0.5856479406356812,-0.07804206758737564,0.7421033978462219,0.6052732467651367,-0.016576368361711502,0.7274063229560852,0.5310679078102112,-0.03166649863123894,0.7126692533493042,0.49017956852912903,-0.043812017887830734,0.7027237415313721,0.46479302644729614,-0.05112481117248535,0.7749170660972595,0.6255514621734619,-0.028363702818751335,0.7800578474998474,0.5487926602363586,-0.04314025118947029,0.7804906964302063,0.5053103566169739,-0.05072195827960968,0.7808168530464172,0.47061222791671753,-0.05530431494116783,0.8062711954116821,0.6636456847190857,-0.04227447137236595,0.828101634979248,0.6237372756004333,-0.05641527473926544,0.8405665159225464,0.5930850505828857,-0.05897117778658867,0.8498013615608215,0.5618425011634827,-0.059038568288087845,okay
0.7717247605323792,0.8023062944412231,4.407224807323473e-08,0.7206497192382812,0.7671921253204346,-0.015350611880421638,0.6770697236061096,0.7089521884918213,-0.02965274080634117,0.6343715190887451,0.6854366064071655,-0.04485518857836723,0.6016181707382202,0.668805718421936,-0.061375029385089874,0.7127850651741028,0.6107556223869324,-0.013436445035040379,0.6754462718963623,0.563491702079773,-0.042364686727523804,0.6402174830436707,0.5747024416923523,-0.0686422809958458,0.6119987964630127,0.5975202322006226,-0.08383920788764954,0.7404085993766785,0.6071985363960266,-0.021871956065297127,0.7170421481132507,0.5304114818572998,-0.04307977110147476,0.6946668028831482,0.5033688545227051,-0.06072721257805824,0.6776766777038574,0.4922512471675873,-0.07078293710947037,0.7730340957641602,0.6271601915359497,-0.034398213028907776,0.7768918871879578,0.5458183884620667,-0.05274895951151848,0.7747556567192078,0.5013734102249146,-0.06590696424245834,0.7736648321151733,0.46474140882492065,-0.0745958462357521,0.8043105602264404,0.6663291454315186,-0.04831068590283394,0.824999988079071,0.6243498921394348,-0.06496260315179825,0.8386449217796326,0.5930569767951965,-0.07035752385854721,0.8493845462799072,0.5609903335571289,-0.07307008653879166,okay
0.7755469083786011,0.8105741739273071,-5.730810670456776e-08,0.722990095615387,0.7722005844116211,-0.011059082113206387,0.6789764761924744,0.7129395008087158,-0.023840924724936485,0.6377805471420288,0.6906862258911133,-0.038089606910943985,0.6033803820610046,0.6781147718429565,-0.05381980538368225,0.7189346551895142,0.6162209510803223,-0.006797588896006346,0.6887229084968567,0.5695288181304932,-0.029664207249879837,0.6576321721076965,0.5663377046585083,-0.05154877156019211,0.6298845410346985,0.5742865800857544,-0.06564630568027496,0.7451215982437134,0.6158952116966248,-0.016679173335433006,0.7206982374191284,0.5535571575164795,-0.04394618421792984,0.6968368291854858,0.5529086589813232,-0.06597920507192612,0.6792287826538086,0.56391441822052,-0.07695310562849045,0.7767055630683899,0.6328966617584229,-0.02980494126677513,0.7708547115325928,0.5631686449050903,-0.05101518705487251,0.7601512670516968,0.526004433631897,-0.06991805136203766,0.7523845434188843,0.49676933884620667,-0.08215658366680145,0.8067646026611328,0.6657694578170776,-0.04360911622643471,0.8277708888053894,0.6263859868049622,-0.06002867594361305,0.8417567610740662,0.5959404110908508,-0.07077836245298386,0.8530048727989197,0.5636260509490967,-0.07844679057598114,okay
0.7710391283035278,0.7864683866500854,5.462259267119407e-08,0.7270297408103943,0.7552368640899658,-0.010383322834968567,0.6908888220787048,0.706393837928772,-0.02266649156808853,0.6606975197792053,0.6786699891090393,-0.03567361459136009,0.6352636218070984,0.662864089012146,-0.05003675818443298,0.7195243239402771,0.6268643140792847,-0.02191047929227352,0.6870946884155273,0.587836742401123,-0.045683857053518295,0.6581383943557739,0.5879077911376953,-0.06487350910902023,0.635800302028656,0.5999220013618469,-0.07652878016233444,0.7457048296928406,0.6273974776268005,-0.030044469982385635,0.7223973870277405,0.5766715407371521,-0.05294366553425789,0.6971333026885986,0.5599364638328552,-0.06996799260377884,0.6774766445159912,0.5545546412467957,-0.08093329519033432,0.7764107584953308,0.6434040069580078,-0.04011595994234085,0.7692126035690308,0.5957909822463989,-0.06210090592503548,0.751893937587738,0.5778965353965759,-0.07552678138017654,0.7403874397277832,0.5653622150421143,-0.08389423787593842,0.8071569800376892,0.6714631915092468,-0.05057019740343094,0.8260213136672974,0.6284679770469666,-0.07099712640047073,0.8391072154045105,0.5971903800964355,-0.0807516798377037,0.8511974811553955,0.5687394142150879,-0.08680674433708191,okay
0.7728225588798523,0.7909766435623169,6.105003080847382e-08,0.7279550433158875,0.7605540156364441,-0.00944836251437664,0.6905180215835571,0.7083863615989685,-0.020077044144272804,0.6576671600341797,0.6828190088272095,-0.031500402837991714,0.6300128698348999,0.6691014170646667,-0.044310927391052246,0.721031904220581,0.6297483444213867,-0.016987191513180733,0.6929268836975098,0.5886006951332092,-0.03973759338259697,0.6657680869102478,0.5801784992218018,-0.059405695647001266,0.6419214010238647,0.5814762711524963,-0.07207875698804855,0.7462336421012878,0.6300844550132751,-0.025754200294613838,0.7211577892303467,0.5791404247283936,-0.05116552114486694,0.6912663578987122,0.566369891166687,-0.07051902264356613,0.66700679063797,0.5639829039573669,-0.08200932294130325,0.7761372923851013,0.6446912884712219,-0.03658183291554451,0.7677141427993774,0.5918853878974915,-0.06090475991368294,0.7465232610702515,0.5739821791648865,-0.07689957320690155,0.7301998138427734,0.5605838298797607,-0.08616586029529572,0.8055878281593323,0.6716256737709045,-0.04752335697412491,0.826545238494873,0.6286618113517761,-0.06913317739963531,0.8399039506912231,0.5981369018554688,-0.08071640878915787,0.8516708016395569,0.5690575242042542,-0.08791907876729965,okay
0.779257595539093,0.800549328327179,-9.73094937961605e-09,0.7345069050788879,0.7715145349502563,-0.006046851631253958,0.6988059878349304,0.718776524066925,-0.014769531786441803,0.6712002754211426,0.6919967532157898,-0.0249661635607481,0.650495171546936,0.6725450158119202,-0.036392148584127426,0.7235025763511658,0.6356133818626404,-0.00868133269250393,0.698345422744751,0.5834640860557556,-0.031116433441638947,0.6693310141563416,0.5693948864936829,-0.05050692334771156,0.6439151763916016,0.5654177069664001,-0.0630703791975975,0.7489427328109741,0.6336601376533508,-0.019903527572751045,0.7272740602493286,0.5719190835952759,-0.047583188861608505,0.6986271739006042,0.5634992122650146,-0.0670388787984848,0.6776175498962402,0.5669381618499756,-0.07597602158784866,0.778405487537384,0.6477746963500977,-0.033509425818920135,0.7824519276618958,0.5765484571456909,-0.05779169872403145,0.7750309109687805,0.5356304049491882,-0.07444456219673157,0.7705172896385193,0.5024263858795166,-0.08356650173664093,0.8079037666320801,0.6765046715736389,-0.04687974601984024,0.8290292620658875,0.6353234052658081,-0.0680701807141304,0.8424768447875977,0.604648232460022,-0.07816238701343536,0.85460364818573,0.5730602145195007,-0.08367383480072021,okay
0.7675300240516663,0.7901854515075684,4.134375952702385e-09,0.7228674292564392,0.7575545907020569,-0.007180735468864441,0.6841113567352295,0.7019881010055542,-0.015895642340183258,0.6531368494033813,0.6771589517593384,-0.025902699679136276,0.6271806955337524,0.6608291268348694,-0.03742368891835213,0.7169992923736572,0.6191643476486206,-0.009599908255040646,0.6854721307754517,0.5802298784255981,-0.031874462962150574,0.6546472311019897,0.5783441066741943,-0.05343358963727951,0.6281086206436157,0.5892683267593384,-0.06728402525186539,0.744156539440155,0.6221541166305542,-0.0204445980489254,0.723851203918457,0.5666846632957458,-0.04475457966327667,0.699849009513855,0.5583251118659973,-0.0649615228176117,0.6813797354698181,0.5633323788642883,-0.07569485157728195,0.7751877307891846,0.6405068039894104,-0.0336565338075161,0.7765920162200928,0.5781357288360596,-0.05486598610877991,0.7670541405677795,0.5426831245422363,-0.07093478739261627,0.7608909606933594,0.5131592750549316,-0.08091166615486145,0.805433452129364,0.672686755657196,-0.04698087275028229,0.8286924958229065,0.6311365365982056,-0.066386878490448,0.8441183567047119,0.5991883277893066,-0.07531104236841202,0.8580681085586548,0.5670812726020813,-0.08067649602890015,okay
0.7661190629005432,0.7895996570587158,2.89545587506268e-09,0.7219814658164978,0.7581955790519714,-0.009206616319715977,0.6825683116912842,0.7013896703720093,-0.01947481371462345,0.6492129564285278,0.6780300736427307,-0.030966274440288544,0.6212162375450134,0.6635383367538452,-0.04401218146085739,0.7163419723510742,0.6202597618103027,-0.010913554579019547,0.6845499873161316,0.5787158608436584,-0.033899854868650436,0.6544318795204163,0.5802053809165955,-0.05618085712194443,0.6287519335746765,0.5955213904380798,-0.07056542485952377,0.7441032528877258,0.6227129101753235,-0.021506983786821365,0.727501630783081,0.5633708238601685,-0.04849666357040405,0.7072403430938721,0.5609809160232544,-0.07028625160455704,0.6911836862564087,0.5726059675216675,-0.0811072364449501,0.7752785086631775,0.6409013271331787,-0.03446810692548752,0.7797427773475647,0.5745636224746704,-0.056540586054325104,0.7737361192703247,0.5405094623565674,-0.07321219146251678,0.7695390582084656,0.5127956867218018,-0.0831918939948082,0.8055478930473328,0.6728249192237854,-0.047695256769657135,0.8281728029251099,0.6311256289482117,-0.06712501496076584,0.844245970249176,0.5997648239135742,-0.07611457258462906,0.858222484588623,0.5685650110244751,-0.08137980848550797,okay
0.7736940383911133,0.7903475761413574,-2.1822256002224094e-08,0.7308468818664551,0.7616398334503174,-0.010107862763106823,0.6935206055641174,0.7097485065460205,-0.021583227440714836,0.6619057059288025,0.6835370063781738,-0.03395324945449829,0.6362355351448059,0.6663061380386353,-0.047571007162332535,0.7220404744148254,0.6244468092918396,-0.010955285280942917,0.6927902102470398,0.5767521858215332,-0.03585356846451759,0.6615328788757324,0.5694047212600708,-0.05830325931310654,0.6341480612754822,0.5730159282684326,-0.0726226270198822,0.7471275329589844,0.6218386292457581,-0.02128111571073532,0.7252275347709656,0.5579480528831482,-0.05144808441400528,0.6973164081573486,0.5554162263870239,-0.07318424433469772,0.6768168210983276,0.5647194385528564,-0.08272931724786758,0.7771857976913452,0.6369299292564392,-0.034275323152542114,0.7838788032531738,0.5627925395965576,-0.05883225426077843,0.7813336253166199,0.5209516882896423,-0.07645603269338608,0.7813860177993774,0.48630020022392273,-0.0861404612660408,0.8065739870071411,0.6679075956344604,-0.04746198654174805,0.8293429613113403,0.6283590793609619,-0.06803032010793686,0.8432772159576416,0.598434329032898,-0.07755227386951447,0.8557440042495728,0.5664486885070801,-0.08268857002258301,okay
0.7735080718994141,0.8026630282402039,-6.989967005210929e-08,0.7244877815246582,0.7682722806930542,-0.011831074953079224,0.680304765701294,0.7077620625495911,-0.02362007461488247,0.6402048468589783,0.6848145127296448,-0.03634894639253616,0.6076261401176453,0.6681544780731201,-0.049765150994062424,0.7180091142654419,0.6206355690956116,-0.008148996159434319,0.6790210604667664,0.5780690908432007,-0.03353576362133026,0.6454063653945923,0.5838895440101624,-0.05823163688182831,0.6164996027946472,0.6028544902801514,-0.0739743560552597,0.7450928688049316,0.6199454069137573,-0.017581947147846222,0.7249836921691895,0.5540688633918762,-0.04750198870897293,0.7010234594345093,0.5606194734573364,-0.0701993778347969,0.6794192790985107,0.582480788230896,-0.08002153038978577,0.7768211960792542,0.6373946666717529,-0.029935209080576897,0.7816151976585388,0.5631495714187622,-0.051250677555799484,0.7780178189277649,0.5289408564567566,-0.06601571291685104,0.7739131450653076,0.5046363472938538,-0.07422523200511932,0.8063187003135681,0.6708655953407288,-0.043161384761333466,0.8285630345344543,0.6332501769065857,-0.0597868338227272,0.8425383567810059,0.602697491645813,-0.06674440950155258,0.8530492782592773,0.5694147944450378,-0.07052800059318542,okay
0.777725875377655,0.8062164783477783,3.110813651119315e-08,0.730709969997406,0.7741557359695435,-0.008848123252391815,0.6878392696380615,0.7158505916595459,-0.01860944926738739,0.6542325019836426,0.6872350573539734,-0.029300618916749954,0.6273269653320312,0.6706122159957886,-0.04049794375896454,0.7219040989875793,0.6302654147148132,-0.012211509048938751,0.6951103210449219,0.5828536152839661,-0.03524370118975639,0.6638705134391785,0.5735328197479248,-0.05541621893644333,0.635926365852356,0.5763448476791382,-0.0686255395412445,0.748510479927063,0.6297197341918945,-0.021732307970523834,0.7258917689323425,0.5716137886047363,-0.04988984391093254,0.6948608160018921,0.5697315335273743,-0.07001395523548126,0.6697244644165039,0.581386387348175,-0.08078688383102417,0.7793247103691101,0.6446378827095032,-0.03364342451095581,0.7690971493721008,0.5883369445800781,-0.057728126645088196,0.7439148426055908,0.583248496055603,-0.07205013930797577,0.7235614061355591,0.5862436294555664,-0.07969238609075546,0.8091008067131042,0.6735438108444214,-0.04613128677010536,0.8313605189323425,0.6310611367225647,-0.06721512973308563,0.8442709445953369,0.5993048548698425,-0.07989220321178436,0.8548387289047241,0.5699056386947632,-0.08783945441246033,okay
0.772076427936554,0.805585503578186,1.0073690503986654e-07,0.7237486243247986,0.7708961963653564,-0.011668968945741653,0.678952157497406,0.7108184099197388,-0.02201697789132595,0.64238440990448,0.6852788925170898,-0.03295300155878067,0.615528404712677,0.667805552482605,-0.0440494678914547,0.721736490726471,0.634288489818573,-0.013454759493470192,0.6981774568557739,0.5870487689971924,-0.03771455958485603,0.6689894795417786,0.5742759108543396,-0.059479229152202606,0.639900803565979,0.576793909072876,-0.07356986403465271,0.7491981387138367,0.6355738043785095,-0.022005829960107803,0.730301022529602,0.5776761770248413,-0.05245347321033478,0.6997147798538208,0.5723637342453003,-0.07477298378944397,0.6726409792900085,0.582348108291626,-0.0865556001663208,0.7800477743148804,0.6507424712181091,-0.033118464052677155,0.7715597152709961,0.6003797054290771,-0.059646692126989365,0.7429237961769104,0.5977277755737305,-0.07391881197690964,0.7182047963142395,0.6029539108276367,-0.08057218044996262,0.8093568086624146,0.6788767576217651,-0.0450662299990654,0.8313716053962708,0.6348164677619934,-0.0670112743973732,0.845651388168335,0.603776216506958,-0.07859295606613159,0.8574854135513306,0.5759326815605164,-0.0852561816573143,okay
0.7607330679893494,0.7928211688995361,1.0643096004514518e-07,0.7188464999198914,0.7608358860015869,-0.011951538734138012,0.6783698797225952,0.7057286500930786,-0.023212555795907974,0.6434379816055298,0.68250572681427,-0.03490349277853966,0.6147276759147644,0.6684557795524597,-0.04774783179163933,0.7199327945709229,0.6320449113845825,-0.016938621178269386,0.6937518119812012,0.5875155329704285,-0.040750134736299515,0.6648105382919312,0.5751602053642273,-0.06144141033291817,0.6376086473464966,0.575211226940155,-0.07518485933542252,0.7459693551063538,0.6296138167381287,-0.026257148012518883,0.7237798571586609,0.570968747138977,-0.0541679784655571,0.6944615244865417,0.5619135499000549,-0.07500650733709335,0.6701726317405701,0.5652734041213989,-0.0866803303360939,0.7764021158218384,0.6433653235435486,-0.03798717260360718,0.77179354429245,0.5863673090934753,-0.06443359702825546,0.7529489994049072,0.5660496354103088,-0.08185120671987534,0.7366562485694885,0.5517404675483704,-0.09185700863599777,0.8059909343719482,0.6709856390953064,-0.05005166679620743,0.8326435685157776,0.6291783452033997,-0.07305291295051575,0.8472792506217957,0.5994679927825928,-0.085834801197052,0.8579024076461792,0.5712737441062927,-0.09398257732391357,okay
0.76055508852005,0.7972345948219299,8.971021969728099e-08,0.7182575464248657,0.7635666131973267,-0.011770514771342278,0.6777799129486084,0.7054535746574402,-0.02291896380484104,0.6429738998413086,0.6803132891654968,-0.034671735018491745,0.6144207715988159,0.6655611395835876,-0.04766632243990898,0.720402181148529,0.6313802599906921,-0.01567777432501316,0.6930270195007324,0.587045431137085,-0.04062345251441002,0.6628961563110352,0.5761327743530273,-0.06303068995475769,0.6346496343612671,0.578018069267273,-0.07779207825660706,0.7464698553085327,0.6302666068077087,-0.02555086277425289,0.7246344089508057,0.5711162686347961,-0.05464955419301987,0.6946917772293091,0.5622828602790833,-0.07687968015670776,0.6697692275047302,0.5659116506576538,-0.0891537070274353,0.7766408920288086,0.6453713774681091,-0.037937089800834656,0.7735008001327515,0.5874685645103455,-0.06446171551942825,0.7551042437553406,0.5638027787208557,-0.08235672861337662,0.7392339706420898,0.5465213060379028,-0.09269245713949203,0.8056637048721313,0.6747472286224365,-0.05073186382651329,0.8301030397415161,0.6328127980232239,-0.07338567823171616,0.8447167873382568,0.6031162738800049,-0.08543792366981506,0.8560084700584412,0.5751320123672485,-0.09304367005825043,okay
0.7672064304351807,0.7941967844963074,9.911776999160793e-08,0.7195032835006714,0.7597167491912842,-0.01345023512840271,0.6778232455253601,0.7078540921211243,-0.027841025963425636,0.6384863257408142,0.6860171556472778,-0.04427503049373627,0.6050667762756348,0.6687435507774353,-0.06203873082995415,0.7171167135238647,0.6132044196128845,-0.01025204174220562,0.6767245531082153,0.5710327625274658,-0.040927428752183914,0.6432335376739502,0.5784227848052979,-0.06887906044721603,0.6152769327163696,0.6001964807510376,-0.08426833897829056,0.7442575693130493,0.6114623546600342,-0.019641932100057602,0.730774998664856,0.5428147315979004,-0.03761786222457886,0.716905951499939,0.5093006491661072,-0.052734680473804474,0.7046983242034912,0.4902236759662628,-0.06237121671438217,0.7744086980819702,0.63050776720047,-0.03366236388683319,0.7777107357978821,0.5599777698516846,-0.05073399469256401,0.7779889106750488,0.5220855474472046,-0.05937962979078293,0.7781133055686951,0.4900286793708801,-0.06490446627140045,0.8023626208305359,0.6655023097991943,-0.049561332911252975,0.8237671852111816,0.6258171796798706,-0.06582460552453995,0.838499128818512,0.5953996777534485,-0.06928738951683044,0.8500735759735107,0.5642856955528259,-0.07008190453052521,okay
0.7677582502365112,0.7956521511077881,1.2261395454515878e-07,0.7197933793067932,0.7601698040962219,-0.012376557104289532,0.6779686212539673,0.7067486047744751,-0.024790963158011436,0.6387024521827698,0.6846053004264832,-0.03931770101189613,0.6069010496139526,0.6672061085700989,-0.05500209704041481,0.717301607131958,0.6168959140777588,-0.005664378870278597,0.6830495595932007,0.5718480944633484,-0.03320993855595589,0.6517833471298218,0.5715245008468628,-0.05900963395833969,0.625279426574707,0.5861714482307434,-0.07350832968950272,0.744175374507904,0.6143859624862671,-0.014495636336505413,0.732894778251648,0.5462300181388855,-0.030143309384584427,0.7212373614311218,0.5103327035903931,-0.044190701097249985,0.7123649716377258,0.48802119493484497,-0.053471971303224564,0.7742039561271667,0.6321313977241516,-0.02804146148264408,0.7780321836471558,0.5633336901664734,-0.04365275427699089,0.7794952392578125,0.5236673355102539,-0.05210871994495392,0.7816879153251648,0.4895384907722473,-0.0577022060751915,0.8021445870399475,0.6657789945602417,-0.043407805263996124,0.8222439885139465,0.6249658465385437,-0.05797913298010826,0.8371328711509705,0.5945863723754883,-0.06105797365307808,0.8492023348808289,0.5636962652206421,-0.062036775052547455,okay
0.7797097563743591,0.7647272944450378,1.8458820250089047e-07,0.7260746955871582,0.7314600348472595,0.01185537688434124,0.694510817527771,0.688741147518158,0.013347700238227844,0.6712421774864197,0.6631463170051575,0.010716013610363007,0.6535607576370239,0.6458679437637329,0.006497619673609734,0.7137593626976013,0.6007216572761536,0.01977444253861904,0.7013608813285828,0.54623943567276,0.021135888993740082,0.6948822140693665,0.5157721042633057,0.0180532094091177,0.689734935760498,0.49422556161880493,0.014655345119535923,0.7412163019180298,0.5923824906349182,0.007175413891673088,0.7347081899642944,0.5327205061912537,0.012285254895687103,0.7314097285270691,0.49668312072753906,0.007542002946138382,0.732039749622345,0.4712211787700653,0.0017475619679316878,0.7690837979316711,0.6019779443740845,-0.005849158391356468,0.7719815969467163,0.5456129908561707,-0.003994880709797144,0.7748721837997437,0.5093342661857605,-0.010596329346299171,0.7801408171653748,0.48112332820892334,-0.018236270174384117,0.7985110282897949,0.6256539821624756,-0.01801694557070732,0.8127877116203308,0.5863593220710754,-0.017897823825478554,0.825296938419342,0.5631929039955139,-0.01870931312441826,0.8366101384162903,0.5432419180870056,-0.020627927035093307,okay
0.7677333354949951,0.6789727210998535,3.5453132340990123e-07,0.7212097644805908,0.6435344219207764,-0.004507237114012241,0.6905755996704102,0.5921714305877686,-0.011930998414754868,0.6681619882583618,0.5546305179595947,-0.020399801433086395,0.6519033908843994,0.529251754283905,-0.029537757858633995,0.7174297571182251,0.5071358680725098,-0.0026290989480912685,0.722087025642395,0.4478015899658203,-0.010197845287621021,0.7283118367195129,0.41238322854042053,-0.017837509512901306,0.7341437935829163,0.386325478553772,-0.023669248446822166,0.7455581426620483,0.5036996603012085,-0.00976975541561842,0.7598218321800232,0.4418414235115051,-0.014961302280426025,0.773048996925354,0.4062577486038208,-0.021272648125886917,0.7850306630134583,0.3776986002922058,-0.02633514069020748,0.7728831768035889,0.5151394605636597,-0.0183689184486866,0.7926786541938782,0.4597063660621643,-0.02427210472524166,0.8110626339912415,0.42426037788391113,-0.027571076527237892,0.8263764977455139,0.3925365209579468,-0.0307855773717165,0.7985716462135315,0.5387061238288879,-0.027620501816272736,0.8165457248687744,0.4969433844089508,-0.03272644057869911,0.829802393913269,0.4703004062175751,-0.03227602690458298,0.8411818146705627,0.446129709482193,-0.03176053613424301,okay
0.7195509076118469,0.7462987899780273,1.9415523411225877e-07,0.6851563453674316,0.7157230377197266,-0.01795986294746399,0.6579996943473816,0.6590558886528015,-0.03201080858707428,0.6340185403823853,0.6261700391769409,-0.04460655897855759,0.6089556217193604,0.610112190246582,-0.05895322933793068,0.682231068611145,0.5918993353843689,-0.03186416253447533,0.6563364863395691,0.5478376150131226,-0.05947011709213257,0.6328610181808472,0.5330082774162292,-0.08008355647325516,0.6131906509399414,0.528045654296875,-0.09251400083303452,0.7108808755874634,0.5886200666427612,-0.037841349840164185,0.7033571600914001,0.5268245935440063,-0.06007978692650795,0.6951747536659241,0.4894126057624817,-0.07354528456926346,0.691716730594635,0.46030062437057495,-0.08262749016284943,0.7415303587913513,0.6057778000831604,-0.046905431896448135,0.7553334832191467,0.5426747798919678,-0.07062350958585739,0.7638592720031738,0.5025199055671692,-0.08128224313259125,0.7743204832077026,0.4680810868740082,-0.08748889714479446,0.7720627188682556,0.6376878619194031,-0.05701834335923195,0.7894517183303833,0.5916033387184143,-0.07887604832649231,0.802414059638977,0.5573053956031799,-0.0857212245464325,0.8143424987792969,0.5255126357078552,-0.08931789547204971,okay
0.7230559587478638,0.7601661682128906,3.493264273402019e-07,0.6791090369224548,0.7317240238189697,-0.01940232329070568,0.6398270726203918,0.6742144823074341,-0.033053599298000336,0.6065298318862915,0.6446194052696228,-0.04600191488862038,0.5798469185829163,0.6240179538726807,-0.06008277088403702,0.678784966468811,0.5812360048294067,-0.01983449049293995,0.6513856649398804,0.5338425636291504,-0.04878753796219826,0.6242285966873169,0.5266416072845459,-0.07415870577096939,0.5998963713645935,0.5313208103179932,-0.08857583999633789,0.7116562724113464,0.5725892782211304,-0.026077933609485626,0.7139445543289185,0.4882834255695343,-0.04326814040541649,0.714214563369751,0.4328610301017761,-0.05926350876688957,0.7158207297325134,0.3880566358566284,-0.07062536478042603,0.7434065937995911,0.5912867784500122,-0.036695901304483414,0.7675166130065918,0.5144330263137817,-0.055206865072250366,0.782660186290741,0.464713454246521,-0.06691627204418182,0.7950592041015625,0.4222838878631592,-0.07432831078767776,0.7718719840049744,0.6285920143127441,-0.04896406829357147,0.7964252829551697,0.5808820724487305,-0.06492045521736145,0.8122940063476562,0.5442888140678406,-0.0682145431637764,0.8241257667541504,0.5097796320915222,-0.06957083940505981,okay
0.7284969091415405,0.7626206278800964,2.899452056226437e-07,0.6854504346847534,0.7354365587234497,-0.018981507048010826,0.6448860168457031,0.6813103556632996,-0.03336617350578308,0.6106017231941223,0.6544845700263977,-0.04666706547141075,0.5815929174423218,0.6384723782539368,-0.06168580800294876,0.6798202991485596,0.5856547951698303,-0.021439265459775925,0.6553332209587097,0.5400475263595581,-0.04884186387062073,0.629267156124115,0.5296133160591125,-0.07298440486192703,0.6060807704925537,0.5289366245269775,-0.08762983977794647,0.7118768692016602,0.5778385400772095,-0.027860617265105247,0.7070140242576599,0.4997306168079376,-0.04555775597691536,0.7021480798721313,0.44918376207351685,-0.061581965535879135,0.701139509677887,0.40916937589645386,-0.07328176498413086,0.744731068611145,0.5968902707099915,-0.03831103816628456,0.7625980377197266,0.5211892127990723,-0.05746057257056236,0.7714173793792725,0.4766651391983032,-0.0711107924580574,0.779879093170166,0.4390498399734497,-0.08058878779411316,0.7753761410713196,0.6344547271728516,-0.05013960227370262,0.7970771789550781,0.5906341671943665,-0.06868086010217667,0.8096709251403809,0.5580084323883057,-0.07538377493619919,0.8189287781715393,0.525607705116272,-0.0794333815574646,okay
0.7370057702064514,0.7700656056404114,4.307030394556932e-07,0.6904998421669006,0.7394925355911255,-0.02151401713490486,0.6478613018989563,0.6836255788803101,-0.038333166390657425,0.6087083220481873,0.6574316024780273,-0.05408846586942673,0.5776023864746094,0.642590343952179,-0.07097548246383667,0.6852971911430359,0.5769721865653992,-0.02520606480538845,0.6559314131736755,0.5347673296928406,-0.05502893030643463,0.6260886192321777,0.534972071647644,-0.08089990168809891,0.6006886959075928,0.5450646877288818,-0.0961867943406105,0.7186576128005981,0.566482424736023,-0.03230857476592064,0.713584840297699,0.4760221242904663,-0.052614618092775345,0.7110047340393066,0.41729992628097534,-0.07099311053752899,0.71144700050354,0.37096595764160156,-0.08389391750097275,0.7521548271179199,0.5880077481269836,-0.04321742057800293,0.7713493704795837,0.5035487413406372,-0.06476723402738571,0.7848389744758606,0.4504236876964569,-0.08051885664463043,0.7952303886413574,0.40627652406692505,-0.09092682600021362,0.7816718816757202,0.6324982643127441,-0.05549880862236023,0.8083904981613159,0.5855373740196228,-0.07427506148815155,0.8247807621955872,0.5487268567085266,-0.07988695055246353,0.8364484906196594,0.513137698173523,-0.08302957564592361,okay
0.7401227355003357,0.7741603851318359,3.079360340052517e-07,0.6924951076507568,0.7445250749588013,-0.017005333676934242,0.6487084627151489,0.6793806552886963,-0.02778540924191475,0.6090618968009949,0.6501832008361816,-0.038851577788591385,0.5766943693161011,0.6345328092575073,-0.05066091939806938,0.6861795783042908,0.5812413096427917,-0.007020763121545315,0.6581839323043823,0.5383214950561523,-0.03328277915716171,0.6311778426170349,0.5329352617263794,-0.05784791335463524,0.6075460910797119,0.5389512777328491,-0.0720142349600792,0.7177915573120117,0.5711722373962402,-0.014597845263779163,0.7125056982040405,0.4891214966773987,-0.028780529275536537,0.7112497091293335,0.43846142292022705,-0.042819637805223465,0.7125391960144043,0.40053996443748474,-0.05230380967259407,0.7514472007751465,0.5895352959632874,-0.027310684323310852,0.765929102897644,0.5133129358291626,-0.04470628499984741,0.7781397700309753,0.4664633274078369,-0.055510956794023514,0.7885767817497253,0.42529571056365967,-0.061922475695610046,0.7817362546920776,0.628320038318634,-0.04180961847305298,0.8051439523696899,0.580821692943573,-0.057930219918489456,0.8216809034347534,0.5455979108810425,-0.061648786067962646,0.8336992859840393,0.5103262662887573,-0.06286373734474182,okay
0.7352836728096008,0.7749823331832886,2.64464318888713e-07,0.6894359588623047,0.7443914413452148,-0.01900073140859604,0.6452656984329224,0.683157742023468,-0.0325545109808445,0.6057602167129517,0.6546298861503601,-0.04568348824977875,0.5742584466934204,0.6372418403625488,-0.0595732256770134,0.6872435808181763,0.5853887796401978,-0.013777398504316807,0.6603271961212158,0.5402353405952454,-0.04123106971383095,0.632683515548706,0.531762421131134,-0.06671448051929474,0.6065277457237244,0.534508228302002,-0.08154803514480591,0.7178667783737183,0.5761765241622925,-0.01985841430723667,0.710752010345459,0.49716347455978394,-0.035184234380722046,0.7073721289634705,0.44734472036361694,-0.04931694641709328,0.7069616913795471,0.40850257873535156,-0.059472616761922836,0.74994295835495,0.5930281281471252,-0.03071867674589157,0.7677386999130249,0.5188180804252625,-0.04708295315504074,0.7842156291007996,0.47422322630882263,-0.05638157203793526,0.7988442778587341,0.43582725524902344,-0.0626160278916359,0.7782570719718933,0.6294049620628357,-0.0436553880572319,0.8003913164138794,0.5843800902366638,-0.057727500796318054,0.8169410228729248,0.550777018070221,-0.05998319387435913,0.8304880261421204,0.5176775455474854,-0.06091456860303879,okay
0.7352531552314758,0.7646838426589966,2.9467196327459533e-07,0.689762532711029,0.7381423711776733,-0.018452780321240425,0.6456366777420044,0.67633455991745,-0.03045661188662052,0.6076297760009766,0.6483266949653625,-0.0424315519630909,0.5754314064979553,0.6313377618789673,-0.055069949477910995,0.6841732263565063,0.5812762975692749,-0.012505038641393185,0.6549583077430725,0.5364707708358765,-0.04082157835364342,0.626251220703125,0.5334627628326416,-0.06583836674690247,0.6010557413101196,0.5418782830238342,-0.07980398833751678,0.7157126069068909,0.5718953609466553,-0.019612733274698257,0.7052153944969177,0.48910778760910034,-0.03595271334052086,0.6985228061676025,0.43380165100097656,-0.050301920622587204,0.6953219175338745,0.3918432891368866,-0.05967133864760399,0.7489500045776367,0.5895572900772095,-0.03167424723505974,0.7598511576652527,0.5125767588615417,-0.050173643976449966,0.7664984464645386,0.47039884328842163,-0.059997085481882095,0.7704581022262573,0.4343533515930176,-0.06545494496822357,0.7802684903144836,0.6265909075737,-0.04569404944777489,0.8042867183685303,0.585580050945282,-0.06337325274944305,0.818589985370636,0.5557458996772766,-0.06730929017066956,0.8273566365242004,0.5255663990974426,-0.0681336522102356,okay
0.7356763482093811,0.7716851830482483,3.94541558534911e-07,0.6915018558502197,0.7418646216392517,-0.025914762169122696,0.6474167704582214,0.6822524070739746,-0.042976874858140945,0.6042250394821167,0.6568478941917419,-0.05826244130730629,0.5709434151649475,0.6388043761253357,-0.07390260696411133,0.690272331237793,0.5811491012573242,-0.022712988778948784,0.6637436747550964,0.5334234833717346,-0.05212477967143059,0.6372746229171753,0.5239236354827881,-0.07780047506093979,0.6121852397918701,0.523277223110199,-0.09253107011318207,0.7221349477767944,0.5732409358024597,-0.026084283366799355,0.7202455401420593,0.4860430359840393,-0.04451706260442734,0.7168481349945068,0.43019187450408936,-0.06006228178739548,0.7145037055015564,0.3848910927772522,-0.0703050047159195,0.7539551854133606,0.5920146703720093,-0.034459490329027176,0.7742012739181519,0.5175898671150208,-0.05439220368862152,0.7875758409500122,0.4707353115081787,-0.06501681357622147,0.7972001433372498,0.43055400252342224,-0.07065299153327942,0.7816833257675171,0.6295709013938904,-0.04522186517715454,0.8046705722808838,0.5821584463119507,-0.061367642134428024,0.8204486966133118,0.5480911731719971,-0.06404447555541992,0.8322146534919739,0.5159404873847961,-0.06442776322364807,okay
0.74176424741745,0.7885688543319702,3.099957552876731e-07,0.6913926601409912,0.7542575597763062,-0.022064609453082085,0.6429231762886047,0.6881146430969238,-0.03699047490954399,0.5963876247406006,0.6574109792709351,-0.05227058753371239,0.5606523752212524,0.6360558867454529,-0.06755494326353073,0.6879613995552063,0.5875471234321594,-0.011823976412415504,0.6479724049568176,0.5470829606056213,-0.04557795822620392,0.6144371628761292,0.5521649718284607,-0.0758776143193245,0.586208164691925,0.5689437985420227,-0.09290823340415955,0.7198752760887146,0.5771232843399048,-0.01864350587129593,0.714540421962738,0.4869515299797058,-0.03739666938781738,0.7119285464286804,0.43558067083358765,-0.05424749478697777,0.7109377384185791,0.39563804864883423,-0.06517595797777176,0.7532216310501099,0.5963127017021179,-0.03133007884025574,0.7712271809577942,0.5167598724365234,-0.05205763131380081,0.7842307686805725,0.46851831674575806,-0.06075236201286316,0.7935100197792053,0.42552298307418823,-0.06483139842748642,0.7819127440452576,0.6362913846969604,-0.046543385833501816,0.8070282936096191,0.5900508165359497,-0.06445299834012985,0.8256456851959229,0.5535900592803955,-0.06604011356830597,0.8387711644172668,0.5160988569259644,-0.06497939676046371,okay
0.7382528185844421,0.7778607606887817,3.7393061802504235e-07,0.6911388039588928,0.746363639831543,-0.02234305627644062,0.6451950073242188,0.6867079138755798,-0.038806281983852386,0.5991491079330444,0.660953164100647,-0.0547359399497509,0.5660098791122437,0.6441711187362671,-0.07137254625558853,0.6936062574386597,0.5844666957855225,-0.01924571394920349,0.6597511172294617,0.5383725762367249,-0.05036604776978493,0.6283792853355408,0.5332691669464111,-0.07872389256954193,0.6009434461593628,0.5386847853660583,-0.09509719163179398,0.7242676019668579,0.5750554203987122,-0.024547893553972244,0.7219579219818115,0.4841457009315491,-0.04246865585446358,0.7211844325065613,0.4283072352409363,-0.05823526903986931,0.7222880721092224,0.3855190575122833,-0.06880152970552444,0.7551414966583252,0.5942440629005432,-0.034788746386766434,0.7713817954063416,0.5113670825958252,-0.05305248871445656,0.78249192237854,0.46038392186164856,-0.06316116452217102,0.7909959554672241,0.41653159260749817,-0.06921164691448212,0.781681478023529,0.6338196396827698,-0.047319479286670685,0.805989146232605,0.5835666656494141,-0.06251201033592224,0.8234808444976807,0.5466092228889465,-0.06487134099006653,0.8361031413078308,0.5097254514694214,-0.06533973664045334,okay
0.7365373373031616,0.7770121097564697,3.710082125962799e-07,0.6889397501945496,0.746396541595459,-0.021317429840564728,0.6419829726219177,0.6855860948562622,-0.037770580500364304,0.5972862243652344,0.6607160568237305,-0.054134197533130646,0.5627819895744324,0.6445576548576355,-0.07101533561944962,0.6885940432548523,0.5812330842018127,-0.017145639285445213,0.6562278270721436,0.5378775596618652,-0.04991762712597847,0.6270744800567627,0.5318952798843384,-0.07897945493459702,0.5995233058929443,0.5378075838088989,-0.0952724739909172,0.7195994257926941,0.5715202689170837,-0.024493061006069183,0.7154443860054016,0.4789183735847473,-0.04320032149553299,0.7141593098640442,0.4239872992038727,-0.05902915820479393,0.7138552665710449,0.38235417008399963,-0.06865904480218887,0.7528226971626282,0.5891032218933105,-0.036932263523340225,0.7634174823760986,0.5063036680221558,-0.0565614327788353,0.771729052066803,0.45581597089767456,-0.0661206990480423,0.7775465250015259,0.4109466075897217,-0.07096022367477417,0.7828425765037537,0.6279309988021851,-0.05172574892640114,0.8062713742256165,0.5777670741081238,-0.06786803156137466,0.8235790729522705,0.5419092178344727,-0.06954233348369598,0.8356850147247314,0.506074845790863,-0.06874905526638031,okay
0.7468386292457581,0.7837976813316345,4.19892444369907e-07,0.6937671899795532,0.7493873834609985,-0.021078266203403473,0.647260308265686,0.6890074014663696,-0.04121370613574982,0.6004159450531006,0.6611438989639282,-0.062036313116550446,0.5647543668746948,0.6413747668266296,-0.08386656641960144,0.6937245726585388,0.5784919261932373,-0.023634210228919983,0.6510229706764221,0.5369575023651123,-0.062431950122117996,0.614587664604187,0.5508405566215515,-0.09724724292755127,0.5858930349349976,0.5730582475662231,-0.11648907512426376,0.7274962067604065,0.5683166980743408,-0.032404348254203796,0.724675178527832,0.46951884031295776,-0.05462389811873436,0.7255795001983643,0.40263497829437256,-0.07521194964647293,0.727252185344696,0.34826821088790894,-0.08908592164516449,0.7605444192886353,0.5903996229171753,-0.04591983184218407,0.7738590240478516,0.4962959289550781,-0.06816639751195908,0.7836107611656189,0.4321538805961609,-0.08309480547904968,0.7903341054916382,0.37497636675834656,-0.09220435470342636,0.7879226207733154,0.6356334686279297,-0.06117686629295349,0.814285397529602,0.5797228813171387,-0.08028826862573624,0.8338932394981384,0.5374994277954102,-0.08401750028133392,0.8486928343772888,0.49461913108825684,-0.08467667549848557,okay
0.7478748559951782,0.7827816009521484,3.854402166325599e-07,0.6958719491958618,0.7505391836166382,-0.02147369086742401,0.6483524441719055,0.6887969374656677,-0.03938981145620346,0.6003184914588928,0.659993588924408,-0.05788108706474304,0.5649310350418091,0.6411623358726501,-0.07695521414279938,0.694656252861023,0.578025221824646,-0.016554221510887146,0.6559542417526245,0.5357257127761841,-0.050796374678611755,0.6223578453063965,0.5437105894088745,-0.08176761865615845,0.595808744430542,0.5619897246360779,-0.09839969873428345,0.727992057800293,0.5685772895812988,-0.023856952786445618,0.7252164483070374,0.4750160574913025,-0.04140881076455116,0.7241833806037903,0.4148414433002472,-0.05730680748820305,0.7240661382675171,0.36753129959106445,-0.06750047951936722,0.76215660572052,0.588029146194458,-0.03678128495812416,0.7712053060531616,0.4987654685974121,-0.05647198483347893,0.7772857546806335,0.43847769498825073,-0.0689786747097969,0.781878650188446,0.38429099321365356,-0.07615014165639877,0.7908154129981995,0.6293695569038391,-0.05183784291148186,0.8163291811943054,0.5736733078956604,-0.0695379450917244,0.8366659879684448,0.5309334397315979,-0.07340572774410248,0.8523461818695068,0.4871332347393036,-0.07404076308012009,okay
0.7337208390235901,0.7658381462097168,3.763108509247104e-07,0.6925110816955566,0.7342943549156189,-0.018951034173369408,0.6529278755187988,0.6784889101982117,-0.03387145325541496,0.6145650148391724,0.6547554135322571,-0.04860209673643112,0.5824520587921143,0.6399387717247009,-0.06493178009986877,0.6941708326339722,0.5783969759941101,-0.019955193623900414,0.6619797348976135,0.5340903401374817,-0.0500505156815052,0.6354112029075623,0.5250279903411865,-0.07591580599546432,0.6114315390586853,0.5276678800582886,-0.09064310044050217,0.7262634634971619,0.5703616142272949,-0.028357068076729774,0.7198395133018494,0.48109132051467896,-0.047448161989450455,0.7109639048576355,0.4272904396057129,-0.06418915092945099,0.7028512954711914,0.385484516620636,-0.0748353898525238,0.7591995000839233,0.5906966924667358,-0.0408458411693573,0.7746061682701111,0.5067341923713684,-0.06323804706335068,0.7829447388648987,0.4543581008911133,-0.07626254856586456,0.7882900834083557,0.40804362297058105,-0.08344689756631851,0.7880265712738037,0.6325879693031311,-0.054676603525877,0.8156342506408691,0.5834914445877075,-0.0757434293627739,0.8329300880432129,0.5471835732460022,-0.08049506694078445,0.8447107076644897,0.5126084685325623,-0.0816672071814537,okay
0.7401646971702576,0.7710442543029785,4.3759303025581175e-07,0.6956101655960083,0.7396870851516724,-0.02148456871509552,0.6519908905029297,0.6851460337638855,-0.039438437670469284,0.6108968257904053,0.6625219583511353,-0.05732836574316025,0.5768790245056152,0.6456648707389832,-0.07606438547372818,0.6947214007377625,0.5790477991104126,-0.021539708599448204,0.661769688129425,0.535322368144989,-0.05564847216010094,0.6320582628250122,0.5290127396583557,-0.08387547731399536,0.606660008430481,0.5373700261116028,-0.0987834483385086,0.7270899415016174,0.5711920261383057,-0.029025642201304436,0.7275435328483582,0.4772547781467438,-0.04906712472438812,0.7265809178352356,0.41831135749816895,-0.0635412186384201,0.7253838181495667,0.3697115182876587,-0.07154142111539841,0.7611673474311829,0.5894542932510376,-0.0416899248957634,0.7758344411849976,0.49850738048553467,-0.06536249816417694,0.7878217697143555,0.44179660081863403,-0.07594667375087738,0.797164261341095,0.39142975211143494,-0.07996119558811188,0.7920312881469727,0.6294573545455933,-0.05623232200741768,0.8193584084510803,0.5730348229408264,-0.07773731648921967,0.8385305404663086,0.5297527313232422,-0.08177010715007782,0.8527719974517822,0.4885631501674652,-0.08124970644712448,okay
0.2264930009841919,0.794062614440918,2.453234060340037e-07,0.2582224905490875,0.769182562828064,-0.010180414654314518,0.2877907156944275,0.7328998446464539,-0.01182546652853489,0.31224769353866577,0.7134663462638855,-0.014076188206672668,0.3292718827724457,0.6992014050483704,-0.016339080408215523,0.26206210255622864,0.6676555275917053,0.002694448223337531,0.2775183618068695,0.6301646828651428,-0.003307703882455826,0.28975746035575867,0.6097463965415955,-0.01069664303213358,0.2994169592857361,0.594330906867981,-0.016265271231532097,0.24099943041801453,0.6586750149726868,0.0006780890398658812,0.24441401660442352,0.6091061234474182,-0.0035392059944570065,0.24694684147834778,0.5780143737792969,-0.01234464067965746,0.24795059859752655,0.5526753067970276,-0.01887497678399086,0.21944259107112885,0.6632140874862671,-0.003750051138922572,0.2144719958305359,0.6173204183578491,-0.010608033277094364,0.21192969381809235,0.5873258113861084,-0.019092589616775513,0.21012739837169647,0.5609983205795288,-0.025085311383008957,0.20008009672164917,0.6792149543762207,-0.009386812336742878,0.18994008004665375,0.6485231518745422,-0.016317980363965034,0.18380258977413177,0.6287660598754883,-0.020031068474054337,0.18030890822410583,0.6103704571723938,-0.022383781149983406,okay
0.21799612045288086,0.796838104724884,2.52054434213278e-07,0.2515121400356293,0.7708573341369629,-0.005862121004611254,0.2862236797809601,0.7356910109519958,-0.007010860368609428,0.31575122475624084,0.7158532738685608,-0.009202932938933372,0.33106860518455505,0.6986919045448303,-0.011427893303334713,0.262586385011673,0.668093204498291,0.00522695342078805,0.28047463297843933,0.6318985819816589,0.000917596451472491,0.2931362986564636,0.6125566363334656,-0.005393349099904299,0.303097665309906,0.5992635488510132,-0.010036325082182884,0.24164888262748718,0.658460259437561,0.0023791943676769733,0.24740628898143768,0.6120608448982239,0.00010724935418693349,0.25202083587646484,0.5819576978683472,-0.007230550516396761,0.25528475642204285,0.5575659275054932,-0.012780251912772655,0.218755304813385,0.6610524654388428,-0.002161584561690688,0.21695582568645477,0.6155596971511841,-0.005734229926019907,0.21788892149925232,0.5843944549560547,-0.011018607765436172,0.21845856308937073,0.5600697994232178,-0.015162166208028793,0.19797445833683014,0.6756253838539124,-0.0076407562009990215,0.19028879702091217,0.6429455876350403,-0.011571689508855343,0.18626974523067474,0.6208631992340088,-0.012949048541486263,0.18426933884620667,0.6015426516532898,-0.013445289805531502,okay
0.21610954403877258,0.7991320490837097,2.3624895106877375e-07,0.2501368522644043,0.7724021673202515,-0.007712946739047766,0.2840512990951538,0.7359198927879333,-0.009407288394868374,0.3133935034275055,0.717044472694397,-0.0120231369510293,0.33048903942108154,0.7013940215110779,-0.01472851075232029,0.2610075771808624,0.6707433462142944,0.00489383889362216,0.27752870321273804,0.630571186542511,0.0007713933009654284,0.28920334577560425,0.6085675358772278,-0.004578125663101673,0.2979135513305664,0.5929150581359863,-0.008338500745594501,0.24068795144557953,0.6621613502502441,0.002548854798078537,0.24500277638435364,0.610877513885498,0.0008152748923748732,0.24815694987773895,0.5787608027458191,-0.004835607949644327,0.2503858208656311,0.5532463788986206,-0.008566529490053654,0.21843495965003967,0.6650897264480591,-0.0019277610117569566,0.21598531305789948,0.6167107820510864,-0.00546530494466424,0.21664001047611237,0.5855984687805176,-0.009233374148607254,0.2171887904405594,0.5616474151611328,-0.011681784875690937,0.19713327288627625,0.6791560053825378,-0.007573393639177084,0.1884140819311142,0.6468806266784668,-0.011760835535824299,0.18391776084899902,0.6258803009986877,-0.012079552747309208,0.18136154115200043,0.6085525751113892,-0.011220443993806839,okay
0.7354559302330017,0.764473021030426,3.882064163462928e-07,0.6914718747138977,0.7339096069335938,-0.020686259493231773,0.649359941482544,0.6771597862243652,-0.03819536417722702,0.6076605916023254,0.6526390910148621,-0.055694181472063065,0.5734461545944214,0.6356072425842285,-0.07439824938774109,0.6914370059967041,0.5692203044891357,-0.023570794612169266,0.6501354575157166,0.5305240154266357,-0.058288637548685074,0.6174746751785278,0.5443991422653198,-0.08831135183572769,0.5922030210494995,0.5691795349121094,-0.10438410192728043,0.7247785925865173,0.5625837445259094,-0.03182815760374069,0.7183935046195984,0.4691535234451294,-0.05003909021615982,0.7139825224876404,0.41153910756111145,-0.0656244158744812,0.7100718021392822,0.3677128255367279,-0.07559037953615189,0.7591009140014648,0.5873830318450928,-0.04464869573712349,0.7757957577705383,0.49850180745124817,-0.06569311767816544,0.7879006862640381,0.44176119565963745,-0.07631266117095947,0.7961584329605103,0.3924213647842407,-0.08161900192499161,0.788525402545929,0.6341131925582886,-0.05911896377801895,0.817524790763855,0.5815404653549194,-0.07896874099969864,0.8363170027732849,0.5420993566513062,-0.08063911646604538,0.8493570685386658,0.5048808455467224,-0.07887692749500275,okay
0.7370122671127319,0.7684701681137085,2.894060173730395e-07,0.692625880241394,0.7378178238868713,-0.023520778864622116,0.6524009108543396,0.6797071695327759,-0.040585290640592575,0.6125761270523071,0.653235673904419,-0.05707927793264389,0.5821948051452637,0.63139808177948,-0.07443857938051224,0.6942174434661865,0.5736602544784546,-0.02155112288892269,0.6594326496124268,0.5309937000274658,-0.0572076253592968,0.6280079483985901,0.5429025888442993,-0.08888687193393707,0.6029274463653564,0.5665412545204163,-0.10648513585329056,0.7285386323928833,0.5687774419784546,-0.027794960886240005,0.721267580986023,0.4841197729110718,-0.046375539153814316,0.7154380083084106,0.4331875443458557,-0.06341498345136642,0.7113026976585388,0.39479267597198486,-0.07542210817337036,0.763881266117096,0.5920026898384094,-0.039539337158203125,0.7782797813415527,0.5156036019325256,-0.05919784680008888,0.7881094217300415,0.46849969029426575,-0.07009140402078629,0.794556736946106,0.4278295040130615,-0.07671760767698288,0.7963033318519592,0.635518491268158,-0.05366279557347298,0.8193885087966919,0.5847733616828918,-0.07205353677272797,0.8363942503929138,0.5475807785987854,-0.07492461800575256,0.8480910062789917,0.5131431818008423,-0.0750986635684967,okay
0.7401126623153687,0.7714768648147583,2.7378635536479123e-07,0.6962293386459351,0.7400231957435608,-0.021646639332175255,0.6559211015701294,0.6828526854515076,-0.039599258452653885,0.614585816860199,0.659625768661499,-0.057321518659591675,0.5801663994789124,0.6450116038322449,-0.07636503875255585,0.7005462646484375,0.5770968198776245,-0.020735658705234528,0.6716569662094116,0.5329025983810425,-0.0542667955160141,0.6421223878860474,0.5333713293075562,-0.08494336903095245,0.6143237352371216,0.5444595217704773,-0.10274176299571991,0.7325965762138367,0.5722817778587341,-0.028274156153202057,0.7276368141174316,0.48902198672294617,-0.047264572232961655,0.7235024571418762,0.4379851222038269,-0.06513256579637527,0.7212156057357788,0.39648300409317017,-0.07809308171272278,0.7662467956542969,0.5927116870880127,-0.04085658863186836,0.7814751863479614,0.5156058073043823,-0.060550712049007416,0.7953281402587891,0.4659392237663269,-0.07208213210105896,0.807580828666687,0.42197296023368835,-0.07958684861660004,0.7969867587089539,0.6330176591873169,-0.05569138005375862,0.8193678855895996,0.5808815956115723,-0.07231540977954865,0.8379477858543396,0.5429181456565857,-0.07498117536306381,0.8526707291603088,0.5081145167350769,-0.07591545581817627,okay
0.7517094016075134,0.7798324823379517,2.883631680106191e-07,0.7052913904190063,0.7471339702606201,-0.01709548570215702,0.6606407761573792,0.6881359815597534,-0.030234811827540398,0.6195511221885681,0.66378253698349,-0.043571922928094864,0.5865660309791565,0.6458835005760193,-0.05807757005095482,0.7016474604606628,0.5860648155212402,-0.011795397847890854,0.6661531925201416,0.5441039800643921,-0.04284366965293884,0.6346314549446106,0.5428070425987244,-0.07198040187358856,0.6061993837356567,0.5557145476341248,-0.08884869515895844,0.7337772250175476,0.5785092711448669,-0.0210261233150959,0.7258098721504211,0.4915645718574524,-0.038396961987018585,0.7179338932037354,0.44089382886886597,-0.05685414746403694,0.7112401723861694,0.4036670923233032,-0.06973590701818466,0.7674105763435364,0.5977687239646912,-0.03507626801729202,0.7802187204360962,0.5188457369804382,-0.05425986275076866,0.7860548496246338,0.4681640565395355,-0.0692276731133461,0.7889328598976135,0.42278677225112915,-0.07948555797338486,0.7986139059066772,0.6375501751899719,-0.05064313858747482,0.8206676840782166,0.5944738984107971,-0.06769774854183197,0.8341835737228394,0.5633120536804199,-0.07209411263465881,0.8420162796974182,0.5314518213272095,-0.07451894879341125,okay
0.7508174180984497,0.772255539894104,2.9282574587341514e-07,0.7010124921798706,0.7415143847465515,-0.018942492082715034,0.6565331816673279,0.6844736337661743,-0.035334110260009766,0.614060640335083,0.6618306636810303,-0.05229755491018295,0.5813786387443542,0.6465044021606445,-0.0705074816942215,0.6986290216445923,0.5805463194847107,-0.019261924549937248,0.6608056426048279,0.5350766777992249,-0.05428479611873627,0.6274298429489136,0.5445386171340942,-0.08607184141874313,0.5992428660392761,0.5665455460548401,-0.10369544476270676,0.7329733371734619,0.5737714767456055,-0.026939867064356804,0.7300849556922913,0.48774421215057373,-0.04505762457847595,0.7276284694671631,0.4367941617965698,-0.06284057348966599,0.7248729467391968,0.398349791765213,-0.0753507986664772,0.7675031423568726,0.5955516695976257,-0.03930716961622238,0.778645932674408,0.5209981203079224,-0.056325919926166534,0.7864235043525696,0.4742947220802307,-0.06817398965358734,0.7908126711845398,0.43199485540390015,-0.07636534422636032,0.7979938387870789,0.6369218230247498,-0.05365857854485512,0.8194844722747803,0.5907883644104004,-0.06835637241601944,0.8347059488296509,0.557405412197113,-0.07048635184764862,0.8458068370819092,0.5230388045310974,-0.07086317241191864,okay
0.747555673122406,0.7659339308738708,2.8361816362121317e-07,0.6997036337852478,0.7370694279670715,-0.021228166297078133,0.6551635265350342,0.6823725700378418,-0.0385078601539135,0.6136716604232788,0.6601520776748657,-0.05526531860232353,0.5833189487457275,0.6411208510398865,-0.07329708337783813,0.6983728408813477,0.5704160928726196,-0.024802688509225845,0.6588635444641113,0.5294740796089172,-0.05983323976397514,0.6259910464286804,0.5404991507530212,-0.09103728830814362,0.5998297333717346,0.5647028088569641,-0.1086975708603859,0.7326686382293701,0.5673332214355469,-0.0323980487883091,0.725462019443512,0.48236969113349915,-0.05135461688041687,0.7200836539268494,0.43496841192245483,-0.06917441636323929,0.7151730060577393,0.4010056257247925,-0.08167551457881927,0.7672890424728394,0.5940083861351013,-0.044599466025829315,0.7807713747024536,0.5174194574356079,-0.06456851959228516,0.7892257571220398,0.47154027223587036,-0.07720155268907547,0.7934067845344543,0.43154263496398926,-0.08551105856895447,0.7983404994010925,0.6401228904724121,-0.05862204357981682,0.821057915687561,0.5949205160140991,-0.0778559222817421,0.8365138173103333,0.5635212659835815,-0.0813806802034378,0.8456174731254578,0.5318881869316101,-0.08216194808483124,okay
0.7491976022720337,0.7685169577598572,2.6762415927805705e-07,0.7002105712890625,0.7390027046203613,-0.018488416448235512,0.6556116342544556,0.6834040880203247,-0.03487113490700722,0.6132935285568237,0.6628127098083496,-0.051744863390922546,0.5807521343231201,0.647844672203064,-0.06985477358102798,0.6987176537513733,0.5740857720375061,-0.02198970317840576,0.6571460962295532,0.5304271578788757,-0.057893574237823486,0.6234641075134277,0.5428293347358704,-0.08929310739040375,0.5967807769775391,0.5685084462165833,-0.106685109436512,0.7319945693016052,0.5704492926597595,-0.031054507941007614,0.721843957901001,0.48410657048225403,-0.05042789503931999,0.7140552401542664,0.4362415373325348,-0.06783226877450943,0.7072306275367737,0.40207743644714355,-0.07971540838479996,0.7666464447975159,0.5963780283927917,-0.044645365327596664,0.7784543633460999,0.5202243328094482,-0.06372668594121933,0.7856733798980713,0.47740936279296875,-0.07426506280899048,0.7891501188278198,0.43924790620803833,-0.08096302300691605,0.7978662252426147,0.6415586471557617,-0.060085978358983994,0.8203750252723694,0.5964562892913818,-0.07777523994445801,0.8358601927757263,0.5650352239608765,-0.0795411691069603,0.8456000685691833,0.5326828956604004,-0.07888761162757874,okay
0.749609112739563,0.7667245268821716,2.9918092536718177e-07,0.7018833756446838,0.7343592643737793,-0.019915210083127022,0.6598830223083496,0.6795408129692078,-0.0361802764236927,0.6184399724006653,0.6558132767677307,-0.05289057269692421,0.5846258997917175,0.6385732889175415,-0.07012417912483215,0.7002672553062439,0.5742723941802979,-0.016341213136911392,0.6685123443603516,0.5256228446960449,-0.05006164312362671,0.6405816078186035,0.5384829640388489,-0.07994518429040909,0.616484522819519,0.5626056790351868,-0.09606378525495529,0.7338709831237793,0.5703549385070801,-0.02331400103867054,0.7327978610992432,0.4864341616630554,-0.040515247732400894,0.7302748560905457,0.43717727065086365,-0.05672726407647133,0.7275850176811218,0.39948874711990356,-0.06798852235078812,0.7676782011985779,0.5930126309394836,-0.03557378798723221,0.7832396030426025,0.5211304426193237,-0.052832990884780884,0.7930557131767273,0.47645097970962524,-0.06360980868339539,0.7995915412902832,0.43664050102233887,-0.07060203701257706,0.7967963218688965,0.6349959373474121,-0.05000041797757149,0.8201220631599426,0.5935762524604797,-0.06529637426137924,0.835808515548706,0.5631575584411621,-0.06747347861528397,0.8472751975059509,0.5330483913421631,-0.0675182119011879,okay
0.7578661441802979,0.7797935605049133,2.5452263230363315e-07,0.7115226984024048,0.7468441724777222,-0.018297504633665085,0.6654067635536194,0.6862515807151794,-0.030696215108036995,0.6220877766609192,0.661807656288147,-0.043615102767944336,0.5914489030838013,0.6415084600448608,-0.05673292279243469,0.7094213366508484,0.5838377475738525,-0.007927638478577137,0.674324095249176,0.5395340919494629,-0.03864128515124321,0.6414070129394531,0.5374149680137634,-0.06710020452737808,0.6126648783683777,0.5500552654266357,-0.08297917246818542,0.7396382093429565,0.5761443972587585,-0.015144292265176773,0.7332383394241333,0.49084794521331787,-0.030618872493505478,0.7250481247901917,0.4434559941291809,-0.04531989246606827,0.7179176211357117,0.41130074858665466,-0.054514266550540924,0.7732155323028564,0.5937506556510925,-0.027939753606915474,0.7848494648933411,0.5195397138595581,-0.04420410841703415,0.7877556085586548,0.47332727909088135,-0.054159268736839294,0.7880220413208008,0.43342554569244385,-0.060107484459877014,0.8047136068344116,0.6311227679252625,-0.04309357330203056,0.8281913995742798,0.5896611213684082,-0.05744754895567894,0.8428255319595337,0.5599315166473389,-0.05973527580499649,0.8521164655685425,0.5292779207229614,-0.059775810688734055,okay
0.7598263025283813,0.7771261930465698,2.665543377133872e-07,0.7126598954200745,0.742524266242981,-0.017129193991422653,0.6675952076911926,0.6818166375160217,-0.03100915625691414,0.6228726506233215,0.6562350988388062,-0.045939717441797256,0.5904113054275513,0.6390447616577148,-0.06167254224419594,0.710308313369751,0.5801379680633545,-0.008968161419034004,0.6725648641586304,0.5378515124320984,-0.041376180946826935,0.6400157809257507,0.5435494184494019,-0.07209037244319916,0.6121049523353577,0.562556803226471,-0.08895131200551987,0.7415021061897278,0.5694528222084045,-0.016887405887246132,0.7327001094818115,0.48350948095321655,-0.032775089144706726,0.7253323793411255,0.43069177865982056,-0.04918006807565689,0.7185350060462952,0.3913128972053528,-0.05994551628828049,0.7758060693740845,0.5873190760612488,-0.02999514527618885,0.7866477370262146,0.5073652267456055,-0.046118102967739105,0.7923372387886047,0.4543987512588501,-0.057522907853126526,0.7956587076187134,0.40728163719177246,-0.06481324881315231,0.8060739636421204,0.6270090341567993,-0.04514686018228531,0.8330821394920349,0.584180474281311,-0.05932105332612991,0.8503773808479309,0.549764096736908,-0.06147226318717003,0.8630979061126709,0.5133473873138428,-0.06141863763332367,okay
0.7614386081695557,0.7828464508056641,1.833305560694498e-07,0.7122611403465271,0.7467342615127563,-0.015695033594965935,0.6666041612625122,0.6855251789093018,-0.030030518770217896,0.6215780973434448,0.6581332087516785,-0.0460711270570755,0.5896674394607544,0.6365562081336975,-0.06304682046175003,0.7114124894142151,0.5853613018989563,-0.010091754607856274,0.6712189316749573,0.5446635484695435,-0.04737407714128494,0.6358457207679749,0.5523786544799805,-0.08247102797031403,0.6045585870742798,0.5710157155990601,-0.1020563468337059,0.7403449416160583,0.5788459181785583,-0.019685884937644005,0.7288876175880432,0.4929819703102112,-0.039255425333976746,0.7166171669960022,0.4401579201221466,-0.05783245339989662,0.7048673629760742,0.40165144205093384,-0.0704033151268959,0.7732674479484558,0.5999370217323303,-0.034682564437389374,0.7813053727149963,0.5187338590621948,-0.05239138379693031,0.784532368183136,0.4698892831802368,-0.0626983791589737,0.7855784893035889,0.4253479838371277,-0.06948379427194595,0.8029674291610718,0.6400172710418701,-0.05190170556306839,0.828923761844635,0.5938981175422668,-0.06717337667942047,0.8465124368667603,0.5592839121818542,-0.06924501806497574,0.8596652150154114,0.5212008953094482,-0.06932532042264938,okay
0.774169385433197,0.785538375377655,7.159411552493111e-08,0.7190384268760681,0.7540228366851807,-0.019023139029741287,0.6711677312850952,0.691148579120636,-0.032583512365818024,0.6254206299781799,0.6652577519416809,-0.0458558090031147,0.5932183861732483,0.6483103036880493,-0.06005128100514412,0.7115781903266907,0.5881632566452026,-0.019377728924155235,0.6651517748832703,0.5454875230789185,-0.04764232039451599,0.6261364221572876,0.5602901577949524,-0.0732194036245346,0.5950493216514587,0.5864427089691162,-0.08797351270914078,0.7434636354446411,0.5799171328544617,-0.025080064311623573,0.7211644649505615,0.5011909008026123,-0.03917289897799492,0.7038888931274414,0.46125051379203796,-0.05358939990401268,0.6901078820228577,0.43671393394470215,-0.06464039534330368,0.7786710262298584,0.6010248064994812,-0.03500274196267128,0.7867759466171265,0.5213382244110107,-0.04981158301234245,0.7889862656593323,0.47825443744659424,-0.06188042461872101,0.7899401783943176,0.44347769021987915,-0.07152821868658066,0.8111754655838013,0.6426883935928345,-0.046659402549266815,0.8320980072021484,0.5992627143859863,-0.06259779632091522,0.8462036848068237,0.5686045289039612,-0.06757061183452606,0.8559803366661072,0.5365487933158875,-0.07061422616243362,okay
0.7768581509590149,0.795487642288208,7.389373024579982e-08,0.7206686735153198,0.7600616812705994,-0.014922695234417915,0.6738724708557129,0.6994458436965942,-0.0306674987077713,0.6275612115859985,0.6734241843223572,-0.04780270904302597,0.5910292863845825,0.6558171510696411,-0.06684788316488266,0.7118836641311646,0.5891779661178589,-0.019795982167124748,0.6642316579818726,0.5498647093772888,-0.051014408469200134,0.6271229982376099,0.564455509185791,-0.0794222429394722,0.5953382253646851,0.5881582498550415,-0.09609556943178177,0.7432349324226379,0.5796675682067871,-0.029546551406383514,0.7161809802055359,0.49636101722717285,-0.04826870933175087,0.6982829570770264,0.4525379538536072,-0.06570099294185638,0.6817624568939209,0.42522919178009033,-0.07803351432085037,0.7795038223266602,0.6013609766960144,-0.04282299056649208,0.7871192097663879,0.5148848295211792,-0.06077917665243149,0.7916175127029419,0.46795669198036194,-0.07421685755252838,0.7932206392288208,0.4300265312194824,-0.08434935659170151,0.8129388093948364,0.6458713412284851,-0.057361505925655365,0.8387991786003113,0.6044946312904358,-0.07582122087478638,0.8547053933143616,0.5705785155296326,-0.0817953422665596,0.8652352690696716,0.5346973538398743,-0.0852222591638565,okay
0.7744377255439758,0.8042752146720886,8.193686085178342e-08,0.720715343952179,0.76265549659729,-0.015738606452941895,0.6745857000350952,0.6941161751747131,-0.03157723322510719,0.6291797757148743,0.6639220714569092,-0.04860713705420494,0.594383955001831,0.6455181241035461,-0.06597620248794556,0.7194955945014954,0.5931553244590759,-0.01693418063223362,0.6764144897460938,0.5475797653198242,-0.048737067729234695,0.638824462890625,0.5582405924797058,-0.07625693082809448,0.6056120991706848,0.5827431082725525,-0.0920245349407196,0.7482252717018127,0.5920683145523071,-0.026460876688361168,0.7246946692466736,0.5086644291877747,-0.05070699378848076,0.7019209861755371,0.4757571518421173,-0.07039733231067657,0.681418776512146,0.462978720664978,-0.08288406580686569,0.7831391096115112,0.6147411465644836,-0.03987742215394974,0.7741977572441101,0.5466768741607666,-0.061122823506593704,0.7525273561477661,0.5305076241493225,-0.07131320238113403,0.7330358624458313,0.5225399136543274,-0.07736106216907501,0.816514253616333,0.6549297571182251,-0.05522032082080841,0.8400045037269592,0.6075835824012756,-0.07324902713298798,0.8556144833564758,0.5724955797195435,-0.07947142422199249,0.8665910959243774,0.5372389554977417,-0.08304526656866074,okay
0.7721703052520752,0.8014285564422607,-7.236261723164716e-08,0.7204545736312866,0.759899914264679,-0.01555291935801506,0.6750800013542175,0.6932272911071777,-0.03012939728796482,0.6294094324111938,0.6625624299049377,-0.0464269183576107,0.5954257249832153,0.6358000040054321,-0.06289976090192795,0.7212241888046265,0.592959463596344,-0.005260632839053869,0.6838322877883911,0.5465792417526245,-0.03437682241201401,0.6459384560585022,0.5503894090652466,-0.06286300718784332,0.6132398843765259,0.5691286325454712,-0.08015701919794083,0.7488139867782593,0.5937677621841431,-0.013398631475865841,0.7239020466804504,0.5297399759292603,-0.04019739106297493,0.6931479573249817,0.5280998945236206,-0.062219131737947464,0.6660323143005371,0.5420020818710327,-0.07413118332624435,0.7836188673973083,0.6126229166984558,-0.026010405272245407,0.7761383056640625,0.5487252473831177,-0.04723197594285011,0.7535540461540222,0.5342535972595215,-0.05883870646357536,0.7340908646583557,0.5268039107322693,-0.06497159600257874,0.8165450096130371,0.6488527059555054,-0.04068829491734505,0.8418451547622681,0.6005476117134094,-0.05743303522467613,0.8570730686187744,0.565649688243866,-0.06511418521404266,0.8688464164733887,0.531204879283905,-0.06937693059444427,okay
0.7712595462799072,0.799426794052124,2.4213326810240687e-07,0.7210018634796143,0.7633180618286133,-0.022608336061239243,0.675206184387207,0.6951265931129456,-0.03879564628005028,0.628707230091095,0.6651698350906372,-0.05499475449323654,0.5936090350151062,0.6442741751670837,-0.0721033364534378,0.7159696221351624,0.5905734896659851,-0.014663727954030037,0.6783733367919922,0.548614501953125,-0.046751804649829865,0.6426699757575989,0.554592490196228,-0.07647724449634552,0.6143372058868408,0.5715959072113037,-0.09355749189853668,0.7472718954086304,0.5803569555282593,-0.02127281203866005,0.730172872543335,0.49380290508270264,-0.03946353495121002,0.7184710502624512,0.4393828511238098,-0.05702152103185654,0.7132568359375,0.3990752398967743,-0.0691642090678215,0.783359706401825,0.6008059978485107,-0.033563435077667236,0.7892215847969055,0.5115863084793091,-0.055275700986385345,0.7877923250198364,0.45371824502944946,-0.07223919034004211,0.7875074744224548,0.40491464734077454,-0.08344253897666931,0.8171337246894836,0.6436872482299805,-0.04777281731367111,0.843726634979248,0.5955086946487427,-0.06810620427131653,0.8623250126838684,0.5588985085487366,-0.07606647908687592,0.8771342039108276,0.521133303642273,-0.08060630410909653,okay
0.7736194133758545,0.8020934462547302,-4.480255810790368e-08,0.7242583632469177,0.7619150876998901,-0.013049229048192501,0.6747137308120728,0.6932457685470581,-0.025464436039328575,0.6294069290161133,0.664428174495697,-0.03928195312619209,0.5949779152870178,0.6423164010047913,-0.053258538246154785,0.7222269177436829,0.6016532182693481,-0.009652649983763695,0.6855596899986267,0.5592586994171143,-0.03947554528713226,0.6505337357521057,0.5567271113395691,-0.06756386905908585,0.6158278584480286,0.5693021416664124,-0.0853922888636589,0.7507935762405396,0.6025031805038452,-0.019537396728992462,0.7241753339767456,0.5399578213691711,-0.052837781608104706,0.6891430616378784,0.5382307767868042,-0.07990451902151108,0.6564761400222778,0.5515384078025818,-0.0951845720410347,0.7854349613189697,0.6185099482536316,-0.03275438770651817,0.7714970111846924,0.5633890628814697,-0.06172157824039459,0.7411944270133972,0.5640122890472412,-0.07816421985626221,0.7144423127174377,0.569295346736908,-0.08620109409093857,0.8195822834968567,0.6498777270317078,-0.047110848128795624,0.8459689617156982,0.6013041734695435,-0.06951870769262314,0.8632558584213257,0.5675495862960815,-0.08156496286392212,0.8759527802467346,0.5352632403373718,-0.08881465345621109,okay
0.7717629075050354,0.801788330078125,7.364380394392356e-08,0.723825216293335,0.7602172493934631,-0.014203771948814392,0.6768600940704346,0.691991925239563,-0.025996116921305656,0.6331562995910645,0.6626468896865845,-0.03872184455394745,0.5984180569648743,0.6475985646247864,-0.05177106335759163,0.7179991006851196,0.5953469276428223,-0.006444673519581556,0.6890908479690552,0.5517125725746155,-0.029914434999227524,0.6607207655906677,0.5450804233551025,-0.05163201689720154,0.6347217559814453,0.551506519317627,-0.06550444662570953,0.7489368915557861,0.5942274928092957,-0.0154818594455719,0.7284641861915588,0.5237058401107788,-0.04011220484972,0.700761616230011,0.5161631107330322,-0.06008581444621086,0.6772734522819519,0.524946391582489,-0.07105080038309097,0.7844234108924866,0.6127319931983948,-0.028150372207164764,0.7768300771713257,0.5514506697654724,-0.051968347281217575,0.7526407837867737,0.5451924800872803,-0.06559592485427856,0.7315127849578857,0.5461444854736328,-0.07256032526493073,0.8178388476371765,0.6489201784133911,-0.042010389268398285,0.8425175547599792,0.6024728417396545,-0.0614195391535759,0.8583433032035828,0.5729293823242188,-0.07093636691570282,0.8694785833358765,0.5455462336540222,-0.07655712962150574,okay
0.775656521320343,0.8048398494720459,-1.0909808167980373e-07,0.7242624759674072,0.7625593543052673,-0.010554887354373932,0.6804074645042419,0.697327196598053,-0.02222069352865219,0.638817548751831,0.6701101660728455,-0.03613746166229248,0.6063926219940186,0.6527856588363647,-0.050535764545202255,0.7246930003166199,0.5986586809158325,-0.00410186592489481,0.6880484819412231,0.5573131442070007,-0.033739157021045685,0.6516463160514832,0.5606135725975037,-0.0631658211350441,0.6181584000587463,0.5798362493515015,-0.08116386830806732,0.7534538507461548,0.601787805557251,-0.014667789451777935,0.728018581867218,0.538070797920227,-0.04599098488688469,0.6974389553070068,0.538129448890686,-0.07220321148633957,0.6688312888145447,0.5544941425323486,-0.08606818318367004,0.7879754304885864,0.6204213500022888,-0.028740916401147842,0.7777261734008789,0.5650173425674438,-0.05351350083947182,0.7523534297943115,0.5593400597572327,-0.06865022331476212,0.7301702499389648,0.5589188933372498,-0.07608506083488464,0.8217370510101318,0.6546100378036499,-0.04419369995594025,0.8443947434425354,0.6100509166717529,-0.06224421411752701,0.8602716326713562,0.5803602337837219,-0.07131154090166092,0.8732579946517944,0.5508391857147217,-0.07641962915658951,okay
0.7765331268310547,0.8087528944015503,-4.6823398491824264e-08,0.7255647778511047,0.7669253349304199,-0.013299030251801014,0.681325376033783,0.7012338638305664,-0.02740505337715149,0.6381329298019409,0.6742842793464661,-0.04321965575218201,0.6045277118682861,0.6561985015869141,-0.05935239419341087,0.7257363796234131,0.6080697774887085,-0.009959155693650246,0.6946821212768555,0.5560426712036133,-0.04043014720082283,0.662080705165863,0.5499881505966187,-0.06835640966892242,0.6317765116691589,0.5617684125900269,-0.08534318953752518,0.7542431354522705,0.6099057793617249,-0.019995085895061493,0.7331018447875977,0.5403889417648315,-0.05470755323767662,0.7019959092140198,0.5396732091903687,-0.08005627244710922,0.6735533475875854,0.5586680769920349,-0.09242258965969086,0.787999153137207,0.627757728099823,-0.03373456001281738,0.7782624959945679,0.5650214552879333,-0.06164512038230896,0.7505605220794678,0.5590300559997559,-0.07694382220506668,0.7254492044448853,0.5617051124572754,-0.08357654511928558,0.820909321308136,0.6609624028205872,-0.04877724498510361,0.8451340198516846,0.6111961007118225,-0.06859096884727478,0.8575872182846069,0.5781867504119873,-0.07907544076442719,0.86556077003479,0.5472756028175354,-0.08512620627880096,okay
0.7747532725334167,0.8089154362678528,-1.0688113150081335e-07,0.7246177196502686,0.7691824436187744,-0.01069074496626854,0.6825206279754639,0.6998355388641357,-0.022095536813139915,0.6395456194877625,0.6735624074935913,-0.03557674586772919,0.6061544418334961,0.6533927321434021,-0.04957500472664833,0.7250932455062866,0.6047099828720093,0.003936746157705784,0.6989465951919556,0.553907036781311,-0.02169075794517994,0.6683458089828491,0.5449578166007996,-0.04848622903227806,0.6401338577270508,0.5499688982963562,-0.06594870239496231,0.753416895866394,0.6051132082939148,-0.008040779270231724,0.736918032169342,0.5278311967849731,-0.04088911786675453,0.7093271613121033,0.5316761136054993,-0.06584230065345764,0.6863070130348206,0.5551329851150513,-0.0749342292547226,0.7869871854782104,0.6225950717926025,-0.02400366961956024,0.7951604723930359,0.5398961901664734,-0.04653847590088844,0.7922182083129883,0.4960910677909851,-0.060818471014499664,0.7902214527130127,0.46189427375793457,-0.06724496185779572,0.8197833895683289,0.6576783061027527,-0.041246067732572556,0.8445010185241699,0.6139894723892212,-0.05553892254829407,0.8587256669998169,0.5799177289009094,-0.060488175600767136,0.8699158430099487,0.5437101125717163,-0.06264214217662811,okay
0.7736979126930237,0.8028955459594727,9.377191645398852e-08,0.7253276109695435,0.7642677426338196,-0.01612214185297489,0.6791333556175232,0.6990112066268921,-0.029512017965316772,0.6357942223548889,0.6727964282035828,-0.043992578983306885,0.6033786535263062,0.6468537449836731,-0.059062808752059937,0.7227792739868164,0.596153736114502,-0.012383499182760715,0.6828784346580505,0.5509665608406067,-0.04527607560157776,0.6468220353126526,0.5561906695365906,-0.07523122429847717,0.6163660287857056,0.5760816335678101,-0.09247197210788727,0.7522826790809631,0.5915647745132446,-0.02194310538470745,0.737467348575592,0.5095885396003723,-0.0451379157602787,0.7189074158668518,0.47476494312286377,-0.06411541998386383,0.7025936245918274,0.4583668112754822,-0.07524072378873825,0.7867018580436707,0.6098747253417969,-0.03628978133201599,0.7962191700935364,0.5271584391593933,-0.05877276510000229,0.7971992492675781,0.4807581901550293,-0.07102242857217789,0.7971037030220032,0.4428574740886688,-0.07804303616285324,0.8196256160736084,0.6461769342422485,-0.05244148150086403,0.853570282459259,0.5986657738685608,-0.07342978566884995,0.8744779825210571,0.5594071745872498,-0.08024093508720398,0.8902438282966614,0.5191532969474792,-0.08294700086116791,okay
0.7747711539268494,0.8013656735420227,9.749481222343093e-08,0.7262628674507141,0.7641204595565796,-0.016768623143434525,0.6802389025688171,0.6993472576141357,-0.031942952424287796,0.6350630521774292,0.6739221811294556,-0.048586517572402954,0.6005145907402039,0.6484097838401794,-0.06579400599002838,0.7230035066604614,0.5951663255691528,-0.012148494832217693,0.6821485757827759,0.5493379831314087,-0.04836332052946091,0.6444852352142334,0.5578702092170715,-0.08175399154424667,0.6114500164985657,0.5809759497642517,-0.1011003851890564,0.7515636086463928,0.5931386351585388,-0.02217600680887699,0.7380373477935791,0.5093899965286255,-0.047867048531770706,0.7203370332717896,0.4789113998413086,-0.06829070299863815,0.7036543488502502,0.4664877653121948,-0.07927176356315613,0.7852571606636047,0.6140579581260681,-0.03724589943885803,0.7922505736351013,0.5275301933288574,-0.05989468842744827,0.7920591235160828,0.4835449159145355,-0.07063063979148865,0.7911261320114136,0.447964072227478,-0.07604489475488663,0.8181722164154053,0.6526786088943481,-0.05446696653962135,0.8498876094818115,0.6091387867927551,-0.07538703083992004,0.8687121868133545,0.5741791725158691,-0.08070012927055359,0.8829164505004883,0.5380629897117615,-0.08174315094947815,okay
0.7694844603538513,0.7975379228591919,1.5633594330211054e-07,0.7229407429695129,0.7639117240905762,-0.01569391041994095,0.6780761480331421,0.6981319785118103,-0.027483278885483742,0.6352784633636475,0.6696045398712158,-0.04030892252922058,0.6044697165489197,0.6422082781791687,-0.05322644114494324,0.7191251516342163,0.5976666808128357,-0.009004288353025913,0.6849819421768188,0.5497404932975769,-0.04028434678912163,0.6511526107788086,0.55146723985672,-0.06883429735898972,0.6210142970085144,0.5681315064430237,-0.08597619086503983,0.7497721910476685,0.5946465134620667,-0.018719382584095,0.7384101152420044,0.5111673474311829,-0.04080735892057419,0.7218494415283203,0.4734385013580322,-0.05995908007025719,0.7086797952651978,0.451910138130188,-0.07199426740407944,0.7839557528495789,0.6158987283706665,-0.03356677666306496,0.7964121699333191,0.5316329598426819,-0.05700249597430229,0.7957890033721924,0.4850749373435974,-0.07139437645673752,0.7947747707366943,0.446034699678421,-0.08010561764240265,0.8176885843276978,0.6541954278945923,-0.0499846413731575,0.8528667688369751,0.6052196621894836,-0.0731552466750145,0.8751058578491211,0.5676644444465637,-0.0825408473610878,0.8914989233016968,0.5287106037139893,-0.08745919167995453,okay
0.7720190286636353,0.7996857166290283,-3.1791188348506694e-08,0.7237644195556641,0.762406587600708,-0.012418054975569248,0.6749751567840576,0.6976207494735718,-0.02619301900267601,0.6309683322906494,0.6705514192581177,-0.041614145040512085,0.6013127565383911,0.6420854926109314,-0.05699988454580307,0.7231495380401611,0.6070863008499146,-0.014355406165122986,0.6872774362564087,0.5603647232055664,-0.04844724014401436,0.6492415070533752,0.5642648339271545,-0.08005796372890472,0.6143043041229248,0.5845713019371033,-0.10003197938203812,0.7522070407867432,0.60898357629776,-0.025814782828092575,0.7342376112937927,0.5423176884651184,-0.06270139664411545,0.6986303925514221,0.535972535610199,-0.09246736764907837,0.6652944684028625,0.5463434457778931,-0.10957854241132736,0.7867450714111328,0.6263207793235779,-0.0404563806951046,0.7765926122665405,0.5645871758460999,-0.07049345225095749,0.7448046207427979,0.5599144101142883,-0.08836690336465836,0.7172669768333435,0.5615933537483215,-0.09821241348981857,0.8212472200393677,0.6592490673065186,-0.056199267506599426,0.8493604063987732,0.6097552180290222,-0.08097492158412933,0.8666861057281494,0.5752646327018738,-0.09411875158548355,0.8805961012840271,0.5427401661872864,-0.10215970873832703,okay
0.7668915390968323,0.7921918630599976,2.7267216751170054e-07,0.7206583023071289,0.7584110498428345,-0.018014339730143547,0.6765657067298889,0.6975960731506348,-0.03211616724729538,0.6346303224563599,0.6700218319892883,-0.0471186600625515,0.6036261916160583,0.6445591449737549,-0.06234277784824371,0.7176387310028076,0.5885456800460815,-0.012274032458662987,0.681167483329773,0.5478153824806213,-0.047052670270204544,0.6462708711624146,0.5547105669975281,-0.07764115929603577,0.6170562505722046,0.5768635869026184,-0.09474445879459381,0.7501060366630554,0.5852689146995544,-0.022153137251734734,0.7430521249771118,0.49661785364151,-0.041049666702747345,0.733151376247406,0.44868630170822144,-0.05671828240156174,0.7251012325286865,0.41475290060043335,-0.06661179661750793,0.784699559211731,0.6096681356430054,-0.0378030426800251,0.799719512462616,0.5262840986251831,-0.05966219678521156,0.8026062846183777,0.4756239056587219,-0.07062634080648422,0.8028945326805115,0.43300819396972656,-0.07667497545480728,0.8174436688423157,0.6529365181922913,-0.055540524423122406,0.8509557247161865,0.606456458568573,-0.07839055359363556,0.8725349307060242,0.5707458257675171,-0.08451329916715622,0.8875710368156433,0.5342700481414795,-0.08608230203390121,okay
0.766686201095581,0.798254668712616,1.611339506268905e-08,0.720802366733551,0.7617299556732178,-0.016087135300040245,0.6753393411636353,0.700289249420166,-0.030574699863791466,0.6326761841773987,0.673364520072937,-0.04556169733405113,0.6019318699836731,0.6524845361709595,-0.060846954584121704,0.7193219661712646,0.6115079522132874,-0.017157305032014847,0.6907021999359131,0.5642468333244324,-0.04807378351688385,0.6575015783309937,0.5586352944374084,-0.07477035373449326,0.6272638440132141,0.5709495544433594,-0.09084819257259369,0.7489963173866272,0.6118257641792297,-0.02502925507724285,0.7294405102729797,0.5458483695983887,-0.05951407551765442,0.695320725440979,0.5444822907447815,-0.08459965884685516,0.6668725609779358,0.5615469217300415,-0.09756754338741302,0.7830543518066406,0.6285454630851746,-0.03620088845491409,0.7739757299423218,0.5695487856864929,-0.06615827977657318,0.7427635788917542,0.5700756907463074,-0.08214190602302551,0.7179102897644043,0.5799885392189026,-0.08902302384376526,0.8168945908546448,0.6608744859695435,-0.04847380891442299,0.8428055644035339,0.6115496158599854,-0.07234731316566467,0.8559573292732239,0.5776047110557556,-0.08502782136201859,0.8664799332618713,0.5491935610771179,-0.09190119057893753,okay
0.7647445797920227,0.7909979820251465,2.204588867016355e-08,0.7194538116455078,0.7558417916297913,-0.018674684688448906,0.6739715933799744,0.6963960528373718,-0.035622090101242065,0.6306368708610535,0.6712814569473267,-0.052436962723731995,0.5989620089530945,0.6520965099334717,-0.069728784263134,0.7175042629241943,0.6014895439147949,-0.02521388791501522,0.6830545663833618,0.5576980113983154,-0.05697678029537201,0.6467490196228027,0.5631384253501892,-0.08464968949556351,0.6161671280860901,0.584567666053772,-0.10148400068283081,0.7482687830924988,0.6031222939491272,-0.031762219965457916,0.7287030816078186,0.5441989898681641,-0.06533262133598328,0.6956108212471008,0.5458765625953674,-0.08966078609228134,0.6686885356903076,0.561951220035553,-0.10303699225187302,0.7826839685440063,0.6223950386047363,-0.041244808584451675,0.7770673632621765,0.5691966414451599,-0.06872661411762238,0.7496640086174011,0.5723719596862793,-0.08268547803163528,0.7290208339691162,0.5813007950782776,-0.08948659151792526,0.8158454895019531,0.6572105288505554,-0.052151571959257126,0.8409436941146851,0.6084973216056824,-0.07539123296737671,0.855215311050415,0.5742029547691345,-0.08625972270965576,0.8677440881729126,0.5441851615905762,-0.0920213907957077,okay
0.7707851529121399,0.8026502132415771,1.3559643718963343e-07,0.7215758562088013,0.764246940612793,-0.013819120824337006,0.6751168966293335,0.6997925639152527,-0.028602205216884613,0.6319166421890259,0.6737419962882996,-0.044218968600034714,0.5987385511398315,0.6571316719055176,-0.06050286069512367,0.7210491299629211,0.6104755401611328,-0.016728991642594337,0.6937916278839111,0.5640139579772949,-0.04608962684869766,0.664778470993042,0.5524442195892334,-0.07103937119245529,0.6354936361312866,0.5568254590034485,-0.08632960170507431,0.7488810420036316,0.6100658178329468,-0.027370719239115715,0.7274380922317505,0.5327605605125427,-0.058814406394958496,0.6945696473121643,0.5174288749694824,-0.08106725662946701,0.6660685539245605,0.5203484296798706,-0.09298919141292572,0.7829216718673706,0.6299001574516296,-0.04113887622952461,0.7732911705970764,0.5663344860076904,-0.06996125727891922,0.739775538444519,0.5684453845024109,-0.08280619978904724,0.7106427550315857,0.5757321715354919,-0.08809608221054077,0.8153828382492065,0.6671702265739441,-0.05594988912343979,0.8397939801216125,0.6178334951400757,-0.07895828783512115,0.8537747859954834,0.5856260657310486,-0.08878405392169952,0.8641384243965149,0.5541285872459412,-0.09410830587148666,okay
0.7690337896347046,0.8009086847305298,1.6363931365503959e-07,0.7220726013183594,0.7629908323287964,-0.016161510720849037,0.6773079633712769,0.6994166970252991,-0.02895643189549446,0.6344830989837646,0.6743797063827515,-0.04201410338282585,0.6025501489639282,0.6579924821853638,-0.05623939633369446,0.7208483219146729,0.6058098673820496,-0.01237450446933508,0.6967912316322327,0.5606273412704468,-0.03783736750483513,0.6688169836997986,0.5457761287689209,-0.06165986508131027,0.6403620839118958,0.5442363023757935,-0.07705089449882507,0.7481585144996643,0.604322075843811,-0.021342406049370766,0.7306933403015137,0.525435209274292,-0.04331284761428833,0.7095934748649597,0.49051573872566223,-0.06270341575145721,0.6923096776008606,0.4693417549133301,-0.07528228312730789,0.7810044288635254,0.6248711347579956,-0.034269046038389206,0.7870546579360962,0.5483432412147522,-0.056350115686655045,0.779985785484314,0.5116076469421387,-0.07182316482067108,0.7729097008705139,0.48070937395095825,-0.08213382214307785,0.8126776218414307,0.6631682515144348,-0.04851816967129707,0.8372463583946228,0.6177666783332825,-0.06819511204957962,0.8523385524749756,0.5843316912651062,-0.07714252918958664,0.8637664914131165,0.5493770837783813,-0.0832202360033989,okay
0.7698667049407959,0.802855372428894,5.672182723515107e-08,0.7215828895568848,0.7664223909378052,-0.01400818396359682,0.6765908002853394,0.7008461952209473,-0.02725411206483841,0.633641242980957,0.6745729446411133,-0.04129301384091377,0.5998659133911133,0.6607886552810669,-0.05601874366402626,0.7213618755340576,0.6116041541099548,-0.012426258996129036,0.6961196660995483,0.5642209649085999,-0.038672756403684616,0.6664309501647949,0.5502083897590637,-0.0622696727514267,0.6367154717445374,0.552467405796051,-0.07689204812049866,0.7497962117195129,0.6128978133201599,-0.021354207769036293,0.7307839393615723,0.5429949760437012,-0.05055120587348938,0.7004135251045227,0.5354219675064087,-0.07192061841487885,0.6733271479606628,0.5453905463218689,-0.08254603296518326,0.7836003303527832,0.6329789161682129,-0.03341863304376602,0.779918909072876,0.5706362128257751,-0.05834583565592766,0.7525571584701538,0.5639426708221436,-0.07057655602693558,0.727847158908844,0.5629862546920776,-0.07577493041753769,0.8146234154701233,0.6692261099815369,-0.04667161405086517,0.8368119597434998,0.6209912300109863,-0.0663922131061554,0.8499584794044495,0.5879601836204529,-0.07489471137523651,0.8604546189308167,0.5560436248779297,-0.07922792434692383,okay
0.7764142155647278,0.8090968132019043,2.72232142606299e-07,0.7218649983406067,0.7766993641853333,-0.020164769142866135,0.6731449961662292,0.708559513092041,-0.03345084190368652,0.6259089708328247,0.6804639101028442,-0.047206468880176544,0.5910121202468872,0.6606854796409607,-0.06132005527615547,0.7146308422088623,0.6028692722320557,-0.014988445676863194,0.6751564741134644,0.5569339990615845,-0.044451940804719925,0.6378738284111023,0.5615086555480957,-0.06921933591365814,0.6074874997138977,0.5779035687446594,-0.0825219377875328,0.7464140057563782,0.5941057801246643,-0.021746765822172165,0.7336227297782898,0.5092209577560425,-0.03639328479766846,0.726235568523407,0.4549592435359955,-0.04729364812374115,0.722655713558197,0.4156467318534851,-0.05385703966021538,0.7818070650100708,0.6162306666374207,-0.03392016515135765,0.7917211055755615,0.5316525101661682,-0.0519878976047039,0.7975717186927795,0.4822450280189514,-0.06001478061079979,0.8028433918952942,0.44278034567832947,-0.0641353577375412,0.8133589029312134,0.6593198776245117,-0.048398617655038834,0.8413607478141785,0.6161096096038818,-0.06944165378808975,0.8609148263931274,0.5824313759803772,-0.07436657696962357,0.8767476081848145,0.5488607883453369,-0.07473212480545044,okay
0.7802702784538269,0.815056562423706,3.9166057064221604e-08,0.7242463827133179,0.7793919444084167,-0.015154775232076645,0.6765843629837036,0.7134612798690796,-0.030153442174196243,0.6305485963821411,0.6862985491752625,-0.04628496617078781,0.5945635437965393,0.6693128943443298,-0.06411001831293106,0.7198760509490967,0.611806333065033,-0.015071527101099491,0.6796286702156067,0.564751386642456,-0.04534770920872688,0.6407748460769653,0.5644910335540771,-0.0732010006904602,0.604987621307373,0.575738251209259,-0.09063954651355743,0.7484826445579529,0.6065784692764282,-0.025779621675610542,0.7243189215660095,0.5256920456886292,-0.05031360313296318,0.7007078528404236,0.4949573278427124,-0.07097509503364563,0.6814005374908447,0.48079293966293335,-0.08391553908586502,0.782006561756134,0.6273060441017151,-0.040549006313085556,0.7902158498764038,0.5391497611999512,-0.06311868131160736,0.7910498976707458,0.4949842691421509,-0.07913725823163986,0.7918928861618042,0.4584903120994568,-0.09033337235450745,0.8139072060585022,0.6690080165863037,-0.056600164622068405,0.8411741852760315,0.627352237701416,-0.07833964377641678,0.8576911687850952,0.5955115556716919,-0.08760547637939453,0.8694260120391846,0.5607138276100159,-0.09361928701400757,okay
0.7745769619941711,0.8095810413360596,6.31873930956317e-08,0.7197922468185425,0.7725992798805237,-0.015118089504539967,0.6724969744682312,0.7057809233665466,-0.028008460998535156,0.6274653673171997,0.677584707736969,-0.04191352799534798,0.5928489565849304,0.657800018787384,-0.05669575184583664,0.7179240584373474,0.6064741611480713,-0.01410401239991188,0.6802247166633606,0.5602272152900696,-0.042045339941978455,0.6432265639305115,0.56197190284729,-0.06640105694532394,0.6089326739311218,0.5758424997329712,-0.0808081403374672,0.7470411658287048,0.6035390496253967,-0.02284182980656624,0.7257296442985535,0.5285310745239258,-0.041125793009996414,0.7053897976875305,0.49525296688079834,-0.05620937421917915,0.6885849237442017,0.47660842537879944,-0.06663350015878677,0.7821217179298401,0.6250547170639038,-0.035950347781181335,0.7812590003013611,0.5525028705596924,-0.05443882569670677,0.7741020917892456,0.5172415971755981,-0.06563329696655273,0.7688815593719482,0.49123311042785645,-0.07368610799312592,0.8154140710830688,0.6647036671638489,-0.050798449665308,0.8414857983589172,0.6214696168899536,-0.06986597180366516,0.8582358956336975,0.5860376358032227,-0.07788290083408356,0.8720002174377441,0.5501822829246521,-0.08287662267684937,okay
0.7709397673606873,0.8047014474868774,5.695701332797398e-08,0.7211493849754333,0.7702264785766602,-0.014961596578359604,0.6738601326942444,0.7059592008590698,-0.025731397792696953,0.6288273334503174,0.6805961728096008,-0.03715872764587402,0.5954524278640747,0.6637991666793823,-0.049950286746025085,0.7204198837280273,0.6129530072212219,-0.007583335041999817,0.691317081451416,0.5676043629646301,-0.031036434695124626,0.6635825634002686,0.5531138181686401,-0.05349442735314369,0.6361004114151001,0.5494094491004944,-0.0680914893746376,0.750636875629425,0.6065769195556641,-0.01619420386850834,0.7287170886993408,0.5313521027565002,-0.034336041659116745,0.7060721516609192,0.5040686130523682,-0.05026760697364807,0.6872297525405884,0.4911271333694458,-0.06028590723872185,0.7855749130249023,0.6247451901435852,-0.029022375121712685,0.7930633425712585,0.5422978401184082,-0.04913180693984032,0.7903196811676025,0.5004734396934509,-0.062016040086746216,0.7876976728439331,0.4665300250053406,-0.07041487842798233,0.8179050087928772,0.6628983020782471,-0.04309772327542305,0.8443308472633362,0.6210449934005737,-0.06236285716295242,0.8591627478599548,0.5893858671188354,-0.06997107714414597,0.8702347278594971,0.5555250644683838,-0.07450006902217865,okay
0.7945120930671692,0.7885826826095581,3.293322095032636e-07,0.7512609362602234,0.755066454410553,-0.009459122084081173,0.7194861769676208,0.6986021995544434,-0.0190009493380785,0.6974517703056335,0.6595750451087952,-0.029878854751586914,0.6825838088989258,0.6322104334831238,-0.04130130633711815,0.7344215512275696,0.6185501217842102,-0.011335499584674835,0.7056583166122437,0.5681909322738647,-0.03652659058570862,0.6792136430740356,0.5457655787467957,-0.05760987475514412,0.656957745552063,0.5336992740631104,-0.06991158425807953,0.7615466713905334,0.6106166839599609,-0.02045494131743908,0.7476988434791565,0.5296913385391235,-0.03681030869483948,0.7425540089607239,0.4716658592224121,-0.04982679709792137,0.7435839772224426,0.4270361661911011,-0.058016419410705566,0.793049156665802,0.6260756850242615,-0.03278311714529991,0.7928819060325623,0.5512331128120422,-0.05123575031757355,0.7940091490745544,0.5013619661331177,-0.062487903982400894,0.7978022694587708,0.4620620608329773,-0.06897816061973572,0.8270949125289917,0.6577711701393127,-0.045883603394031525,0.8498883247375488,0.6155463457107544,-0.06386437267065048,0.8675069808959961,0.5824486017227173,-0.06992586702108383,0.8837302327156067,0.5506359934806824,-0.07222360372543335,okay
0.7684907913208008,0.8055854439735413,8.779633020594702e-08,0.7231041789054871,0.7705475687980652,-0.01556053850799799,0.6770128011703491,0.7022923827171326,-0.029148144647479057,0.6345732808113098,0.6739080548286438,-0.0429786741733551,0.6019178032875061,0.6571787595748901,-0.05752071738243103,0.7197207808494568,0.6050638556480408,-0.017055394127964973,0.6799665689468384,0.5682064890861511,-0.04670250043272972,0.6431350708007812,0.5784223675727844,-0.074434794485569,0.6125193238258362,0.6019789576530457,-0.09193918108940125,0.7499792575836182,0.6049242615699768,-0.026888107880949974,0.7278957366943359,0.5296620726585388,-0.053442828357219696,0.7007803916931152,0.5092124938964844,-0.07676438242197037,0.6787917017936707,0.5057371258735657,-0.09164249897003174,0.785732090473175,0.62764573097229,-0.040131133049726486,0.7831087112426758,0.5605673789978027,-0.0643470510840416,0.7639330625534058,0.544268786907196,-0.0811481922864914,0.7486626505851746,0.5345286726951599,-0.09226057678461075,0.8207464814186096,0.6674546599388123,-0.05460727587342262,0.8493949174880981,0.6213052272796631,-0.07681994885206223,0.8682008385658264,0.5871826410293579,-0.0881970003247261,0.882591962814331,0.5532571077346802,-0.09593047201633453,okay
0.776343047618866,0.8030797243118286,-1.0453317322856037e-08,0.7270582914352417,0.7659581303596497,-0.012008310295641422,0.6825820207595825,0.7058076858520508,-0.024950245395302773,0.6399044990539551,0.6800326108932495,-0.03935403749346733,0.6084040403366089,0.6596226692199707,-0.05441342294216156,0.7264178395271301,0.6142975687980652,-0.009789666160941124,0.6984750628471375,0.5602594614028931,-0.0354960560798645,0.6662226915359497,0.5502939224243164,-0.05978114902973175,0.6369670629501343,0.5598976016044617,-0.07486472278833389,0.7532222867012024,0.6164785623550415,-0.01851717010140419,0.7308157682418823,0.5554701089859009,-0.04561680555343628,0.7003535628318787,0.5490004420280457,-0.06796187907457352,0.6745514273643494,0.5591091513633728,-0.0805320218205452,0.7859081029891968,0.6335383653640747,-0.03054547868669033,0.7793951034545898,0.5683679580688477,-0.052922122180461884,0.7584552764892578,0.5480246543884277,-0.06795337051153183,0.7404652237892151,0.5367368459701538,-0.07683790475130081,0.8188354969024658,0.6644790768623352,-0.0435711145401001,0.8413066267967224,0.6167119145393372,-0.061919644474983215,0.8547146320343018,0.5846014022827148,-0.07190591096878052,0.8655126094818115,0.5545592308044434,-0.07818029075860977,okay
0.7646424770355225,0.7917957305908203,2.974810229261493e-07,0.716317355632782,0.7575986385345459,-0.017645135521888733,0.6732779741287231,0.699347198009491,-0.03434573858976364,0.6319695711135864,0.674885630607605,-0.05122503638267517,0.5998854637145996,0.6546180844306946,-0.06978559494018555,0.7166180610656738,0.5997233390808105,-0.02459609881043434,0.6824724078178406,0.558802604675293,-0.05667674168944359,0.6470093727111816,0.5647363066673279,-0.0849466547369957,0.6179842948913574,0.5834658741950989,-0.10166406631469727,0.7468230724334717,0.5986659526824951,-0.03404609113931656,0.7380353212356567,0.5131798386573792,-0.053845521062612534,0.7281014323234558,0.4620758593082428,-0.07218882441520691,0.722098708152771,0.42574843764305115,-0.0857406035065651,0.780518114566803,0.6237726211547852,-0.047288112342357635,0.7898076772689819,0.5435399413108826,-0.06768064945936203,0.7903644442558289,0.49502596259117126,-0.0836254358291626,0.7895504832267761,0.45496416091918945,-0.09552282840013504,0.8135117888450623,0.666655957698822,-0.061813220381736755,0.8410221338272095,0.6186363697052002,-0.08186763525009155,0.8595213890075684,0.5831785798072815,-0.08961078524589539,0.8728909492492676,0.548080563545227,-0.09476099163293839,okay
0.7845421433448792,0.8067591190338135,6.605270641557581e-08,0.7328569293022156,0.7697519659996033,-0.014033676125109196,0.688158392906189,0.7102240920066833,-0.02787931263446808,0.6473255157470703,0.6828774213790894,-0.04311564937233925,0.6133004426956177,0.6678726673126221,-0.0590692013502121,0.7261590361595154,0.6084859371185303,-0.00641189469024539,0.7018344402313232,0.5539014935493469,-0.02968965284526348,0.6721653938293457,0.5388601422309875,-0.05109905079007149,0.6466389894485474,0.5360351800918579,-0.06453318893909454,0.7549700736999512,0.6068645119667053,-0.014336485415697098,0.7372241020202637,0.5375887155532837,-0.03961026668548584,0.7189847826957703,0.5331711769104004,-0.05931328609585762,0.7070887088775635,0.5410986542701721,-0.06893745064735413,0.7877084016799927,0.6214529871940613,-0.0258690994232893,0.7864611148834229,0.5525528788566589,-0.04510193318128586,0.7747517824172974,0.52951979637146,-0.057522304356098175,0.7660622596740723,0.5128717422485352,-0.06437709927558899,0.8192651867866516,0.6518048644065857,-0.03893100097775459,0.8387843370437622,0.6058958768844604,-0.05284035950899124,0.8502820730209351,0.5737590193748474,-0.05986488237977028,0.859571635723114,0.5415528416633606,-0.06399933248758316,okay
0.7903613448143005,0.8029845952987671,6.299477917082186e-08,0.7370278835296631,0.7656041979789734,-0.014389170333743095,0.6912470459938049,0.7083451747894287,-0.029425304383039474,0.6500959396362305,0.6812815070152283,-0.045558296144008636,0.6142653226852417,0.6651482582092285,-0.06284161657094955,0.7250163555145264,0.6045306921005249,-0.010778837837278843,0.6960242390632629,0.5550462603569031,-0.035480376332998276,0.6645376086235046,0.5439474582672119,-0.0583355575799942,0.6374684572219849,0.5437108874320984,-0.07294265180826187,0.7533043622970581,0.6017022728919983,-0.019381817430257797,0.7312297821044922,0.5316458940505981,-0.045209236443042755,0.709534227848053,0.523834228515625,-0.06568209826946259,0.6950592994689941,0.5303255915641785,-0.0764581635594368,0.7866082787513733,0.6179006099700928,-0.03160488232970238,0.7812440991401672,0.5415681004524231,-0.05130024626851082,0.7694283723831177,0.5044459104537964,-0.06729104369878769,0.7622413039207458,0.4768766164779663,-0.07793191820383072,0.8186255693435669,0.6519804000854492,-0.0450875498354435,0.8396510481834412,0.6052559018135071,-0.06035291776061058,0.8538996577262878,0.569193959236145,-0.06990344077348709,0.8667823672294617,0.533061146736145,-0.0768260657787323,okay
0.7890459895133972,0.7998709678649902,1.1465790805686993e-07,0.7363845109939575,0.7646198272705078,-0.015162277966737747,0.6915892958641052,0.7122993469238281,-0.03028259053826332,0.650239109992981,0.6888093948364258,-0.04684862494468689,0.6157718896865845,0.6726502180099487,-0.06445100903511047,0.7237512469291687,0.6082584857940674,-0.007166549563407898,0.698532223701477,0.5557447671890259,-0.03125490993261337,0.6669560670852661,0.5404475331306458,-0.054487355053424835,0.639284610748291,0.5379520058631897,-0.06922786682844162,0.7531324625015259,0.6047552824020386,-0.014704904519021511,0.7393461465835571,0.5349652171134949,-0.03840658813714981,0.723160445690155,0.5217105746269226,-0.05787765234708786,0.7126015424728394,0.5245489478111267,-0.06784350425004959,0.786327600479126,0.6179651021957397,-0.026159795001149178,0.7900637984275818,0.547156035900116,-0.04323013126850128,0.786287784576416,0.510828971862793,-0.05527997761964798,0.7852261066436768,0.4839504063129425,-0.06256378442049026,0.8193156719207764,0.6486486196517944,-0.03945750743150711,0.8387084007263184,0.6031330227851868,-0.05199465900659561,0.850508987903595,0.5681453347206116,-0.057640042155981064,0.8603063821792603,0.5333580374717712,-0.06100836023688316,okay
0.8017971515655518,0.769308865070343,-5.07084436662808e-08,0.7467973828315735,0.7431331872940063,-0.010686964727938175,0.7056759595870972,0.6998563408851624,-0.029383428394794464,0.6710888147354126,0.6765925288200378,-0.04961950704455376,0.6406272649765015,0.6577410101890564,-0.0731305405497551,0.7284016609191895,0.6065767407417297,-0.032630838453769684,0.6906850934028625,0.5552510023117065,-0.0649612620472908,0.6566272974014282,0.5458464026451111,-0.09065762162208557,0.6265526413917542,0.5469293594360352,-0.10701810568571091,0.7549079656600952,0.6070817112922668,-0.04533008113503456,0.7255430221557617,0.5431007742881775,-0.08258205652236938,0.6944135427474976,0.5399153828620911,-0.10771060734987259,0.6708802580833435,0.5502346754074097,-0.12177962809801102,0.785864531993866,0.6246157884597778,-0.059771470725536346,0.7800800204277039,0.5517498254776001,-0.09220071136951447,0.7641986608505249,0.524975597858429,-0.11380750685930252,0.7537664771080017,0.5092803835868835,-0.1267872303724289,0.8175605535507202,0.6563452482223511,-0.07374117523431778,0.8363881707191467,0.609195351600647,-0.10042315721511841,0.8477883338928223,0.5791430473327637,-0.1153118833899498,0.856708824634552,0.5496700406074524,-0.12542138993740082,okay
0.7709786295890808,0.7844517230987549,2.8474568125602673e-07,0.7213426828384399,0.7558432221412659,-0.01800590567290783,0.6766607761383057,0.6981263756752014,-0.03478435054421425,0.6385840177536011,0.672965943813324,-0.05116284638643265,0.6077160239219666,0.654779851436615,-0.06918268650770187,0.7129371166229248,0.5987648963928223,-0.032949235290288925,0.6760371923446655,0.5499469637870789,-0.06459712237119675,0.6422165036201477,0.556895911693573,-0.08909665048122406,0.6160792112350464,0.5748323798179626,-0.10321567952632904,0.7440813779830933,0.5953026413917542,-0.042093247175216675,0.7287665009498596,0.5109061002731323,-0.06451692432165146,0.7174349427223206,0.4580225944519043,-0.08205664902925491,0.712446391582489,0.4175412654876709,-0.09461618959903717,0.7774973511695862,0.6181882619857788,-0.05453214794397354,0.7847836017608643,0.536748468875885,-0.07838533073663712,0.7831005454063416,0.492598295211792,-0.09450837969779968,0.7817302942276001,0.45748665928840637,-0.10557107627391815,0.8114094734191895,0.6578574776649475,-0.06779143959283829,0.8350179195404053,0.6083354949951172,-0.09139881283044815,0.8511317372322083,0.5711187720298767,-0.10100913047790527,0.8629015684127808,0.5343176126480103,-0.10687848925590515,okay
0.7654664516448975,0.7869827747344971,-3.185630603752543e-08,0.7191900014877319,0.7574920058250427,-0.011343400925397873,0.6768432259559631,0.6985042095184326,-0.02304939366877079,0.6369414925575256,0.6740515232086182,-0.03589080646634102,0.6089182496070862,0.6568700671195984,-0.05000264570116997,0.7179230451583862,0.6124041676521301,-0.01048585306853056,0.6894639134407043,0.5593757033348083,-0.03546911105513573,0.6596497893333435,0.5540424585342407,-0.05864282324910164,0.6338561773300171,0.5646715760231018,-0.07311659306287766,0.7458116412162781,0.6104093790054321,-0.020490318536758423,0.7286052703857422,0.5362040996551514,-0.04820934310555458,0.7004662156105042,0.5276015996932983,-0.07002046704292297,0.6773089170455933,0.5364376306533813,-0.08076626062393188,0.7776983976364136,0.626793384552002,-0.03352595865726471,0.7840183973312378,0.5475756525993347,-0.05611744150519371,0.7736418843269348,0.512103796005249,-0.07317037135362625,0.765530526638031,0.48548489809036255,-0.08311004936695099,0.8091418743133545,0.659481942653656,-0.04705016314983368,0.8347398042678833,0.6122723817825317,-0.0656370148062706,0.8500919342041016,0.579392671585083,-0.07509966194629669,0.8617278337478638,0.5468577742576599,-0.08084723353385925,okay
0.7655217051506042,0.789054274559021,1.0808264505612897e-07,0.7190503478050232,0.7580617666244507,-0.014107638038694859,0.6755428314208984,0.6981587409973145,-0.02562924288213253,0.6344147324562073,0.6732527613639832,-0.03794541582465172,0.6039539575576782,0.656548261642456,-0.0516030490398407,0.7148686051368713,0.6086881756782532,-0.010781836695969105,0.6885082125663757,0.5610387921333313,-0.035660695284605026,0.6613882780075073,0.5484212636947632,-0.05877862498164177,0.6344178915023804,0.548578679561615,-0.07332007586956024,0.7431676983833313,0.6022763252258301,-0.01969810761511326,0.7261785864830017,0.5215837955474854,-0.04105355590581894,0.7056342363357544,0.49081265926361084,-0.05945182219147682,0.6886405944824219,0.47558194398880005,-0.07044016569852829,0.7760909199714661,0.6184507012367249,-0.03225162625312805,0.7861379981040955,0.5334974527359009,-0.0527128204703331,0.7855873107910156,0.4950799345970154,-0.06647361069917679,0.784425675868988,0.4653977155685425,-0.0749473124742508,0.8085106611251831,0.6526737213134766,-0.04593073949217796,0.834578275680542,0.6037276387214661,-0.06405837088823318,0.850718080997467,0.5667949914932251,-0.07187679409980774,0.8629173040390015,0.5289810299873352,-0.07665606588125229,okay
0.778954267501831,0.7800180315971375,2.5269885739476194e-08,0.7321438789367676,0.7516657114028931,-0.013153566047549248,0.6912813186645508,0.7047501802444458,-0.028320971876382828,0.6561313271522522,0.6780378818511963,-0.04364863410592079,0.6283684372901917,0.6592272520065308,-0.06114080920815468,0.7234066724777222,0.6205439567565918,-0.026585742831230164,0.6957436203956604,0.5710195302963257,-0.05361562594771385,0.6674262881278992,0.5532935857772827,-0.07568705826997757,0.6427860260009766,0.5478110313415527,-0.0898607075214386,0.7505514025688171,0.6191765666007996,-0.035361628979444504,0.7306758761405945,0.5579873323440552,-0.06469029188156128,0.7036798000335693,0.5405474901199341,-0.0852116122841835,0.683271586894989,0.5372483730316162,-0.09722745418548584,0.7811607122421265,0.6326940655708313,-0.04643181338906288,0.7804149389266968,0.5649480819702148,-0.07162749767303467,0.769364058971405,0.5277560949325562,-0.08909649401903152,0.762657105922699,0.49996432662010193,-0.10029436647891998,0.8118339776992798,0.6598700284957886,-0.05784381926059723,0.8314530849456787,0.6107659339904785,-0.07979460060596466,0.8435832262039185,0.5777595639228821,-0.0918487086892128,0.8538658618927002,0.5464425683021545,-0.09990408271551132,okay
0.7660828828811646,0.7736045718193054,1.0286748164389792e-07,0.7224939465522766,0.7463169693946838,-0.014396687969565392,0.6823440790176392,0.6972491145133972,-0.02732022851705551,0.6483359336853027,0.6701415181159973,-0.040033530443906784,0.6225991249084473,0.6506315469741821,-0.0540090948343277,0.7141071557998657,0.6095027923583984,-0.01941852830350399,0.6868070960044861,0.5621534585952759,-0.04226042702794075,0.6573216915130615,0.5545088648796082,-0.062171440571546555,0.6331283450126648,0.5598246455192566,-0.0744675025343895,0.743188202381134,0.6061756610870361,-0.025112630799412727,0.7268308997154236,0.5452972054481506,-0.04259795323014259,0.7077829241752625,0.5157243013381958,-0.05780452489852905,0.6945490837097168,0.4990076422691345,-0.06834699958562851,0.7750653028488159,0.6212849020957947,-0.033688630908727646,0.779879093170166,0.5527288317680359,-0.05143461748957634,0.7774786353111267,0.5120962858200073,-0.06505866348743439,0.7773848176002502,0.4793451428413391,-0.07474618405103683,0.8066856265068054,0.6522161960601807,-0.042913444340229034,0.8267394304275513,0.6098958849906921,-0.060808178037405014,0.8395228981971741,0.5776828527450562,-0.06880944967269897,0.8500223755836487,0.5470207929611206,-0.0738336592912674,okay
0.7559441328048706,0.7802324891090393,1.3365331064107977e-08,0.7127447128295898,0.7455383539199829,-0.010100600309669971,0.6763488054275513,0.6897248029708862,-0.021394062787294388,0.6429072022438049,0.6627528071403503,-0.03404732048511505,0.6166839003562927,0.6439900398254395,-0.048467669636011124,0.7115812301635742,0.6062424182891846,-0.012155487202107906,0.6783946752548218,0.5688433647155762,-0.03769119083881378,0.6473382115364075,0.5729688405990601,-0.06231609731912613,0.6214969158172607,0.5885650515556335,-0.07769858092069626,0.7393813133239746,0.6027103066444397,-0.022012876346707344,0.7226452231407166,0.541102945804596,-0.04451948031783104,0.6989971995353699,0.5198073387145996,-0.06476540863513947,0.6794344186782837,0.5110191106796265,-0.07706575840711594,0.7718302011489868,0.6185579895973206,-0.03451104462146759,0.7809293270111084,0.5487447381019592,-0.05529427528381348,0.7823557257652283,0.5061550140380859,-0.07136934250593185,0.7851769924163818,0.46829789876937866,-0.08187969774007797,0.8033035397529602,0.6510298252105713,-0.04739290103316307,0.8289093971252441,0.6094458699226379,-0.06686330586671829,0.845171332359314,0.5762424468994141,-0.07477986067533493,0.8592110276222229,0.5419654250144958,-0.0793476402759552,okay
0.7591699361801147,0.7898849248886108,8.395893758006423e-08,0.715495765209198,0.7571927309036255,-0.013483413495123386,0.6760674715042114,0.7024799585342407,-0.025949208065867424,0.6375404000282288,0.6786956191062927,-0.03950926288962364,0.6071710586547852,0.6625831127166748,-0.054470449686050415,0.714468240737915,0.6139151453971863,-0.008964590728282928,0.6857280731201172,0.5712278485298157,-0.036164235323667526,0.6558746695518494,0.5676395297050476,-0.062185369431972504,0.6296668648719788,0.5785509347915649,-0.07763256877660751,0.7418839931488037,0.6089515089988708,-0.01698640175163746,0.7315557599067688,0.5415205359458923,-0.03517099469900131,0.7191991806030273,0.5108660459518433,-0.05165817216038704,0.7102435827255249,0.494808167219162,-0.062112148851156235,0.7726877331733704,0.6251451969146729,-0.029045123606920242,0.7809159159660339,0.5546639561653137,-0.045579276978969574,0.7852630615234375,0.5118617415428162,-0.0561772882938385,0.7910770177841187,0.47525933384895325,-0.06331384181976318,0.80190110206604,0.6591533422470093,-0.0426328219473362,0.8230490684509277,0.6175101399421692,-0.0574825257062912,0.8375001549720764,0.5850826501846313,-0.06150006502866745,0.8498329520225525,0.5527398586273193,-0.06344104558229446,okay
0.7671661972999573,0.788123607635498,2.5674981429801846e-07,0.7190180420875549,0.7602975964546204,-0.018266962841153145,0.6746838092803955,0.7022261619567871,-0.03224611654877663,0.6347957253456116,0.6793091297149658,-0.04646936431527138,0.6025156378746033,0.6648043990135193,-0.06149323284626007,0.7107676267623901,0.6053997278213501,-0.017302734777331352,0.6761178970336914,0.5559267997741699,-0.04799535870552063,0.6426453590393066,0.5613351464271545,-0.0746910348534584,0.6147896647453308,0.5804582238197327,-0.08908747136592865,0.7412029504776001,0.5990995168685913,-0.02432362362742424,0.7303493022918701,0.5157312154769897,-0.039921555668115616,0.7218355536460876,0.46254467964172363,-0.054155755788087845,0.7172181010246277,0.42331528663635254,-0.06391015648841858,0.7732933163642883,0.6191425323486328,-0.03594863414764404,0.7820619344711304,0.539982795715332,-0.05142414569854736,0.7873613834381104,0.49857282638549805,-0.06024663895368576,0.7919707298278809,0.4640504717826843,-0.06609701365232468,0.8042370080947876,0.6570047736167908,-0.04969530180096626,0.8245291709899902,0.614362359046936,-0.06456299126148224,0.8378429412841797,0.5846853852272034,-0.0664086788892746,0.8480449318885803,0.5550113916397095,-0.06615589559078217,okay
0.7668415307998657,0.7914050817489624,2.379278924991013e-07,0.7177733778953552,0.7604876160621643,-0.01630452834069729,0.6739318370819092,0.7025229334831238,-0.029315724968910217,0.633792519569397,0.67864590883255,-0.04309353604912758,0.6030257940292358,0.6626129746437073,-0.05795099586248398,0.7122046947479248,0.6067966818809509,-0.014033805578947067,0.6788761019706726,0.5576111078262329,-0.04464855417609215,0.6455405950546265,0.5619893670082092,-0.07168904691934586,0.6169701814651489,0.5793730616569519,-0.0862840786576271,0.7417731285095215,0.6015108823776245,-0.02165008895099163,0.7345611453056335,0.5200194120407104,-0.03698641061782837,0.7272453904151917,0.4687274098396301,-0.05127708986401558,0.7233003973960876,0.43170708417892456,-0.06098369508981705,0.7731743454933167,0.6217721700668335,-0.03392833098769188,0.7820654511451721,0.5459259748458862,-0.04893098026514053,0.785750150680542,0.502444863319397,-0.05833735689520836,0.789483368396759,0.46549561619758606,-0.06476274877786636,0.8030726909637451,0.6597570776939392,-0.04819440096616745,0.8239079117774963,0.6187920570373535,-0.062396980822086334,0.837744414806366,0.5887253284454346,-0.06458941102027893,0.8490329384803772,0.5579254031181335,-0.0648212879896164,okay
0.7567679286003113,0.7798996567726135,1.0172406028630121e-08,0.7160161137580872,0.7445132732391357,-0.013686931692063808,0.6777933835983276,0.693458080291748,-0.028331143781542778,0.6427766680717468,0.6731041669845581,-0.043802160769701004,0.6147218942642212,0.6567679047584534,-0.06080881506204605,0.7163840532302856,0.6159325242042542,-0.022374305874109268,0.6809896230697632,0.5830325484275818,-0.05176851898431778,0.652219831943512,0.586502730846405,-0.07814697921276093,0.6270515322685242,0.6020172834396362,-0.09496676921844482,0.7453047633171082,0.6162342429161072,-0.03213213384151459,0.7283919453620911,0.5638618469238281,-0.06619430333375931,0.7037145495414734,0.5628421902656555,-0.09287229925394058,0.6801764965057373,0.5765098333358765,-0.10825704038143158,0.7764026522636414,0.6308042407035828,-0.04413013532757759,0.7721091508865356,0.5769063234329224,-0.07399632781744003,0.7526976466178894,0.5680916905403137,-0.09393084049224854,0.7342814207077026,0.5667403340339661,-0.10535918921232224,0.8064654469490051,0.6588448286056519,-0.056598588824272156,0.8293352723121643,0.6171836256980896,-0.08129914849996567,0.8407958745956421,0.5868543982505798,-0.09508262574672699,0.8482134938240051,0.5602986216545105,-0.10386338084936142,okay
0.7593005299568176,0.7884964942932129,2.6054523871721358e-08,0.7167844772338867,0.7502006888389587,-0.01016345527023077,0.6768590211868286,0.6951163411140442,-0.022010091692209244,0.6418541669845581,0.6719673871994019,-0.035097505897283554,0.6152164936065674,0.6542924046516418,-0.04938001558184624,0.7161704897880554,0.619994044303894,-0.015779776498675346,0.6834588050842285,0.58613520860672,-0.0440228246152401,0.6538284420967102,0.5838788151741028,-0.06991075724363327,0.6256784200668335,0.5943372249603271,-0.08639415353536606,0.7434576749801636,0.6202882528305054,-0.026920467615127563,0.723303496837616,0.5633865594863892,-0.05798362195491791,0.6919476389884949,0.5557788014411926,-0.08305905014276505,0.6620970368385315,0.5628911852836609,-0.09761907160282135,0.7750557065010071,0.6354442238807678,-0.04028761014342308,0.7663899064064026,0.5833914279937744,-0.06785014271736145,0.7394318580627441,0.578142523765564,-0.08460542559623718,0.7151604890823364,0.5783950090408325,-0.09374485164880753,0.8052338361740112,0.664862871170044,-0.054188843816518784,0.8281781673431396,0.6217455863952637,-0.07669840008020401,0.8407670259475708,0.5905795097351074,-0.08805637061595917,0.8498904705047607,0.5617087483406067,-0.09494481235742569,okay
0.7689950466156006,0.7852067947387695,2.0239126286014653e-07,0.7199315428733826,0.7580157518386841,-0.01683231256902218,0.6770275831222534,0.7047982215881348,-0.031051328405737877,0.641236424446106,0.6795212030410767,-0.04506909102201462,0.6142255067825317,0.6627042889595032,-0.05957431718707085,0.7075933218002319,0.6040418148040771,-0.024698352441191673,0.669198215007782,0.5634537935256958,-0.05422370508313179,0.636750340461731,0.5820814371109009,-0.07850386947393417,0.6133414506912231,0.609839141368866,-0.09218084067106247,0.7380690574645996,0.6011024713516235,-0.032106999307870865,0.7212473750114441,0.5270403623580933,-0.04991752281785011,0.7102188467979431,0.4832667112350464,-0.06542649120092392,0.7058377265930176,0.45201772451400757,-0.07687998563051224,0.7713854312896729,0.6227161288261414,-0.04309023916721344,0.7757931351661682,0.5523517727851868,-0.06124280020594597,0.7721596956253052,0.5156205892562866,-0.07382478564977646,0.7697576284408569,0.48679035902023315,-0.0829743891954422,0.8047585487365723,0.6606752276420593,-0.05542900040745735,0.827211320400238,0.618493914604187,-0.07403460144996643,0.8416458368301392,0.5874756574630737,-0.08078479021787643,0.8526419401168823,0.55617356300354,-0.08461092412471771,okay
0.020357966423034668,0.6899547576904297,2.9069607876408554e-07,0.03418755531311035,0.6038063764572144,-0.00251859612762928,0.06210414320230484,0.5306465029716492,-0.010589107871055603,0.08589144796133041,0.4860115945339203,-0.018428904935717583,0.1075543612241745,0.4700471758842468,-0.02608169987797737,0.10953617841005325,0.5377064347267151,-0.02265477553009987,0.17269352078437805,0.5128526091575623,-0.031739361584186554,0.21236678957939148,0.5134351253509521,-0.03509436547756195,0.23878364264965057,0.5186157822608948,-0.035681746900081635,0.12490984797477722,0.5978326201438904,-0.02678651548922062,0.1873207688331604,0.5796448588371277,-0.03025534749031067,0.21934720873832703,0.5768623948097229,-0.02838890813291073,0.23839545249938965,0.5768882632255554,-0.02712152898311615,0.13273468613624573,0.6652114987373352,-0.030015267431735992,0.1876899152994156,0.6438144445419312,-0.0312819629907608,0.21616078913211823,0.6371452212333679,-0.02399279549717903,0.2326158583164215,0.6367678642272949,-0.019213469699025154,0.13379667699337006,0.7316744327545166,-0.03292106091976166,0.17851445078849792,0.7177185416221619,-0.02960624359548092,0.19888219237327576,0.7069011330604553,-0.018155576661229134,0.21082744002342224,0.7005724310874939,-0.009090938605368137,yes
0.05905873328447342,0.5952765345573425,4.820779508918349e-07,0.07342597842216492,0.5349270701408386,-0.02476445771753788,0.09743305295705795,0.48154550790786743,-0.04151194170117378,0.10763601958751678,0.4401014745235443,-0.0546133853495121,0.11017473042011261,0.40711095929145813,-0.06838976591825485,0.16634808480739594,0.5047467350959778,-0.03585245460271835,0.22305196523666382,0.5050655603408813,-0.050856880843639374,0.2589339017868042,0.5128838419914246,-0.0629192590713501,0.2860754728317261,0.5218498706817627,-0.07093159854412079,0.17274436354637146,0.5527292490005493,-0.03059188462793827,0.22722959518432617,0.5618295669555664,-0.04227454215288162,0.26021888852119446,0.5723366737365723,-0.051009390503168106,0.28578421473503113,0.5794355273246765,-0.05855800583958626,0.16889484226703644,0.5979450345039368,-0.02673826552927494,0.2162986397743225,0.6092045307159424,-0.03724402189254761,0.24707719683647156,0.618698000907898,-0.0436800979077816,0.26915809512138367,0.6270581483840942,-0.04861310124397278,0.15930679440498352,0.6368396282196045,-0.02427290380001068,0.19632522761821747,0.6490532755851746,-0.0326576828956604,0.21823924779891968,0.657899022102356,-0.03435387462377548,0.23541980981826782,0.6635220050811768,-0.035229697823524475,yes
0.07504570484161377,0.5781184434890747,5.102966156300681e-07,0.08831875026226044,0.5219243764877319,-0.024700671434402466,0.11694884300231934,0.4816880226135254,-0.039736371487379074,0.13421499729156494,0.4601508677005768,-0.05072887986898422,0.144797682762146,0.4439534544944763,-0.06232771277427673,0.1748947650194168,0.5002525448799133,-0.035533808171749115,0.2312372922897339,0.5013967752456665,-0.0505000539124012,0.26646366715431213,0.508863091468811,-0.061957042664289474,0.2920339107513428,0.5169159770011902,-0.06934284418821335,0.1774420291185379,0.5368621349334717,-0.02935049496591091,0.2342901974916458,0.545331597328186,-0.041971657425165176,0.2685435116291046,0.556678295135498,-0.05114111304283142,0.2957266569137573,0.5632889270782471,-0.05851307511329651,0.17168858647346497,0.5705445408821106,-0.024677084758877754,0.22001777589321136,0.5798569917678833,-0.03655782714486122,0.25285860896110535,0.5887694954872131,-0.0447932668030262,0.27826356887817383,0.5954073071479797,-0.05043470486998558,0.16198290884494781,0.6001778244972229,-0.021268339827656746,0.1993493139743805,0.6076892018318176,-0.030940581113100052,0.22274360060691833,0.6157311201095581,-0.03445921465754509,0.24106484651565552,0.6213829517364502,-0.036660972982645035,yes
0.07638465613126755,0.5984542965888977,3.939082944270922e-07,0.09294135868549347,0.5335779190063477,-0.016898157075047493,0.12091933190822601,0.4759751856327057,-0.030030377209186554,0.13588687777519226,0.43192052841186523,-0.04067466780543327,0.13885831832885742,0.39181461930274963,-0.05179441720247269,0.1758090704679489,0.5004048347473145,-0.031101040542125702,0.23516640067100525,0.4985142648220062,-0.043782636523246765,0.2727862298488617,0.5054295063018799,-0.05272572115063667,0.29914000630378723,0.5145253539085388,-0.058350808918476105,0.18362294137477875,0.5502541065216064,-0.029482616111636162,0.23913756012916565,0.5557278394699097,-0.038710348308086395,0.27278071641921997,0.5618115663528442,-0.04414753615856171,0.29629647731781006,0.564325749874115,-0.049220010638237,0.18235856294631958,0.5988346338272095,-0.028630409389734268,0.2321053147315979,0.6082859039306641,-0.03712385147809982,0.26433879137039185,0.6120221614837646,-0.04036533460021019,0.2860659658908844,0.6146771311759949,-0.043363749980926514,0.17663826048374176,0.6427476406097412,-0.028525130823254585,0.2153235524892807,0.6542180776596069,-0.03555493429303169,0.2399192452430725,0.6594012975692749,-0.035547200590372086,0.2582300901412964,0.6609371304512024,-0.035204529762268066,yes
0.0797531008720398,0.5910149812698364,4.4633154061557434e-07,0.09657799452543259,0.5281164050102234,-0.019518611952662468,0.1253661960363388,0.473745197057724,-0.03413109481334686,0.13934168219566345,0.4314790964126587,-0.04562123864889145,0.14315669238567352,0.3931436240673065,-0.0581144280731678,0.17848023772239685,0.49787119030952454,-0.03670700639486313,0.23574496805667877,0.49628564715385437,-0.05198947712779045,0.2725685238838196,0.5037410855293274,-0.06299906969070435,0.2993084192276001,0.512450635433197,-0.0702940970659256,0.18379759788513184,0.5455507040023804,-0.03425823152065277,0.23989059031009674,0.5530852675437927,-0.048211462795734406,0.2742774188518524,0.5628854036331177,-0.057056259363889694,0.2990632653236389,0.5689383149147034,-0.0641692653298378,0.18028151988983154,0.5918197631835938,-0.03234076872467995,0.2295280396938324,0.6014306545257568,-0.04512571543455124,0.26098185777664185,0.6089431047439575,-0.051246121525764465,0.28371337056159973,0.6143147349357605,-0.05562838539481163,0.17281723022460938,0.6333529949188232,-0.03097531758248806,0.21091514825820923,0.6435876488685608,-0.04111132025718689,0.23420356214046478,0.6497551202774048,-0.042992252856492996,0.2523989677429199,0.6521662473678589,-0.04394250363111496,yes
0.07877206802368164,0.5878397822380066,4.593002813635394e-07,0.0955367311835289,0.5285115242004395,-0.023841584101319313,0.12331096827983856,0.47265344858169556,-0.03982863947749138,0.13650216162204742,0.4255419671535492,-0.05213560909032822,0.14131490886211395,0.3839018940925598,-0.06491972506046295,0.18012987077236176,0.49641695618629456,-0.035335689783096313,0.23605214059352875,0.49753668904304504,-0.05081252008676529,0.27225738763809204,0.5046496391296387,-0.06233165040612221,0.2991642355918884,0.5134028196334839,-0.06984379142522812,0.18543793261051178,0.5416536331176758,-0.030525976791977882,0.24094048142433167,0.5521678328514099,-0.043821800500154495,0.2741404175758362,0.5626037120819092,-0.05251158028841019,0.29861214756965637,0.5692610740661621,-0.059633173048496246,0.18197867274284363,0.5851474404335022,-0.027038346976041794,0.23022706806659698,0.596343994140625,-0.03966628760099411,0.2604549825191498,0.605286180973053,-0.044858966022729874,0.2823672592639923,0.612139105796814,-0.0483860969543457,0.17401553690433502,0.6238193511962891,-0.024645773693919182,0.21156252920627594,0.6329157948493958,-0.03403760865330696,0.2341650277376175,0.6399854421615601,-0.03498513996601105,0.2520712614059448,0.6435648798942566,-0.035233620554208755,yes
0.07659891247749329,0.5943077206611633,3.8050293937885726e-07,0.0949913039803505,0.5283071398735046,-0.014529588632285595,0.1262606382369995,0.4755304753780365,-0.022272363305091858,0.1476437747478485,0.44776567816734314,-0.02775084413588047,0.16253109276294708,0.43551045656204224,-0.032980579882860184,0.18244393169879913,0.4956316351890564,-0.016438037157058716,0.24094116687774658,0.49439120292663574,-0.023232722654938698,0.2770708501338959,0.5048577189445496,-0.029566973447799683,0.3009612560272217,0.5166289806365967,-0.033722274005413055,0.1890987902879715,0.5425450801849365,-0.013086289167404175,0.2430664598941803,0.5497807860374451,-0.01646876148879528,0.2763708233833313,0.561168909072876,-0.021313078701496124,0.30063194036483765,0.5691042542457581,-0.0262758806347847,0.1854601949453354,0.5871441960334778,-0.01093245018273592,0.2303527295589447,0.5963500738143921,-0.014849298633635044,0.2620949149131775,0.604703962802887,-0.019531775265932083,0.285420298576355,0.6138211488723755,-0.023838257417082787,0.17694775760173798,0.6275758147239685,-0.00946927722543478,0.2096933126449585,0.6403052806854248,-0.012279931455850601,0.23076258599758148,0.6489587426185608,-0.011960801668465137,0.2469111829996109,0.6550797820091248,-0.011697904206812382,yes
0.0760783851146698,0.5995892882347107,3.932438517040282e-07,0.09259910881519318,0.5335315465927124,-0.017619561403989792,0.12040907144546509,0.4743063151836395,-0.029813401401042938,0.13498720526695251,0.42845579981803894,-0.038974445313215256,0.13965392112731934,0.39105668663978577,-0.04817785695195198,0.17811183631420135,0.5003480315208435,-0.027034705504775047,0.2372923344373703,0.49836114048957825,-0.03639763966202736,0.27382850646972656,0.5055341124534607,-0.043114688247442245,0.299153596162796,0.5140417814254761,-0.04727980121970177,0.18650582432746887,0.5525147914886475,-0.022974155843257904,0.24107705056667328,0.558785080909729,-0.027657028287649155,0.2728458046913147,0.5653320550918579,-0.03089643269777298,0.2946227192878723,0.5675891041755676,-0.0348704494535923,0.1853979229927063,0.6024710536003113,-0.019879242405295372,0.2336146980524063,0.6081546545028687,-0.02397955395281315,0.2637319266796112,0.6121362447738647,-0.025790764018893242,0.2837662100791931,0.6147414445877075,-0.028118601068854332,0.17940406501293182,0.646643877029419,-0.017645183950662613,0.2178085446357727,0.653425931930542,-0.02025880478322506,0.2416851818561554,0.6571414470672607,-0.018703971058130264,0.25961148738861084,0.6569719910621643,-0.017565976828336716,yes
0.0833030417561531,0.5828521251678467,4.79318089219305e-07,0.09866729378700256,0.5233510136604309,-0.019680801779031754,0.12364280223846436,0.46757569909095764,-0.03435537964105606,0.13273406028747559,0.4213968813419342,-0.046237338334321976,0.13291656970977783,0.3811658024787903,-0.058976102620363235,0.18069003522396088,0.4983828663825989,-0.03272102028131485,0.23546989262104034,0.4976468086242676,-0.04561455920338631,0.27110937237739563,0.5046319961547852,-0.05518179014325142,0.2968936860561371,0.5130840539932251,-0.061418719589710236,0.1854037493467331,0.5450339317321777,-0.029934436082839966,0.23807765543460846,0.549242377281189,-0.03993190824985504,0.27057474851608276,0.5576081275939941,-0.046954475343227386,0.29432594776153564,0.5636557340621948,-0.05336327478289604,0.1811443567276001,0.5881602168083191,-0.02795667015016079,0.22776547074317932,0.5946623086929321,-0.037351395934820175,0.25924891233444214,0.6001880168914795,-0.042330507189035416,0.2820219099521637,0.6047241687774658,-0.04666662588715553,0.17306336760520935,0.6267287731170654,-0.02669825591146946,0.20966096222400665,0.6358615756034851,-0.03420768305659294,0.23364125192165375,0.6424238085746765,-0.03474050387740135,0.25237685441970825,0.6452821493148804,-0.035160258412361145,yes
0.0758177861571312,0.5853571891784668,4.440697409791028e-07,0.09258884191513062,0.522885262966156,-0.015662679448723793,0.12104842811822891,0.47293609380722046,-0.027226625010371208,0.13626326620578766,0.4383050501346588,-0.03645344078540802,0.1411290466785431,0.40774106979370117,-0.046296197921037674,0.17733453214168549,0.49989593029022217,-0.025960346683859825,0.2355595827102661,0.4982241690158844,-0.034612514078617096,0.27209657430648804,0.5056738257408142,-0.040704306215047836,0.2978430390357971,0.5137917399406433,-0.044701360166072845,0.1832054853439331,0.5471510291099548,-0.024002207443118095,0.23720312118530273,0.5521490573883057,-0.029188578948378563,0.2685372531414032,0.5597031116485596,-0.032740820199251175,0.2903558909893036,0.5641542077064514,-0.0369684211909771,0.1800907999277115,0.5920531153678894,-0.022960174828767776,0.22814612090587616,0.6012964844703674,-0.027709079906344414,0.2577654719352722,0.6066822409629822,-0.030362745746970177,0.2787335515022278,0.6104814410209656,-0.033677589148283005,0.1729784607887268,0.6331838369369507,-0.022644584998488426,0.2124914675951004,0.644993782043457,-0.026693956926465034,0.23569078743457794,0.6521957516670227,-0.026254236698150635,0.2529972195625305,0.6550164222717285,-0.02617940865457058,yes
0.08207087963819504,0.5973074436187744,4.309078462938487e-07,0.09224440157413483,0.5336545705795288,-0.019321955740451813,0.11367000639438629,0.4718548357486725,-0.03351529315114021,0.11969238519668579,0.42574214935302734,-0.04475364834070206,0.12053662538528442,0.38722050189971924,-0.05661717429757118,0.16840772330760956,0.49853774905204773,-0.035900287330150604,0.22714847326278687,0.49888351559638977,-0.050493575632572174,0.2648645341396332,0.5046942234039307,-0.06009767949581146,0.29169702529907227,0.5117130279541016,-0.0660814419388771,0.174305260181427,0.5441197156906128,-0.033393494784832,0.23001375794410706,0.5516968369483948,-0.045814745128154755,0.26464787125587463,0.5592687726020813,-0.052104730159044266,0.2898189127445221,0.5630738139152527,-0.057430464774370193,0.17238497734069824,0.5888142585754395,-0.0315856970846653,0.22161895036697388,0.5956025123596191,-0.0430789440870285,0.2569654881954193,0.5990342497825623,-0.04705986753106117,0.2827703356742859,0.6021971702575684,-0.0498056598007679,0.16627813875675201,0.6275885701179504,-0.030476704239845276,0.20541107654571533,0.6351653337478638,-0.039466895163059235,0.23307709395885468,0.6386398077011108,-0.04005490615963936,0.2558252811431885,0.6399902105331421,-0.03994661569595337,yes
0.04694712162017822,0.6368098258972168,-3.5278270615890506e-07,0.06352324783802032,0.5569642782211304,-0.01651732809841633,0.09496266394853592,0.4661900997161865,-0.03717014566063881,0.10515965521335602,0.3938296437263489,-0.056035928428173065,0.09557922929525375,0.3304266631603241,-0.0712205246090889,0.13017217814922333,0.4863876700401306,-0.049748074263334274,0.22486631572246552,0.4934578537940979,-0.07654751092195511,0.19884435832500458,0.5123953819274902,-0.0883069783449173,0.16289392113685608,0.5108036398887634,-0.09282048046588898,0.13754895329475403,0.5419965982437134,-0.05366671085357666,0.22504372894763947,0.5485876798629761,-0.06970316171646118,0.1993218958377838,0.5589578151702881,-0.06832422316074371,0.1632404923439026,0.554192066192627,-0.06898439675569534,0.14414891600608826,0.5983067154884338,-0.05800150707364082,0.21926404535770416,0.5963911414146423,-0.06421607732772827,0.1980106383562088,0.6034339070320129,-0.04851354658603668,0.16543832421302795,0.6025949120521545,-0.04086696729063988,0.1490635871887207,0.6477447152137756,-0.06397267431020737,0.20561665296554565,0.6360170841217041,-0.061490245163440704,0.18818244338035583,0.64136803150177,-0.045122139155864716,0.1631980836391449,0.6422630548477173,-0.035762082785367966,yes
0.047837719321250916,0.6373633146286011,-3.659219203200337e-07,0.06467904150485992,0.5579360127449036,-0.015114295296370983,0.09480056911706924,0.46843165159225464,-0.03523693606257439,0.10466784983873367,0.39662712812423706,-0.053919851779937744,0.0946255475282669,0.33412158489227295,-0.06899720430374146,0.13136500120162964,0.48688632249832153,-0.047517161816358566,0.2253880649805069,0.4921017587184906,-0.07424619793891907,0.19940151274204254,0.5113438963890076,-0.08643551170825958,0.16345977783203125,0.510216236114502,-0.09117003530263901,0.13930228352546692,0.5417565703392029,-0.051987435668706894,0.22566482424736023,0.5464828610420227,-0.06808359175920486,0.20021560788154602,0.5568230152130127,-0.06716930866241455,0.16438134014606476,0.5527474880218506,-0.06798793375492096,0.14646406471729279,0.5973869562149048,-0.056839827448129654,0.22022797167301178,0.5942241549491882,-0.0628640353679657,0.19903284311294556,0.6013547778129578,-0.0474548302590847,0.1667032390832901,0.6010810732841492,-0.039916399866342545,0.15193535387516022,0.6465361714363098,-0.06326743960380554,0.2069268375635147,0.6343282461166382,-0.06045515090227127,0.18951493501663208,0.6397637724876404,-0.044126637279987335,0.16518835723400116,0.6408380270004272,-0.03470640629529953,yes
0.07322034239768982,0.5978237390518188,-2.4035608703343314e-07,0.09092126786708832,0.5166901350021362,-0.009807216003537178,0.12875521183013916,0.4229932725429535,-0.028560372069478035,0.13670434057712555,0.3461487889289856,-0.04641737788915634,0.1316206455230713,0.28018197417259216,-0.06166752055287361,0.16921807825565338,0.43886247277259827,-0.04827501252293587,0.2656511068344116,0.4559670388698578,-0.07387570291757584,0.24215447902679443,0.4707448184490204,-0.08342279493808746,0.20567944645881653,0.4686086177825928,-0.08580620586872101,0.1726388931274414,0.49777573347091675,-0.05560336261987686,0.2662632465362549,0.5010300874710083,-0.07107178866863251,0.2379654049873352,0.5115735530853271,-0.06584858149290085,0.200229674577713,0.5125129818916321,-0.06151530519127846,0.17301301658153534,0.5604197978973389,-0.06259199976921082,0.25662627816200256,0.5567326545715332,-0.06951474398374557,0.22915524244308472,0.5645357966423035,-0.051051896065473557,0.19475103914737701,0.5672814249992371,-0.03978784382343292,0.17115932703018188,0.6207484602928162,-0.07015251368284225,0.23168864846229553,0.6086912155151367,-0.07015220075845718,0.20632119476795197,0.6110405921936035,-0.05232268571853638,0.1765761822462082,0.6119928359985352,-0.040141619741916656,yes
0.10391753166913986,0.6045811176300049,-2.2192499216089345e-07,0.12335129082202911,0.5205085277557373,-0.008990227244794369,0.15631385147571564,0.4313317537307739,-0.02873677760362625,0.16330887377262115,0.3592584431171417,-0.04773884639143944,0.15975838899612427,0.296109676361084,-0.0643254965543747,0.20417918264865875,0.46466031670570374,-0.04650869965553284,0.2951786518096924,0.4808022081851959,-0.0708545669913292,0.27303656935691833,0.49021413922309875,-0.0808311253786087,0.23790499567985535,0.4893207848072052,-0.08371306210756302,0.20743826031684875,0.5246118903160095,-0.0532107949256897,0.2932398319244385,0.5238281488418579,-0.0670640617609024,0.26724785566329956,0.5296674370765686,-0.06278114765882492,0.23063305020332336,0.5313792824745178,-0.059850893914699554,0.20614558458328247,0.5835054516792297,-0.05935639515519142,0.2823673188686371,0.5732503533363342,-0.06432279199361801,0.25719302892684937,0.5785694122314453,-0.04638843983411789,0.22376085817813873,0.5819776058197021,-0.036355726420879364,0.2017737179994583,0.636421799659729,-0.06594543159008026,0.25509172677993774,0.6191444993019104,-0.06463171541690826,0.23187388479709625,0.6203020811080933,-0.0465422198176384,0.205300971865654,0.6236201524734497,-0.034582752734422684,yes
0.1038680374622345,0.6044763326644897,-2.3935911031003343e-07,0.12354502081871033,0.5206099152565002,-0.008873749524354935,0.15671458840370178,0.43109381198883057,-0.028408333659172058,0.16343727707862854,0.3590875566005707,-0.047266289591789246,0.15965725481510162,0.2961548864841461,-0.06359480321407318,0.20424240827560425,0.4643484055995941,-0.04600149393081665,0.2948942184448242,0.4795687794685364,-0.07029440999031067,0.2711014747619629,0.4898691177368164,-0.08030709624290466,0.23528960347175598,0.489046573638916,-0.08334256708621979,0.2075968086719513,0.5238398909568787,-0.05297339707612991,0.29337695240974426,0.5235533714294434,-0.06659259647130966,0.26646143198013306,0.5296995639801025,-0.06225571408867836,0.22964879870414734,0.5313402414321899,-0.059469837695360184,0.206201434135437,0.5825203061103821,-0.059471771121025085,0.28226685523986816,0.5730569958686829,-0.06419077515602112,0.25665178894996643,0.578565239906311,-0.0461784265935421,0.22319558262825012,0.582087516784668,-0.03627657890319824,0.201543390750885,0.6356014609336853,-0.06647352874279022,0.2550323009490967,0.6191047430038452,-0.06490573287010193,0.23158857226371765,0.6199976205825806,-0.04683161899447441,0.20490507781505585,0.6230838894844055,-0.03507715091109276,yes
0.11359347403049469,0.6206424236297607,-2.2837934920971747e-07,0.1319815218448639,0.5364217758178711,-0.010952451266348362,0.16587041318416595,0.44526854157447815,-0.02982562780380249,0.17429867386817932,0.37206053733825684,-0.04774266108870506,0.16962002217769623,0.3094141483306885,-0.06256908178329468,0.2179838865995407,0.4721950888633728,-0.04355918616056442,0.3085293173789978,0.48890769481658936,-0.0670488029718399,0.2848091721534729,0.49857786297798157,-0.07649479061365128,0.25029268860816956,0.49766799807548523,-0.07956351339817047,0.22125878930091858,0.5325562953948975,-0.04984553903341293,0.30781158804893494,0.5346415042877197,-0.06343607604503632,0.27985879778862,0.5388374328613281,-0.05908912420272827,0.24427953362464905,0.5389357805252075,-0.05619907006621361,0.21999342739582062,0.5931617617607117,-0.05618726462125778,0.2987043857574463,0.5848364233970642,-0.06265062838792801,0.2718556821346283,0.5884523391723633,-0.04564058780670166,0.23851987719535828,0.5918563008308411,-0.035676583647727966,0.21545231342315674,0.6490835547447205,-0.06327938288450241,0.26941362023353577,0.6342053413391113,-0.064002126455307,0.2459484189748764,0.6328616142272949,-0.04797689616680145,0.21967962384223938,0.6351065039634705,-0.037048861384391785,yes
0.11298897117376328,0.6209762692451477,-2.365112123925428e-07,0.13220039010047913,0.5366174578666687,-0.011232187040150166,0.1660408228635788,0.44535914063453674,-0.030282074585556984,0.17429867386817932,0.37200188636779785,-0.048350248485803604,0.16948089003562927,0.30892646312713623,-0.06325303018093109,0.21783222258090973,0.472777783870697,-0.044046785682439804,0.3087347149848938,0.4888141453266144,-0.06807555258274078,0.28435248136520386,0.49782443046569824,-0.07781362533569336,0.24937905371189117,0.49694088101387024,-0.0810215026140213,0.22116366028785706,0.533427357673645,-0.05022887885570526,0.30802714824676514,0.5348025560379028,-0.06407560408115387,0.2795298993587494,0.5383740067481995,-0.05965843051671982,0.24418804049491882,0.5387863516807556,-0.05677883327007294,0.21979252994060516,0.5940190553665161,-0.05653578042984009,0.29886215925216675,0.5853821039199829,-0.0632641464471817,0.27136683464050293,0.5882276892662048,-0.04601059481501579,0.2381170690059662,0.5918352007865906,-0.03591379150748253,0.21500223875045776,0.6496637463569641,-0.06362942606210709,0.2687709331512451,0.6348217725753784,-0.06451065093278885,0.2446703314781189,0.6326266527175903,-0.048442818224430084,0.21844996511936188,0.6346419453620911,-0.03752044215798378,yes
0.11352596431970596,0.6211493611335754,-2.260318012758944e-07,0.13237637281417847,0.5365597009658813,-0.011327546089887619,0.16636651754379272,0.44517168402671814,-0.030351508408784866,0.17463083565235138,0.3717229962348938,-0.04834381118416786,0.1696467399597168,0.30893808603286743,-0.06322856992483139,0.2182258665561676,0.4723934531211853,-0.04402889683842659,0.3087877035140991,0.4890355169773102,-0.06774073839187622,0.28500309586524963,0.4981763958930969,-0.07731848955154419,0.25043708086013794,0.4971221089363098,-0.0804680660367012,0.22130052745342255,0.5330141186714172,-0.05013101175427437,0.30820053815841675,0.5348255634307861,-0.06397392600774765,0.2802940607070923,0.5382099151611328,-0.059798985719680786,0.24480172991752625,0.5382176041603088,-0.05700163170695305,0.21977491676807404,0.5937489867210388,-0.05629437044262886,0.29856017231941223,0.5851005911827087,-0.06296060234308243,0.2716822326183319,0.588025689125061,-0.04605305939912796,0.2384823113679886,0.5915026068687439,-0.036101751029491425,0.2149467170238495,0.6496188640594482,-0.06322493404150009,0.26872938871383667,0.6343642473220825,-0.06394179165363312,0.24532467126846313,0.6324636340141296,-0.047951728105545044,0.21926017105579376,0.6348199844360352,-0.037048403173685074,yes
0.11509332805871964,0.621819257736206,-2.414536766082165e-07,0.13612958788871765,0.5393708944320679,-0.013235541060566902,0.17338067293167114,0.4489470422267914,-0.03187953680753708,0.1820630431175232,0.3764738440513611,-0.049269404262304306,0.17897383868694305,0.3151189684867859,-0.06350824981927872,0.22504520416259766,0.47879576683044434,-0.043460097163915634,0.3185432553291321,0.4999740719795227,-0.06880302727222443,0.29135024547576904,0.5081103444099426,-0.07999692112207413,0.2542266547679901,0.5057189464569092,-0.08408945798873901,0.22559672594070435,0.5388966798782349,-0.048307452350854874,0.31308630108833313,0.5465009212493896,-0.06424397230148315,0.2819511890411377,0.5472298860549927,-0.06177902966737747,0.24749723076820374,0.5458372235298157,-0.059874825179576874,0.22216996550559998,0.5986364483833313,-0.053494520485401154,0.2998664379119873,0.5947906374931335,-0.061552781611680984,0.2716142535209656,0.5931956171989441,-0.045382265001535416,0.23975686728954315,0.5954664945602417,-0.03541934862732887,0.2165815383195877,0.6535751819610596,-0.05964166671037674,0.27180618047714233,0.6386207342147827,-0.05989401414990425,0.2474980652332306,0.6356835961341858,-0.043588876724243164,0.22257062792778015,0.6402897834777832,-0.03243030607700348,yes
0.1106158122420311,0.6316655278205872,-2.6320535084778385e-07,0.13392089307308197,0.5476222634315491,-0.01075268629938364,0.17187471687793732,0.45880088210105896,-0.028471454977989197,0.1806950569152832,0.3870164155960083,-0.045423511415719986,0.17637217044830322,0.3254829943180084,-0.05944455415010452,0.22116172313690186,0.48664331436157227,-0.040916603058576584,0.3103504478931427,0.5063053965568542,-0.06441584974527359,0.2834153473377228,0.5169937610626221,-0.07487164437770844,0.24783334136009216,0.5157299041748047,-0.07893265783786774,0.22237317264080048,0.547309160232544,-0.04681088775396347,0.3071916699409485,0.5541446805000305,-0.06056215614080429,0.27777743339538574,0.5569384098052979,-0.05786065012216568,0.24368411302566528,0.5560436248779297,-0.0564778633415699,0.21965542435646057,0.6081088185310364,-0.052712272852659225,0.2960636019706726,0.6037244200706482,-0.05882948637008667,0.269257128238678,0.603495717048645,-0.042555805295705795,0.2378469705581665,0.6061549186706543,-0.03322469815611839,0.21430781483650208,0.6634749174118042,-0.059364259243011475,0.26689469814300537,0.6475419402122498,-0.0579848438501358,0.24370217323303223,0.6448675394058228,-0.041292112320661545,0.22011961042881012,0.6491172313690186,-0.03033580258488655,yes
0.11095557361841202,0.6311094164848328,-2.639287401962065e-07,0.1340102255344391,0.5474538207054138,-0.011004222556948662,0.171797513961792,0.4588640034198761,-0.028890879824757576,0.18069012463092804,0.38731175661087036,-0.04599582031369209,0.1766049563884735,0.3258724510669708,-0.060131851583719254,0.2212110459804535,0.4867710471153259,-0.0412086620926857,0.31034818291664124,0.5061978697776794,-0.06503310799598694,0.2832220792770386,0.5169616937637329,-0.07574322819709778,0.24745260179042816,0.5156810879707336,-0.07994882762432098,0.2224246859550476,0.5474452972412109,-0.047119516879320145,0.3071939945220947,0.5541236996650696,-0.061181340366601944,0.277578204870224,0.5570316910743713,-0.058590054512023926,0.24334675073623657,0.5561153292655945,-0.05723844841122627,0.21969738602638245,0.6081413626670837,-0.053101737052202225,0.29603904485702515,0.6038545966148376,-0.059476226568222046,0.2690674066543579,0.6036891937255859,-0.04321390017867088,0.2375470995903015,0.6062691807746887,-0.033846013247966766,0.21432390809059143,0.6634457111358643,-0.05987880751490593,0.2670448422431946,0.6477833986282349,-0.0588080957531929,0.24373722076416016,0.6450396180152893,-0.04223082214593887,0.21993371844291687,0.6490771770477295,-0.03130752220749855,yes
0.11091718822717667,0.6313828229904175,-2.6290274490747834e-07,0.13398829102516174,0.5475744605064392,-0.010950819589197636,0.17179036140441895,0.4588606357574463,-0.02881261333823204,0.18066895008087158,0.3872469365596771,-0.04588467255234718,0.17652803659439087,0.325787752866745,-0.059990111738443375,0.22114156186580658,0.48673054575920105,-0.04124373942613602,0.31045007705688477,0.5062280297279358,-0.06499622762203217,0.28337448835372925,0.5170020461082458,-0.07562649250030518,0.24762149155139923,0.5157482624053955,-0.0797780305147171,0.22235776484012604,0.5474238395690918,-0.04715513810515404,0.3072831928730011,0.5541355609893799,-0.061162665486335754,0.27770403027534485,0.557015061378479,-0.05851723998785019,0.24340052902698517,0.5560761094093323,-0.05712839588522911,0.21965289115905762,0.608153760433197,-0.0531156063079834,0.29612094163894653,0.6038086414337158,-0.05943221598863602,0.2691453993320465,0.6036516427993774,-0.0431177094578743,0.2375510185956955,0.6062448620796204,-0.033721115440130234,0.21429763734340668,0.6634999513626099,-0.05986182019114494,0.26698023080825806,0.647748589515686,-0.05873208865523338,0.24364936351776123,0.645043671131134,-0.042100489139556885,0.21981295943260193,0.6491165161132812,-0.03114444762468338,yes
0.10912501066923141,0.6370052099227905,-2.5410412263227045e-07,0.12657508254051208,0.5552657842636108,-0.013127077370882034,0.16354718804359436,0.46691495180130005,-0.030932605266571045,0.17370256781578064,0.3969179391860962,-0.047430332750082016,0.17113631963729858,0.33589476346969604,-0.06075505167245865,0.21439793705940247,0.4916905462741852,-0.0423770435154438,0.3045382499694824,0.5124680399894714,-0.0661843791604042,0.27725234627723694,0.5250135064125061,-0.076873779296875,0.24080397188663483,0.5225362181663513,-0.08126388490200043,0.21603335440158844,0.5501102209091187,-0.047203317284584045,0.30001935362815857,0.561785876750946,-0.06125986576080322,0.2683543264865875,0.5677904486656189,-0.05805513262748718,0.23511846363544464,0.5650715827941895,-0.056473929435014725,0.2137557417154312,0.6098971962928772,-0.052380338311195374,0.2881312072277069,0.6122446060180664,-0.059036727994680405,0.2602989673614502,0.6137852668762207,-0.04270123317837715,0.22978776693344116,0.6144269704818726,-0.03344498202204704,0.2092033177614212,0.6656672954559326,-0.05861801281571388,0.26413673162460327,0.6552695631980896,-0.05802266299724579,0.23996879160404205,0.6536062359809875,-0.0416487380862236,0.21528546512126923,0.6565442681312561,-0.030941549688577652,yes
0.10865992307662964,0.6372888088226318,-2.5781892531995254e-07,0.12646593153476715,0.5554153919219971,-0.012875283136963844,0.16386866569519043,0.46695584058761597,-0.030359219759702682,0.17421361804008484,0.39689701795578003,-0.046609919518232346,0.17145778238773346,0.33590468764305115,-0.0596817210316658,0.21455015242099762,0.4915834665298462,-0.04150879383087158,0.3041558861732483,0.5123823881149292,-0.06497429311275482,0.2767481207847595,0.5251401662826538,-0.075530044734478,0.24059678614139557,0.5224137306213379,-0.07991310954093933,0.21625815331935883,0.5500133633613586,-0.04642016813158989,0.29985153675079346,0.5614043474197388,-0.06023341417312622,0.2685721516609192,0.5673331022262573,-0.05717753246426582,0.23582710325717926,0.5645140409469604,-0.05575021356344223,0.2139836847782135,0.609894335269928,-0.05166662111878395,0.2882607579231262,0.6121077537536621,-0.05824806168675423,0.2606290578842163,0.6135041117668152,-0.04214460775256157,0.23040318489074707,0.6140912175178528,-0.033038243651390076,0.20943136513233185,0.6657813191413879,-0.05794687569141388,0.2641841769218445,0.6553096771240234,-0.05724921077489853,0.2401871234178543,0.653501570224762,-0.04102117195725441,0.21583004295825958,0.6564017534255981,-0.030443618074059486,yes
0.10788984596729279,0.6412879228591919,-2.442707227601204e-07,0.12770843505859375,0.5620222091674805,-0.012531120330095291,0.16465705633163452,0.47586557269096375,-0.031223690137267113,0.17335541546344757,0.40613675117492676,-0.048825621604919434,0.16926735639572144,0.3447793126106262,-0.06356151401996613,0.21150581538677216,0.5069775581359863,-0.04585282504558563,0.30160048604011536,0.5222571492195129,-0.07063352316617966,0.2746346592903137,0.530505895614624,-0.0813567191362381,0.23848344385623932,0.5283530950546265,-0.08529295772314072,0.21291141211986542,0.565190315246582,-0.051053520292043686,0.29774338006973267,0.5692152976989746,-0.06634378433227539,0.2675887942314148,0.5707587599754333,-0.06331636011600494,0.23395416140556335,0.5696054100990295,-0.0614810548722744,0.21033048629760742,0.6230952739715576,-0.05625341832637787,0.286541223526001,0.616317868232727,-0.06319911032915115,0.2595973610877991,0.6156595945358276,-0.04608098790049553,0.22885291278362274,0.6185218095779419,-0.03602471202611923,0.20573528110980988,0.6753979921340942,-0.06236984580755234,0.26147890090942383,0.6596053838729858,-0.0613362155854702,0.2393295019865036,0.6557181477546692,-0.044143907725811005,0.21495193243026733,0.6596055030822754,-0.0328826978802681,yes
0.10830697417259216,0.6418246626853943,-2.44443839392261e-07,0.1277236044406891,0.562195897102356,-0.012369695119559765,0.16461408138275146,0.4760410189628601,-0.031012730672955513,0.17340365052223206,0.40661585330963135,-0.048598576337099075,0.1694309413433075,0.34543555974960327,-0.06330913305282593,0.2117684781551361,0.5067395567893982,-0.04576525464653969,0.30156219005584717,0.5225552320480347,-0.0703248679637909,0.27403101325035095,0.5313336253166199,-0.08096429705619812,0.23765823245048523,0.5291237235069275,-0.0849253386259079,0.21317394077777863,0.565030038356781,-0.051065877079963684,0.29757827520370483,0.5693652629852295,-0.06597930938005447,0.26739680767059326,0.5713096261024475,-0.06281010806560516,0.2337232381105423,0.5697333812713623,-0.06104818731546402,0.21056507527828217,0.6231071949005127,-0.05635302886366844,0.28597739338874817,0.6164005994796753,-0.06295983493328094,0.25900202989578247,0.6165414452552795,-0.04566454514861107,0.22818517684936523,0.6193302273750305,-0.03567361459136009,0.20592834055423737,0.6755768656730652,-0.06257186084985733,0.2614365518093109,0.6599715352058411,-0.06143340840935707,0.23922684788703918,0.6563065052032471,-0.04416579753160477,0.2146795243024826,0.6599100828170776,-0.032944172620773315,yes
0.10869111865758896,0.6422819495201111,-2.39480982600071e-07,0.12759017944335938,0.5625423789024353,-0.012620681896805763,0.16440843045711517,0.4761102795600891,-0.03141731396317482,0.1732652485370636,0.4064334034919739,-0.04908854141831398,0.16930493712425232,0.3450244665145874,-0.06387083977460861,0.2116461992263794,0.5068253874778748,-0.04609544202685356,0.3015773892402649,0.522760272026062,-0.0707242414355278,0.27429962158203125,0.5313345193862915,-0.08137507736682892,0.23793435096740723,0.5289955139160156,-0.08534494787454605,0.21297135949134827,0.5650269389152527,-0.05131729319691658,0.2977116107940674,0.5693420171737671,-0.06652752310037613,0.2676258683204651,0.571208119392395,-0.06345505267381668,0.23372434079647064,0.5693905353546143,-0.06165590509772301,0.21033057570457458,0.6230523586273193,-0.05653378367424011,0.28621459007263184,0.6162334680557251,-0.06335962563753128,0.2593134045600891,0.6164261698722839,-0.04613511636853218,0.22827865183353424,0.6189395189285278,-0.036114394664764404,0.2055966556072235,0.6755164265632629,-0.0626932755112648,0.2611268162727356,0.6598876714706421,-0.06175922229886055,0.2390596717596054,0.6562891006469727,-0.0446210540831089,0.2144404947757721,0.6596914529800415,-0.0334441140294075,yes
0.10896500945091248,0.644644021987915,-2.4768286266407813e-07,0.12733718752861023,0.5638673901557922,-0.012629566714167595,0.16280308365821838,0.47981497645378113,-0.031232023611664772,0.17395064234733582,0.41094815731048584,-0.04830322787165642,0.17203769087791443,0.35046276450157166,-0.06241229176521301,0.2146667093038559,0.5079424381256104,-0.045449066907167435,0.3005932569503784,0.525715172290802,-0.0685855969786644,0.274173766374588,0.5350221395492554,-0.07785720378160477,0.2394142895936966,0.532874584197998,-0.08127205073833466,0.21624745428562164,0.5668784379959106,-0.05013975501060486,0.29724231362342834,0.5726437568664551,-0.06406358629465103,0.2671556770801544,0.5756749510765076,-0.059901487082242966,0.23560041189193726,0.5742950439453125,-0.057661022990942,0.21337246894836426,0.6253431439399719,-0.05468135327100754,0.28627753257751465,0.6214306354522705,-0.06160794571042061,0.25959035754203796,0.6207494139671326,-0.0444587767124176,0.23064590990543365,0.6227498650550842,-0.03441683575510979,0.20839764177799225,0.6789056062698364,-0.059991296380758286,0.2617632746696472,0.6631242632865906,-0.05920957028865814,0.23924633860588074,0.6592846512794495,-0.04205136373639107,0.2162649780511856,0.6633656620979309,-0.0306196641176939,yes
0.10850611329078674,0.6436277031898499,-2.496712454558292e-07,0.12719765305519104,0.5633057951927185,-0.012587876990437508,0.16280315816402435,0.47965511679649353,-0.03126954659819603,0.1739853471517563,0.4110167622566223,-0.04848308861255646,0.17223788797855377,0.3504493236541748,-0.06276649236679077,0.21494151651859283,0.5080536603927612,-0.045316245406866074,0.3004899024963379,0.5259851217269897,-0.06861656904220581,0.2740570306777954,0.5352200865745544,-0.07812470942735672,0.23926225304603577,0.5329837799072266,-0.08170114457607269,0.21637000143527985,0.5670165419578552,-0.05017492547631264,0.29707613587379456,0.5729745626449585,-0.06426583975553513,0.26705455780029297,0.5759674906730652,-0.06030198186635971,0.23539094626903534,0.5744315385818481,-0.05819528549909592,0.21328802406787872,0.6254772543907166,-0.05490271747112274,0.2860214412212372,0.6214559078216553,-0.061982497572898865,0.2594521939754486,0.6209277510643005,-0.04486792907118797,0.23042860627174377,0.6228823661804199,-0.03483327105641365,0.20805199444293976,0.6789750456809998,-0.06040233373641968,0.2614579200744629,0.6630860567092896,-0.05971650406718254,0.23904038965702057,0.6592981219291687,-0.04250633344054222,0.2159428596496582,0.663304328918457,-0.031026773154735565,yes
0.11390095204114914,0.6441944241523743,-2.2556214673841168e-07,0.13043053448200226,0.5644292235374451,-0.013109876774251461,0.16455750167369843,0.4816254675388336,-0.0320834182202816,0.1757214218378067,0.4136975407600403,-0.049283575266599655,0.1739073246717453,0.353847473859787,-0.06352834403514862,0.2167503833770752,0.5053806900978088,-0.04608979821205139,0.301652193069458,0.5265843272209167,-0.06943850964307785,0.2754075527191162,0.5348476767539978,-0.0787527784705162,0.24086859822273254,0.5322679877281189,-0.08218688517808914,0.21899059414863586,0.5638033151626587,-0.05083981156349182,0.2986416518688202,0.571290910243988,-0.06570897996425629,0.2687202990055084,0.5741771459579468,-0.06178000196814537,0.23660524189472198,0.5739400386810303,-0.05913536250591278,0.21631915867328644,0.6220281720161438,-0.05552297085523605,0.2876192331314087,0.619842529296875,-0.06334474682807922,0.26075008511543274,0.6199367046356201,-0.04672500118613243,0.23110227286815643,0.62249755859375,-0.0367092601954937,0.2112889289855957,0.6758791208267212,-0.06101548671722412,0.26131436228752136,0.6630337834358215,-0.0613795630633831,0.23804904520511627,0.6603657603263855,-0.045082878321409225,0.21513833105564117,0.664487361907959,-0.0339677557349205,yes
0.1147092655301094,0.6411963105201721,-2.539028969295032e-07,0.13372474908828735,0.5605180859565735,-0.012194997631013393,0.1679753065109253,0.47667139768600464,-0.030269214883446693,0.17807185649871826,0.408214807510376,-0.047116752713918686,0.17541418969631195,0.3485400378704071,-0.060994621366262436,0.2183554470539093,0.5023055672645569,-0.04268910363316536,0.3032364547252655,0.520108699798584,-0.06601502001285553,0.27775442600250244,0.5325238704681396,-0.07604888826608658,0.24382203817367554,0.5311465263366699,-0.08001153916120529,0.21996916830539703,0.5596219301223755,-0.04741585627198219,0.29939210414886475,0.5688109993934631,-0.061507172882556915,0.2709137201309204,0.5742236971855164,-0.058319780975580215,0.24051479995250702,0.5718747973442078,-0.05686108395457268,0.2175716608762741,0.6176303625106812,-0.05217401310801506,0.2883821725845337,0.6178609132766724,-0.05924656242132187,0.26325929164886475,0.6182773113250732,-0.04336898773908615,0.23528791964054108,0.6186466813087463,-0.03424753248691559,0.21326346695423126,0.6711201071739197,-0.05769861117005348,0.2646295428276062,0.6579022407531738,-0.05653880909085274,0.24255064129829407,0.6551008224487305,-0.04008951783180237,0.2205585390329361,0.6577011346817017,-0.029343176633119583,yes
0.11459705978631973,0.6412656307220459,-2.567708747847064e-07,0.1338551640510559,0.5607945322990417,-0.011962516233325005,0.16789518296718597,0.476785808801651,-0.029996149241924286,0.17784424126148224,0.4083571434020996,-0.046848881989717484,0.17508113384246826,0.3489658832550049,-0.06066898629069328,0.21831803023815155,0.5022944808006287,-0.0425734780728817,0.30328983068466187,0.5206341743469238,-0.06595110893249512,0.2775748372077942,0.5330720543861389,-0.07590825110673904,0.24375872313976288,0.5314815640449524,-0.07981761544942856,0.21987156569957733,0.5592904686927795,-0.047467660158872604,0.29942965507507324,0.5695381164550781,-0.06149959936738014,0.2708701193332672,0.5747270584106445,-0.05809108912944794,0.24054208397865295,0.572005569934845,-0.0565190427005291,0.21744264662265778,0.6172991991043091,-0.05240770801901817,0.28837257623672485,0.6184565424919128,-0.05939149111509323,0.2632945775985718,0.6189655661582947,-0.04339025169610977,0.23532386124134064,0.6191929578781128,-0.03422375023365021,0.21305611729621887,0.6710052490234375,-0.05811833217740059,0.264511376619339,0.6589110493659973,-0.056981734931468964,0.24244478344917297,0.6562725305557251,-0.04056079313158989,0.22049957513809204,0.6584902405738831,-0.029833193868398666,yes
0.11392644792795181,0.6415425539016724,-2.5951300131055177e-07,0.1338326334953308,0.561149001121521,-0.01213537435978651,0.16825233399868011,0.47677409648895264,-0.030118051916360855,0.1780139058828354,0.40826839208602905,-0.04688165709376335,0.17468701303005219,0.34889867901802063,-0.06061023101210594,0.21911188960075378,0.5025999546051025,-0.0428011491894722,0.3045657277107239,0.5205283761024475,-0.0660199373960495,0.278170645236969,0.5329968333244324,-0.07594163715839386,0.24417448043823242,0.5312877893447876,-0.07988027483224869,0.2204788327217102,0.559834361076355,-0.047515351325273514,0.30036094784736633,0.5702454447746277,-0.06136747822165489,0.2713693082332611,0.5744843482971191,-0.057975880801677704,0.24110911786556244,0.5714159607887268,-0.05650054290890694,0.2176002711057663,0.617890477180481,-0.052234500646591187,0.28790318965911865,0.6193413734436035,-0.058818258345127106,0.2627244293689728,0.6187816858291626,-0.04285980015993118,0.23514938354492188,0.6188904643058777,-0.03386678546667099,0.2129487842321396,0.671322226524353,-0.05774286389350891,0.26403507590293884,0.6591149568557739,-0.05609637126326561,0.24191103875637054,0.6556127667427063,-0.03948250040411949,0.22040604054927826,0.6578249931335449,-0.028739677742123604,yes
0.11446807533502579,0.6414275169372559,-2.599129516056564e-07,0.1336783468723297,0.5610628128051758,-0.01236945390701294,0.16802382469177246,0.47687259316444397,-0.030436964705586433,0.177894726395607,0.40847247838974,-0.04726436361670494,0.17477181553840637,0.34901756048202515,-0.06103440746665001,0.21866582334041595,0.5031594038009644,-0.043188124895095825,0.3046668469905853,0.5206830501556396,-0.06656613945960999,0.2784132659435272,0.5332903861999512,-0.07643305510282516,0.2443147599697113,0.5315909385681152,-0.08028563857078552,0.2200331836938858,0.560213029384613,-0.047793857753276825,0.29988306760787964,0.5700236558914185,-0.061807889491319656,0.27081215381622314,0.5748066306114197,-0.05833116173744202,0.24051232635974884,0.5718508958816528,-0.05678648129105568,0.21727493405342102,0.6180750727653503,-0.0524354912340641,0.28787961602211,0.6188411712646484,-0.059271231293678284,0.2625705897808075,0.6187645792961121,-0.04319625347852707,0.23475489020347595,0.618943452835083,-0.03408234193921089,0.21271759271621704,0.6714162230491638,-0.05788307636976242,0.2642279863357544,0.6589193940162659,-0.05657697096467018,0.24206537008285522,0.6558033227920532,-0.04006033390760422,0.220231831073761,0.6580963134765625,-0.029343528673052788,yes
